{
  "Type": 1,
  "TextureSize": 32,
  "Name": "Salvage+",
  "Version": "1.0.1",
  "NetworkVersion": null,
  "Description": "Salvage stuff with a hammer and chisel: tool heads, tools, saws, and more! Steel bit melting point changed to 1499 °C for use in the bloomery: 20 steel bits and a piece of coal make an ingot.",
  "Website": "",
  "ModID": "dzsalvageplus",
  "Authors": [
    "DonZekane"
  ],
  "Contributors": [ "ZyRail", "ArbyTheSeadragon" ],
  "Side": "Universal",
  "RequiredOnClient": true,
  "RequiredOnServer": true,
  "Dependencies": {}
}