[
    {
        "op": "add",
        "path": "/behaviors/-",
        "file": "blocktypes/barrel.json",
        "value": {
            "name": "Carryable",
            "properties": {
                "translation": [-0.0625, 0, 0],
                "slots": { "Hands": {}, "Back": {} }
            }
        },
        "dependsOn": [{ "modid": "carrycapacity" }],
        "side": "server"
    },
    {
        "op": "add",
        "path": "/behaviors/-",
        "file": "blocktypes/barrel.json",
        "value": {
            "name": "Carryable",
            "properties": {
                "translation": [-0.0625, 0, 0],
                "slots": { "Hands": {}, "Back": {} }
            }
        },
        "dependsOn": [{ "modid": "carryon" }],
        "side": "server"
    }
]
