[
  {
    "code": "preservewater",
    "sealHours": 480,
    "ingredients": [
      { "type": "item", "code": "game:waterportion", "litres": 25 },
      { "type": "item", "code": "game:salt", "quantity": 1 }
    ],
    "output": { "type": "item", "code": "game:waterportion", "litres": 25 }
  },
  {
    "code": "preservewater",
    "sealHours": 480,
    "ingredients": [
      { "type": "item", "code": "balancedthirst:waterportion-*", "name": "type", "litres": 25 },
      { "type": "item", "code": "game:salt", "quantity": 1 }
    ],
    "output": { "type": "item", "code": "balancedthirst:waterportion-{type}", "litres": 25 }
  }
]