{
	"editor": {
		"allAngles": false,
		"entityTextureMode": false
	},
	"textureWidth": 16,
	"textureHeight": 16,
	"textureSizes": {
	},
	"textures": {
	},
	"elements": [
		{
			"name": "origin",
			"from": [ 8.0, 0.5, 8.0 ], 
			"to": [ 8.0, 0.5, 8.0 ], 
			"rotationOrigin": [ 8.0, 0.0, 8.0 ],
			"faces": {
				"north": { "texture": "#leather", "uv": [ 6.0, 10.0, 6.5, 10.5 ], "enabled": false },
				"east": { "texture": "#leather", "uv": [ 14.0, 9.5, 14.5, 10.0 ], "enabled": false },
				"south": { "texture": "#leather", "uv": [ 0.5, 12.5, 1.0, 13.0 ], "enabled": false },
				"west": { "texture": "#leather", "uv": [ 1.5, 13.0, 2.0, 13.5 ], "enabled": false },
				"up": { "texture": "#leather", "uv": [ 8.5, 12.5, 9.0, 13.0 ], "enabled": false },
				"down": { "texture": "#leather", "uv": [ 4.5, 10.0, 5.0, 10.5 ], "enabled": false }
			},
			"children": [
				{
					"name": "handle",
					"from": [ -0.5, 0.5, -0.5 ], 
					"to": [ 0.5, 1.25, 0.5 ], 
					"rotationOrigin": [ 0.0, 0.5, 0.0 ],
					"faces": {
						"north": { "texture": "#aged", "uv": [ 5.0, 6.5, 5.5, 7.5 ], "rotation": 90 },
						"east": { "texture": "#aged", "uv": [ 3.0, 3.0, 3.5, 4.0 ], "rotation": 90 },
						"south": { "texture": "#aged", "uv": [ 4.0, 4.5, 4.5, 5.5 ], "rotation": 90 },
						"west": { "texture": "#aged", "uv": [ 3.5, 13.5, 4.0, 14.5 ], "rotation": 90 },
						"up": { "texture": "#aged", "uv": [ 2.0, 4.5, 3.0, 5.5 ] },
						"down": { "texture": "#aged", "uv": [ 6.0, 5.5, 7.0, 6.5 ], "enabled": false }
					},
					"children": [
						{
							"name": "head",
							"from": [ -0.5, 6.0, -0.5 ], 
							"to": [ 1.5, 12.0, 1.5 ], 
							"rotationOrigin": [ 0.5, 6.0, 0.5 ],
							"faces": {
								"north": { "texture": "#device-plate", "uv": [ 0.0, 3.5, 2.0, 9.5 ] },
								"east": { "texture": "#device-plate", "uv": [ 10.0, 1.0, 12.0, 7.0 ] },
								"south": { "texture": "#device-plate", "uv": [ 3.0, 1.0, 5.0, 7.0 ] },
								"west": { "texture": "#device-plate", "uv": [ 12.0, 6.5, 14.0, 12.5 ] },
								"up": { "texture": "#device-plate", "uv": [ 7.0, 9.5, 9.0, 11.5 ] },
								"down": { "texture": "#device-plate", "uv": [ 10.5, 2.5, 12.5, 4.5 ] }
							},
							"children": [
								{
									"name": "rotator",
									"from": [ 0.0, 5.0, 0.0 ], 
									"to": [ 0.0, 5.0, 0.0 ], 
									"rotationOrigin": [ 1.0, 5.0, 1.0 ],
									"faces": {
										"north": { "texture": "#device-plate", "uv": [ 3.5, 6.0, 4.0, 6.5 ], "enabled": false },
										"east": { "texture": "#device-plate", "uv": [ 6.5, 1.0, 7.0, 1.5 ], "enabled": false },
										"south": { "texture": "#device-plate", "uv": [ 0.0, 6.0, 0.5, 6.5 ], "enabled": false },
										"west": { "texture": "#device-plate", "uv": [ 3.5, 14.5, 4.0, 15.0 ], "enabled": false },
										"up": { "texture": "#device-plate", "uv": [ 5.5, 12.5, 6.0, 13.0 ], "enabled": false },
										"down": { "texture": "#device-plate", "uv": [ 11.5, 3.5, 12.0, 4.0 ], "enabled": false }
									},
									"children": [
										{
											"name": "S",
											"from": [ 0.5, 0.0, 1.0 ], 
											"to": [ 1.5, 0.5, 4.0 ], 
											"rotationOrigin": [ 1.0, 0.0, 2.0 ],
											"rotationX": 90.0,
											"faces": {
												"north": { "texture": "#rusty-iron", "uv": [ 5.5, 14.0, 6.5, 14.5 ] },
												"east": { "texture": "#rusty-iron", "uv": [ 12.0, 0.5, 15.0, 1.0 ] },
												"south": { "texture": "#rusty-iron", "uv": [ 11.0, 12.5, 12.0, 13.0 ], "enabled": false },
												"west": { "texture": "#rusty-iron", "uv": [ 4.0, 12.0, 7.0, 12.5 ] },
												"up": { "texture": "#rusty-iron", "uv": [ 10.0, 7.5, 11.0, 10.5 ] },
												"down": { "texture": "#rusty-iron", "uv": [ 0.5, 4.0, 1.5, 7.0 ] }
											},
											"children": [
												{
													"name": "wingS",
													"from": [ -0.5, 0.0, 3.0 ], 
													"to": [ 1.5, 0.5, 6.9 ], 
													"rotationOrigin": [ 0.5, 0.0, 3.0 ],
													"faces": {
														"north": { "texture": "#obsidian", "uv": [ 9.0, 1.0, 11.0, 1.5 ] },
														"east": { "texture": "#obsidian", "uv": [ 8.0, 0.5, 11.5, 1.0 ] },
														"south": { "texture": "#obsidian", "uv": [ 9.0, 12.5, 11.0, 13.0 ] },
														"west": { "texture": "#obsidian", "uv": [ 2.5, 6.5, 6.0, 7.0 ] },
														"up": { "texture": "#obsidian", "uv": [ 7.5, 4.0, 9.5, 7.5 ] },
														"down": { "texture": "#obsidian", "uv": [ 0.0, 8.5, 2.0, 12.0 ] }
													},
													"children": [
														{
															"name": "light-s",
															"from": [ 0.7, -0.3, 1.0 ], 
															"to": [ 1.3, 0.3, 4.0 ], 
															"rotationOrigin": [ 1.0, 0.0, 1.0 ],
															"rotationZ": 44.99999632180179,
															"faces": {
																"north": { "texture": "#uranium", "uv": [ 7.0, 10.0, 7.5, 10.5 ], "glow": 255 },
																"east": { "texture": "#uranium", "uv": [ 9.5, 3.0, 12.5, 3.5 ], "glow": 255 },
																"south": { "texture": "#uranium", "uv": [ 3.0, 14.5, 3.5, 15.0 ], "glow": 255 },
																"west": { "texture": "#uranium", "uv": [ 4.0, 7.0, 7.0, 7.5 ], "glow": 255 },
																"up": { "texture": "#uranium", "uv": [ 11.0, 5.0, 11.5, 8.0 ], "glow": 255 },
																"down": { "texture": "#uranium", "uv": [ 9.5, 5.0, 10.0, 8.0 ], "glow": 255 }
															}
														},
														{
															"name": "spike-s2",
															"from": [ 0.7, 0.2, 1.3 ], 
															"to": [ 1.1, 2.2, 1.7 ], 
															"renderPass": 3,
															"rotationOrigin": [ 0.9, 0.2, 1.5 ],
															"rotationX": -44.99999632180179,
															"faces": {
																"north": { "texture": "#rust-faded", "uv": [ 0.0, 0.0, 0.5, 2.0 ], "glow": 200 },
																"east": { "texture": "#rust-faded", "uv": [ 0.0, 0.0, 0.5, 2.0 ], "glow": 200 },
																"south": { "texture": "#rust-faded", "uv": [ 0.0, 0.0, 0.5, 2.0 ], "glow": 200 },
																"west": { "texture": "#rust-faded", "uv": [ 0.0, 0.0, 0.5, 2.0 ], "glow": 200 },
																"up": { "texture": "#rust-faded", "uv": [ 0.0, 0.0, 0.5, 0.5 ], "glow": 200 },
																"down": { "texture": "#rust-faded", "uv": [ 0.0, 0.0, 0.5, 0.5 ], "enabled": false }
															}
														}
													]
												},
												{
													"name": "spike-s1",
													"from": [ 0.2, 0.2, 2.3 ], 
													"to": [ 0.6, 1.2, 2.7 ], 
													"renderPass": 3,
													"rotationOrigin": [ 0.4, 0.2, 2.5 ],
													"rotationX": -45.0,
													"faces": {
														"north": { "texture": "#rust-faded", "uv": [ 0.0, 0.0, 0.5, 1.0 ], "glow": 200 },
														"east": { "texture": "#rust-faded", "uv": [ 0.0, 0.0, 0.5, 1.0 ], "glow": 200 },
														"south": { "texture": "#rust-faded", "uv": [ 0.0, 0.0, 0.5, 1.0 ], "glow": 200 },
														"west": { "texture": "#rust-faded", "uv": [ 0.0, 0.0, 0.5, 1.0 ], "glow": 200 },
														"up": { "texture": "#rust-faded", "uv": [ 0.0, 0.0, 0.5, 0.5 ], "glow": 200 },
														"down": { "texture": "#rust-faded", "uv": [ 0.0, 0.0, 0.5, 0.5 ], "enabled": false }
													}
												}
											]
										},
										{
											"name": "N",
											"from": [ 0.5, 0.0, -2.0 ], 
											"to": [ 1.5, 0.5, 1.0 ], 
											"rotationOrigin": [ 1.0, 0.0, 0.0 ],
											"rotationX": -90.0,
											"faces": {
												"north": { "texture": "#rusty-iron", "uv": [ 2.5, 15.0, 3.5, 15.5 ], "enabled": false },
												"east": { "texture": "#rusty-iron", "uv": [ 10.5, 10.0, 13.5, 10.5 ] },
												"south": { "texture": "#rusty-iron", "uv": [ 3.0, 13.5, 4.0, 14.0 ] },
												"west": { "texture": "#rusty-iron", "uv": [ 6.0, 6.0, 9.0, 6.5 ] },
												"up": { "texture": "#rusty-iron", "uv": [ 12.0, 10.5, 13.0, 13.5 ] },
												"down": { "texture": "#rusty-iron", "uv": [ 8.0, 11.5, 9.0, 14.5 ] }
											},
											"children": [
												{
													"name": "wingN",
													"from": [ -0.5, 0.0, -3.9 ], 
													"to": [ 1.5, 0.5, 0.0 ], 
													"rotationOrigin": [ 0.5, 0.0, 0.0 ],
													"faces": {
														"north": { "texture": "#obsidian", "uv": [ 1.0, 8.0, 3.0, 8.5 ] },
														"east": { "texture": "#obsidian", "uv": [ 10.0, 12.5, 13.5, 13.0 ] },
														"south": { "texture": "#obsidian", "uv": [ 2.5, 9.5, 4.5, 10.0 ] },
														"west": { "texture": "#obsidian", "uv": [ 10.5, 3.0, 14.0, 3.5 ] },
														"up": { "texture": "#obsidian", "uv": [ 6.0, 3.5, 8.0, 7.0 ] },
														"down": { "texture": "#obsidian", "uv": [ 3.5, 5.5, 5.5, 9.0 ] }
													},
													"children": [
														{
															"name": "light-n",
															"from": [ 0.7, -0.3, -0.1 ], 
															"to": [ 1.3, 0.3, 2.9 ], 
															"rotationOrigin": [ 1.0, 0.0, -0.1 ],
															"rotationZ": 44.99999632180179,
															"faces": {
																"north": { "texture": "#uranium", "uv": [ 13.5, 1.0, 14.0, 1.5 ], "glow": 255 },
																"east": { "texture": "#uranium", "uv": [ 9.5, 14.5, 12.5, 15.0 ], "glow": 255 },
																"south": { "texture": "#uranium", "uv": [ 7.5, 12.5, 8.0, 13.0 ], "glow": 255 },
																"west": { "texture": "#uranium", "uv": [ 3.0, 7.0, 6.0, 7.5 ], "glow": 255 },
																"up": { "texture": "#uranium", "uv": [ 11.5, 6.5, 12.0, 9.5 ], "glow": 255 },
																"down": { "texture": "#uranium", "uv": [ 15.0, 10.5, 15.5, 13.5 ], "glow": 255 }
															}
														},
														{
															"name": "spike-n2",
															"from": [ 0.7, 0.2, 2.2 ], 
															"to": [ 1.1, 2.2, 2.6 ], 
															"renderPass": 3,
															"rotationOrigin": [ 0.9, 0.2, 2.4 ],
															"rotationX": 44.99999632180179,
															"faces": {
																"north": { "texture": "#rust-faded", "uv": [ 0.0, 0.0, 0.5, 2.0 ], "glow": 200 },
																"east": { "texture": "#rust-faded", "uv": [ 0.0, 0.0, 0.5, 2.0 ], "glow": 200 },
																"south": { "texture": "#rust-faded", "uv": [ 0.0, 0.0, 0.5, 2.0 ], "glow": 200 },
																"west": { "texture": "#rust-faded", "uv": [ 0.0, 0.0, 0.5, 2.0 ], "glow": 200 },
																"up": { "texture": "#rust-faded", "uv": [ 0.0, 0.0, 0.5, 0.5 ], "glow": 200 },
																"down": { "texture": "#rust-faded", "uv": [ 0.0, 0.0, 0.5, 0.5 ], "enabled": false }
															}
														}
													]
												},
												{
													"name": "spike-n1",
													"from": [ 0.2, 0.2, 0.3 ], 
													"to": [ 0.6, 1.2, 0.7 ], 
													"renderPass": 3,
													"rotationOrigin": [ 0.4, 0.2, 0.5 ],
													"rotationX": 45.0,
													"faces": {
														"north": { "texture": "#rust-faded", "uv": [ 0.0, 0.0, 0.5, 1.0 ], "glow": 200 },
														"east": { "texture": "#rust-faded", "uv": [ 0.0, 0.0, 0.5, 1.0 ], "glow": 200 },
														"south": { "texture": "#rust-faded", "uv": [ 0.0, 0.0, 0.5, 1.0 ], "glow": 200 },
														"west": { "texture": "#rust-faded", "uv": [ 0.0, 0.0, 0.5, 1.0 ], "glow": 200 },
														"up": { "texture": "#rust-faded", "uv": [ 0.0, 0.0, 0.5, 0.5 ], "glow": 200 },
														"down": { "texture": "#rust-faded", "uv": [ 0.0, 0.0, 0.5, 0.5 ], "enabled": false }
													}
												}
											]
										},
										{
											"name": "W",
											"from": [ -2.0, 0.0, 0.5 ], 
											"to": [ 1.0, 0.5, 1.5 ], 
											"rotationOrigin": [ 0.0, 0.0, 1.0 ],
											"rotationZ": 90.0,
											"faces": {
												"north": { "texture": "#rusty-iron", "uv": [ 2.5, 2.0, 5.5, 2.5 ] },
												"east": { "texture": "#rusty-iron", "uv": [ 5.5, 1.0, 6.5, 1.5 ] },
												"south": { "texture": "#rusty-iron", "uv": [ 9.5, 10.0, 12.5, 10.5 ] },
												"west": { "texture": "#rusty-iron", "uv": [ 3.0, 13.0, 4.0, 13.5 ], "enabled": false },
												"up": { "texture": "#rusty-iron", "uv": [ 0.0, 4.5, 3.0, 5.5 ] },
												"down": { "texture": "#rusty-iron", "uv": [ 0.5, 10.5, 3.5, 11.5 ] }
											},
											"children": [
												{
													"name": "wingW",
													"from": [ -3.9, 0.0, -0.5 ], 
													"to": [ 0.0, 0.5, 1.5 ], 
													"rotationOrigin": [ 0.0, 0.0, 0.5 ],
													"faces": {
														"north": { "texture": "#obsidian", "uv": [ 4.0, 14.0, 7.5, 14.5 ] },
														"east": { "texture": "#obsidian", "uv": [ 11.5, 6.0, 13.5, 6.5 ] },
														"south": { "texture": "#obsidian", "uv": [ 1.0, 1.0, 4.5, 1.5 ] },
														"west": { "texture": "#obsidian", "uv": [ 13.0, 14.0, 15.0, 14.5 ] },
														"up": { "texture": "#obsidian", "uv": [ 1.0, 0.5, 4.5, 2.5 ] },
														"down": { "texture": "#obsidian", "uv": [ 1.5, 8.0, 5.0, 10.0 ] }
													},
													"children": [
														{
															"name": "light-w",
															"from": [ -0.1, -0.3, 0.7 ], 
															"to": [ 2.9, 0.3, 1.3 ], 
															"rotationOrigin": [ 1.9, 0.0, 1.0 ],
															"rotationX": 44.99999632180179,
															"faces": {
																"north": { "texture": "#uranium", "uv": [ 3.0, 1.0, 6.0, 1.5 ], "glow": 255 },
																"east": { "texture": "#uranium", "uv": [ 12.5, 5.0, 13.0, 5.5 ], "glow": 255 },
																"south": { "texture": "#uranium", "uv": [ 7.5, 10.0, 10.5, 10.5 ], "glow": 255 },
																"west": { "texture": "#uranium", "uv": [ 9.5, 5.5, 10.0, 6.0 ], "glow": 255 },
																"up": { "texture": "#uranium", "uv": [ 1.0, 1.5, 4.0, 2.0 ], "glow": 255 },
																"down": { "texture": "#uranium", "uv": [ 11.0, 3.5, 14.0, 4.0 ], "glow": 255 }
															}
														},
														{
															"name": "spike-w2",
															"from": [ 2.2, 0.2, 0.7 ], 
															"to": [ 2.6, 2.2, 1.1 ], 
															"renderPass": 3,
															"rotationOrigin": [ 2.4, 0.2, 1.0 ],
															"rotationZ": -44.99999632180179,
															"faces": {
																"north": { "texture": "#rust-faded", "uv": [ 0.0, 0.0, 0.5, 2.0 ], "glow": 200 },
																"east": { "texture": "#rust-faded", "uv": [ 0.0, 0.0, 0.5, 2.0 ], "glow": 200 },
																"south": { "texture": "#rust-faded", "uv": [ 0.0, 0.0, 0.5, 2.0 ], "glow": 200 },
																"west": { "texture": "#rust-faded", "uv": [ 0.0, 0.0, 0.5, 2.0 ], "glow": 200 },
																"up": { "texture": "#rust-faded", "uv": [ 0.0, 0.0, 0.5, 0.5 ], "glow": 200 },
																"down": { "texture": "#rust-faded", "uv": [ 0.0, 0.0, 0.5, 0.5 ], "enabled": false }
															}
														}
													]
												},
												{
													"name": "spike-w1",
													"from": [ 0.3, 0.2, 0.2 ], 
													"to": [ 0.7, 1.2, 0.6 ], 
													"renderPass": 3,
													"rotationOrigin": [ 0.5, 0.2, 0.5 ],
													"rotationZ": -45.0,
													"faces": {
														"north": { "texture": "#rust-faded", "uv": [ 0.0, 0.0, 0.5, 1.0 ], "glow": 200 },
														"east": { "texture": "#rust-faded", "uv": [ 0.0, 0.0, 0.5, 1.0 ], "glow": 200 },
														"south": { "texture": "#rust-faded", "uv": [ 0.0, 0.0, 0.5, 1.0 ], "glow": 200 },
														"west": { "texture": "#rust-faded", "uv": [ 0.0, 0.0, 0.5, 1.0 ], "glow": 200 },
														"up": { "texture": "#rust-faded", "uv": [ 0.0, 0.0, 0.5, 0.5 ], "glow": 200 },
														"down": { "texture": "#rust-faded", "uv": [ 0.0, 0.0, 0.5, 0.5 ], "enabled": false }
													}
												}
											]
										},
										{
											"name": "E",
											"from": [ 1.0, 0.0, 0.5 ], 
											"to": [ 4.0, 0.5, 1.5 ], 
											"rotationOrigin": [ 2.0, 0.0, 1.0 ],
											"rotationZ": -90.0,
											"faces": {
												"north": { "texture": "#rusty-iron", "uv": [ 3.5, 0.5, 6.5, 1.0 ] },
												"east": { "texture": "#rusty-iron", "uv": [ 1.5, 10.5, 2.5, 11.0 ], "enabled": false },
												"south": { "texture": "#rusty-iron", "uv": [ 1.0, 4.5, 4.0, 5.0 ] },
												"west": { "texture": "#rusty-iron", "uv": [ 0.0, 3.5, 1.0, 4.0 ] },
												"up": { "texture": "#rusty-iron", "uv": [ 1.5, 4.5, 4.5, 5.5 ] },
												"down": { "texture": "#rusty-iron", "uv": [ 9.5, 12.5, 12.5, 13.5 ] }
											},
											"children": [
												{
													"name": "wingE",
													"from": [ 3.0, 0.0, -0.5 ], 
													"to": [ 6.9, 0.5, 1.5 ], 
													"rotationOrigin": [ 3.0, 0.0, 0.5 ],
													"faces": {
														"north": { "texture": "#obsidian", "uv": [ 9.0, 9.0, 12.5, 9.5 ] },
														"east": { "texture": "#obsidian", "uv": [ 5.0, 7.0, 7.0, 7.5 ] },
														"south": { "texture": "#obsidian", "uv": [ 5.0, 4.5, 8.5, 5.0 ] },
														"west": { "texture": "#obsidian", "uv": [ 6.0, 13.5, 8.0, 14.0 ] },
														"up": { "texture": "#obsidian", "uv": [ 0.0, 1.0, 3.5, 3.0 ] },
														"down": { "texture": "#obsidian", "uv": [ 1.0, 11.0, 4.5, 13.0 ] }
													},
													"children": [
														{
															"name": "light-e",
															"from": [ 1.0, -0.3, 0.7 ], 
															"to": [ 4.0, 0.3, 1.3 ], 
															"rotationOrigin": [ 3.0, 0.0, 1.0 ],
															"rotationX": 44.99999632180179,
															"faces": {
																"north": { "texture": "#uranium", "uv": [ 7.5, 11.5, 10.5, 12.0 ], "glow": 255 },
																"east": { "texture": "#uranium", "uv": [ 6.5, 11.5, 7.0, 12.0 ], "glow": 255 },
																"south": { "texture": "#uranium", "uv": [ 0.5, 2.5, 3.5, 3.0 ], "glow": 255 },
																"west": { "texture": "#uranium", "uv": [ 1.5, 10.5, 2.0, 11.0 ], "glow": 255 },
																"up": { "texture": "#uranium", "uv": [ 4.0, 14.0, 7.0, 14.5 ], "glow": 255 },
																"down": { "texture": "#uranium", "uv": [ 0.0, 10.5, 3.0, 11.0 ], "glow": 255 }
															}
														},
														{
															"name": "spike-e2",
															"from": [ 1.3, 0.2, 0.7 ], 
															"to": [ 1.7, 2.2, 1.1 ], 
															"renderPass": 3,
															"rotationOrigin": [ 1.5, 0.2, 1.0 ],
															"rotationZ": 44.99999632180179,
															"faces": {
																"north": { "texture": "#rust-faded", "uv": [ 0.0, 0.0, 0.5, 2.0 ], "glow": 200 },
																"east": { "texture": "#rust-faded", "uv": [ 0.0, 0.0, 0.5, 2.0 ], "glow": 200 },
																"south": { "texture": "#rust-faded", "uv": [ 0.0, 0.0, 0.5, 2.0 ], "glow": 200 },
																"west": { "texture": "#rust-faded", "uv": [ 0.0, 0.0, 0.5, 2.0 ], "glow": 200 },
																"up": { "texture": "#rust-faded", "uv": [ 0.0, 0.0, 0.5, 0.5 ], "glow": 200 },
																"down": { "texture": "#rust-faded", "uv": [ 0.0, 0.0, 0.5, 0.5 ], "enabled": false }
															}
														}
													]
												},
												{
													"name": "spike-e1",
													"from": [ 2.3, 0.2, 0.2 ], 
													"to": [ 2.7, 1.2, 0.6 ], 
													"renderPass": 3,
													"rotationOrigin": [ 2.5, 0.2, 0.5 ],
													"rotationZ": 45.0,
													"faces": {
														"north": { "texture": "#rust-faded", "uv": [ 0.0, 0.0, 0.5, 1.0 ], "glow": 200 },
														"east": { "texture": "#rust-faded", "uv": [ 0.0, 0.0, 0.5, 1.0 ], "glow": 200 },
														"south": { "texture": "#rust-faded", "uv": [ 0.0, 0.0, 0.5, 1.0 ], "glow": 200 },
														"west": { "texture": "#rust-faded", "uv": [ 0.0, 0.0, 0.5, 1.0 ], "glow": 200 },
														"up": { "texture": "#rust-faded", "uv": [ 0.0, 0.0, 0.5, 0.5 ], "glow": 200 },
														"down": { "texture": "#rust-faded", "uv": [ 0.0, 0.0, 0.5, 0.5 ], "enabled": false }
													}
												}
											]
										}
									]
								},
								{
									"name": "light",
									"from": [ 0.0, 0.9, 0.0 ], 
									"to": [ 2.0, 4.9, 2.0 ], 
									"rotationOrigin": [ 1.0, 0.4, 1.0 ],
									"rotationY": -45.0,
									"faces": {
										"north": { "texture": "#rustyglow", "uv": [ 1.5, 7.0, 3.5, 11.0 ], "glow": 100 },
										"east": { "texture": "#rustyglow", "uv": [ 4.5, 4.5, 6.5, 8.5 ], "glow": 100 },
										"south": { "texture": "#rustyglow", "uv": [ 4.0, 4.0, 6.0, 8.0 ], "glow": 100 },
										"west": { "texture": "#rustyglow", "uv": [ 3.0, 0.5, 5.0, 4.5 ], "glow": 100 },
										"up": { "texture": "#rustyglow", "uv": [ 12.0, 6.5, 14.0, 8.5 ], "glow": 100 },
										"down": { "texture": "#rustyglow", "uv": [ 2.0, 2.0, 4.0, 4.0 ], "glow": 100 }
									}
								}
							]
						},
						{
							"name": "handguard",
							"from": [ -0.3, 5.5, -0.3 ], 
							"to": [ 1.3, 6.0, 1.3 ], 
							"rotationOrigin": [ 0.5, 6.0, 0.5 ],
							"faces": {
								"north": { "texture": "#rusty-iron", "uv": [ 1.0, 8.5, 2.5, 9.0 ] },
								"east": { "texture": "#rusty-iron", "uv": [ 6.5, 2.0, 8.0, 2.5 ] },
								"south": { "texture": "#rusty-iron", "uv": [ 1.5, 14.0, 3.0, 14.5 ] },
								"west": { "texture": "#rusty-iron", "uv": [ 4.0, 0.5, 5.5, 1.0 ] },
								"up": { "texture": "#rusty-iron", "uv": [ 5.5, 1.0, 7.0, 2.5 ], "enabled": false },
								"down": { "texture": "#rusty-iron", "uv": [ 4.5, 12.5, 6.0, 14.0 ] }
							}
						}
					]
				},
				{
					"name": "base-bracket1",
					"from": [ -0.5, 0.0, -4.75 ], 
					"to": [ 0.5, 1.0, -3.75 ], 
					"rotationOrigin": [ -1.0, 0.0, -5.0 ],
					"faces": {
						"north": { "texture": "#obsidian", "uv": [ 0.0, 0.0, 1.0, 1.0 ] },
						"east": { "texture": "#obsidian", "uv": [ 0.0, 0.0, 1.0, 1.0 ] },
						"south": { "texture": "#obsidian", "uv": [ 0.0, 0.0, 1.0, 1.0 ] },
						"west": { "texture": "#obsidian", "uv": [ 0.0, 0.0, 1.0, 1.0 ] },
						"up": { "texture": "#obsidian", "uv": [ 0.0, 0.0, 1.0, 1.0 ] },
						"down": { "texture": "#obsidian", "uv": [ 0.0, 0.0, 1.0, 1.0 ] }
					},
					"children": [
						{
							"name": "base-bracket2",
							"from": [ 0.0, 0.0, 8.5 ], 
							"to": [ 1.0, 1.0, 9.5 ], 
							"rotationOrigin": [ -0.5, 0.0, 7.75 ],
							"faces": {
								"north": { "texture": "#obsidian", "uv": [ 0.0, 0.0, 1.0, 1.0 ] },
								"east": { "texture": "#obsidian", "uv": [ 0.0, 0.0, 1.0, 1.0 ] },
								"south": { "texture": "#obsidian", "uv": [ 0.0, 0.0, 1.0, 1.0 ] },
								"west": { "texture": "#obsidian", "uv": [ 0.0, 0.0, 1.0, 1.0 ] },
								"up": { "texture": "#obsidian", "uv": [ 0.0, 0.0, 1.0, 1.0 ] },
								"down": { "texture": "#obsidian", "uv": [ 0.0, 0.0, 1.0, 1.0 ] }
							}
						},
						{
							"name": "base-bracket3",
							"from": [ -4.25, 0.0, 4.25 ], 
							"to": [ -3.25, 1.0, 5.25 ], 
							"rotationOrigin": [ -4.5, 0.0, 3.75 ],
							"faces": {
								"north": { "texture": "#obsidian", "uv": [ 0.0, 0.0, 1.0, 1.0 ] },
								"east": { "texture": "#obsidian", "uv": [ 0.0, 0.0, 1.0, 1.0 ] },
								"south": { "texture": "#obsidian", "uv": [ 0.0, 0.0, 1.0, 1.0 ] },
								"west": { "texture": "#obsidian", "uv": [ 0.0, 0.0, 1.0, 1.0 ] },
								"up": { "texture": "#obsidian", "uv": [ 0.0, 0.0, 1.0, 1.0 ] },
								"down": { "texture": "#obsidian", "uv": [ 0.0, 0.0, 1.0, 1.0 ] }
							}
						},
						{
							"name": "base-bracket4",
							"from": [ 4.25, 0.0, 4.25 ], 
							"to": [ 5.25, 1.0, 5.25 ], 
							"rotationOrigin": [ 3.5, 0.0, 3.75 ],
							"faces": {
								"north": { "texture": "#obsidian", "uv": [ 0.0, 0.0, 1.0, 1.0 ] },
								"east": { "texture": "#obsidian", "uv": [ 0.0, 0.0, 1.0, 1.0 ] },
								"south": { "texture": "#obsidian", "uv": [ 0.0, 0.0, 1.0, 1.0 ] },
								"west": { "texture": "#obsidian", "uv": [ 0.0, 0.0, 1.0, 1.0 ] },
								"up": { "texture": "#obsidian", "uv": [ 0.0, 0.0, 1.0, 1.0 ] },
								"down": { "texture": "#obsidian", "uv": [ 0.0, 0.0, 1.0, 1.0 ] }
							}
						}
					]
				},
				{
					"name": "bottom-base",
					"from": [ -5.0, -0.5, -5.0 ], 
					"to": [ 5.0, 0.5, 5.0 ], 
					"rotationOrigin": [ -5.0, 0.0, -5.0 ],
					"faces": {
						"north": { "texture": "#rusty-iron", "uv": [ 0.0, 0.0, 10.0, 1.0 ] },
						"east": { "texture": "#rusty-iron", "uv": [ 0.0, 0.0, 10.0, 1.0 ] },
						"south": { "texture": "#rusty-iron", "uv": [ 0.0, 0.0, 10.0, 1.0 ] },
						"west": { "texture": "#rusty-iron", "uv": [ 0.0, 0.0, 10.0, 1.0 ] },
						"up": { "texture": "#rusty-iron", "uv": [ 0.0, 0.0, 10.0, 10.0 ] },
						"down": { "texture": "#rusty-iron", "uv": [ 0.0, 0.0, 10.0, 10.0 ] }
					},
					"children": [
						{
							"name": "main-bottom-base",
							"from": [ 2.0, 0.8, 2.0 ], 
							"to": [ 8.0, 4.3, 8.0 ], 
							"rotationOrigin": [ 5.0, 1.0, 5.0 ],
							"rotationY": -45.0,
							"faces": {
								"north": { "texture": "#rusty-iron", "uv": [ 8.5, 9.0, 14.5, 12.5 ] },
								"east": { "texture": "#rusty-iron", "uv": [ 11.0, 10.5, 17.0, 14.0 ] },
								"south": { "texture": "#rusty-iron", "uv": [ 11.5, 6.0, 17.5, 9.5 ] },
								"west": { "texture": "#rusty-iron", "uv": [ 2.5, 4.0, 8.5, 7.5 ] },
								"up": { "texture": "#rusty-iron", "uv": [ 8.5, 9.5, 14.5, 15.5 ] },
								"down": { "texture": "#rusty-iron", "uv": [ 10.5, 2.5, 16.5, 8.5 ] }
							},
							"children": [
								{
									"name": "_bottombase",
									"from": [ 2.2929, 1.2, 3.0 ], 
									"to": [ 2.2929, 1.2, 3.0 ], 
									"rotationOrigin": [ 2.2929, 0.2, 3.0 ],
									"rotationY": 45.0,
									"faces": {
										"north": { "texture": "#obsidian", "uv": [ 0.0, 0.0, 0.5, 0.5 ] },
										"east": { "texture": "#obsidian", "uv": [ 0.0, 0.0, 0.5, 0.5 ] },
										"south": { "texture": "#obsidian", "uv": [ 0.0, 0.0, 0.5, 0.5 ] },
										"west": { "texture": "#obsidian", "uv": [ 0.0, 0.0, 0.5, 0.5 ] },
										"up": { "texture": "#obsidian", "uv": [ 0.0, 0.0, 0.5, 0.5 ] },
										"down": { "texture": "#obsidian", "uv": [ 0.0, 0.0, 0.5, 0.5 ] }
									},
									"children": [
										{
											"name": "Cube57",
											"from": [ 0.2529, -0.5, -4.0 ], 
											"to": [ 0.7529, 2.5, -3.5 ], 
											"rotationOrigin": [ 0.5, -0.5, 0.5 ],
											"rotationY": -89.98,
											"faces": {
												"north": { "texture": "#obsidian", "uv": [ 0.0, 0.0, 0.5, 3.0 ] },
												"east": { "texture": "#obsidian", "uv": [ 0.0, 0.0, 0.5, 3.0 ] },
												"south": { "texture": "#obsidian", "uv": [ 0.0, 0.0, 0.5, 3.0 ] },
												"west": { "texture": "#obsidian", "uv": [ 0.0, 0.0, 0.5, 3.0 ] },
												"up": { "texture": "#obsidian", "uv": [ 0.0, 0.0, 0.5, 0.5 ] },
												"down": { "texture": "#obsidian", "uv": [ 0.0, 0.0, 0.5, 0.5 ] }
											},
											"children": [
												{
													"name": "Cube58",
													"from": [ 0.01, 3.0, 0.0 ], 
													"to": [ 0.51, 5.0, 0.5 ], 
													"rotationOrigin": [ 0.5, 3.0, 0.0 ],
													"rotationX": 45.0,
													"faces": {
														"north": { "texture": "#obsidian", "uv": [ 0.0, 0.0, 0.5, 2.0 ] },
														"east": { "texture": "#obsidian", "uv": [ 0.0, 0.0, 0.5, 2.0 ] },
														"south": { "texture": "#obsidian", "uv": [ 0.0, 0.0, 0.5, 2.0 ] },
														"west": { "texture": "#obsidian", "uv": [ 0.0, 0.0, 0.5, 2.0 ] },
														"up": { "texture": "#obsidian", "uv": [ 0.0, 0.0, 0.5, 0.5 ] },
														"down": { "texture": "#obsidian", "uv": [ 0.0, 0.0, 0.5, 0.5 ] }
													},
													"children": [
														{
															"name": "Cube59",
															"from": [ 0.0, 2.0, 0.0 ], 
															"to": [ 0.5, 4.5, 0.5 ], 
															"rotationOrigin": [ 0.5, 2.0, 0.0 ],
															"rotationX": 45.0,
															"faces": {
																"north": { "texture": "#obsidian", "uv": [ 0.0, 0.0, 0.5, 2.5 ] },
																"east": { "texture": "#obsidian", "uv": [ 0.0, 0.0, 0.5, 2.5 ] },
																"south": { "texture": "#obsidian", "uv": [ 0.0, 0.0, 0.5, 2.5 ] },
																"west": { "texture": "#obsidian", "uv": [ 0.0, 0.0, 0.5, 2.5 ] },
																"up": { "texture": "#obsidian", "uv": [ 0.0, 0.0, 0.5, 0.5 ] },
																"down": { "texture": "#obsidian", "uv": [ 0.0, 0.0, 0.5, 0.5 ] }
															}
														}
													]
												}
											]
										},
										{
											"name": "Cube54",
											"from": [ 0.25, -0.5, -4.0 ], 
											"to": [ 0.75, 2.5, -3.5 ], 
											"rotationOrigin": [ 0.5, -0.5, 0.5 ],
											"rotationX": -180.0,
											"rotationZ": -180.0,
											"faces": {
												"north": { "texture": "#obsidian", "uv": [ 0.0, 0.0, 0.5, 3.0 ] },
												"east": { "texture": "#obsidian", "uv": [ 0.0, 0.0, 0.5, 3.0 ] },
												"south": { "texture": "#obsidian", "uv": [ 0.0, 0.0, 0.5, 3.0 ] },
												"west": { "texture": "#obsidian", "uv": [ 0.0, 0.0, 0.5, 3.0 ] },
												"up": { "texture": "#obsidian", "uv": [ 0.0, 0.0, 0.5, 0.5 ] },
												"down": { "texture": "#obsidian", "uv": [ 0.0, 0.0, 0.5, 0.5 ] }
											},
											"children": [
												{
													"name": "Cube55",
													"from": [ 0.01, 3.0, 0.0 ], 
													"to": [ 0.51, 5.0, 0.5 ], 
													"rotationOrigin": [ 0.5, 3.0, 0.0 ],
													"rotationX": 45.0,
													"faces": {
														"north": { "texture": "#obsidian", "uv": [ 0.0, 0.0, 0.5, 2.0 ] },
														"east": { "texture": "#obsidian", "uv": [ 0.0, 0.0, 0.5, 2.0 ] },
														"south": { "texture": "#obsidian", "uv": [ 0.0, 0.0, 0.5, 2.0 ] },
														"west": { "texture": "#obsidian", "uv": [ 0.0, 0.0, 0.5, 2.0 ] },
														"up": { "texture": "#obsidian", "uv": [ 0.0, 0.0, 0.5, 0.5 ] },
														"down": { "texture": "#obsidian", "uv": [ 0.0, 0.0, 0.5, 0.5 ] }
													},
													"children": [
														{
															"name": "Cube56",
															"from": [ 0.0, 2.0, 0.0 ], 
															"to": [ 0.5, 4.5, 0.5 ], 
															"rotationOrigin": [ 0.5, 2.0, 0.0 ],
															"rotationX": 45.0,
															"faces": {
																"north": { "texture": "#obsidian", "uv": [ 0.0, 0.0, 0.5, 2.5 ] },
																"east": { "texture": "#obsidian", "uv": [ 0.0, 0.0, 0.5, 2.5 ] },
																"south": { "texture": "#obsidian", "uv": [ 0.0, 0.0, 0.5, 2.5 ] },
																"west": { "texture": "#obsidian", "uv": [ 0.0, 0.0, 0.5, 2.5 ] },
																"up": { "texture": "#obsidian", "uv": [ 0.0, 0.0, 0.5, 0.5 ] },
																"down": { "texture": "#obsidian", "uv": [ 0.0, 0.0, 0.5, 0.5 ] }
															}
														}
													]
												}
											]
										},
										{
											"name": "Cube51",
											"from": [ 0.2471, -0.5, -4.0 ], 
											"to": [ 0.7471, 2.5, -3.5 ], 
											"rotationOrigin": [ 0.5, -0.5, 0.5 ],
											"rotationY": 89.98,
											"faces": {
												"north": { "texture": "#obsidian", "uv": [ 0.0, 0.0, 0.5, 3.0 ] },
												"east": { "texture": "#obsidian", "uv": [ 0.0, 0.0, 0.5, 3.0 ] },
												"south": { "texture": "#obsidian", "uv": [ 0.0, 0.0, 0.5, 3.0 ] },
												"west": { "texture": "#obsidian", "uv": [ 0.0, 0.0, 0.5, 3.0 ] },
												"up": { "texture": "#obsidian", "uv": [ 0.0, 0.0, 0.5, 0.5 ] },
												"down": { "texture": "#obsidian", "uv": [ 0.0, 0.0, 0.5, 0.5 ] }
											},
											"children": [
												{
													"name": "Cube52",
													"from": [ 0.01, 3.0, 0.0 ], 
													"to": [ 0.51, 5.0, 0.5 ], 
													"rotationOrigin": [ 0.5, 3.0, 0.0 ],
													"rotationX": 45.0,
													"faces": {
														"north": { "texture": "#obsidian", "uv": [ 0.0, 0.0, 0.5, 2.0 ] },
														"east": { "texture": "#obsidian", "uv": [ 0.0, 0.0, 0.5, 2.0 ] },
														"south": { "texture": "#obsidian", "uv": [ 0.0, 0.0, 0.5, 2.0 ] },
														"west": { "texture": "#obsidian", "uv": [ 0.0, 0.0, 0.5, 2.0 ] },
														"up": { "texture": "#obsidian", "uv": [ 0.0, 0.0, 0.5, 0.5 ] },
														"down": { "texture": "#obsidian", "uv": [ 0.0, 0.0, 0.5, 0.5 ] }
													},
													"children": [
														{
															"name": "Cube53",
															"from": [ 0.0, 2.0, 0.0 ], 
															"to": [ 0.5, 4.5, 0.5 ], 
															"rotationOrigin": [ 0.5, 2.0, 0.0 ],
															"rotationX": 45.0,
															"faces": {
																"north": { "texture": "#obsidian", "uv": [ 0.0, 0.0, 0.5, 2.5 ] },
																"east": { "texture": "#obsidian", "uv": [ 0.0, 0.0, 0.5, 2.5 ] },
																"south": { "texture": "#obsidian", "uv": [ 0.0, 0.0, 0.5, 2.5 ] },
																"west": { "texture": "#obsidian", "uv": [ 0.0, 0.0, 0.5, 2.5 ] },
																"up": { "texture": "#obsidian", "uv": [ 0.0, 0.0, 0.5, 0.5 ] },
																"down": { "texture": "#obsidian", "uv": [ 0.0, 0.0, 0.5, 0.5 ] }
															}
														}
													]
												}
											]
										},
										{
											"name": "Cube1",
											"from": [ 0.25, -0.5, -4.0 ], 
											"to": [ 0.75, 2.5, -3.5 ], 
											"rotationOrigin": [ 0.5, -0.5, 0.5 ],
											"faces": {
												"north": { "texture": "#obsidian", "uv": [ 0.0, 0.0, 0.5, 3.0 ] },
												"east": { "texture": "#obsidian", "uv": [ 0.0, 0.0, 0.5, 3.0 ] },
												"south": { "texture": "#obsidian", "uv": [ 0.0, 0.0, 0.5, 3.0 ] },
												"west": { "texture": "#obsidian", "uv": [ 0.0, 0.0, 0.5, 3.0 ] },
												"up": { "texture": "#obsidian", "uv": [ 0.0, 0.0, 0.5, 0.5 ] },
												"down": { "texture": "#obsidian", "uv": [ 0.0, 0.0, 0.5, 0.5 ] }
											},
											"children": [
												{
													"name": "Cube49",
													"from": [ 0.01, 3.0, 0.0 ], 
													"to": [ 0.51, 5.0, 0.5 ], 
													"rotationOrigin": [ 0.5, 3.0, 0.0 ],
													"rotationX": 45.0,
													"faces": {
														"north": { "texture": "#obsidian", "uv": [ 0.0, 0.0, 0.5, 2.0 ] },
														"east": { "texture": "#obsidian", "uv": [ 0.0, 0.0, 0.5, 2.0 ] },
														"south": { "texture": "#obsidian", "uv": [ 0.0, 0.0, 0.5, 2.0 ] },
														"west": { "texture": "#obsidian", "uv": [ 0.0, 0.0, 0.5, 2.0 ] },
														"up": { "texture": "#obsidian", "uv": [ 0.0, 0.0, 0.5, 0.5 ] },
														"down": { "texture": "#obsidian", "uv": [ 0.0, 0.0, 0.5, 0.5 ] }
													},
													"children": [
														{
															"name": "Cube50",
															"from": [ 0.0, 2.0, 0.0 ], 
															"to": [ 0.5, 4.5, 0.5 ], 
															"rotationOrigin": [ 0.5, 2.0, 0.0 ],
															"rotationX": 45.0,
															"faces": {
																"north": { "texture": "#obsidian", "uv": [ 0.0, 0.0, 0.5, 2.5 ] },
																"east": { "texture": "#obsidian", "uv": [ 0.0, 0.0, 0.5, 2.5 ] },
																"south": { "texture": "#obsidian", "uv": [ 0.0, 0.0, 0.5, 2.5 ] },
																"west": { "texture": "#obsidian", "uv": [ 0.0, 0.0, 0.5, 2.5 ] },
																"up": { "texture": "#obsidian", "uv": [ 0.0, 0.0, 0.5, 0.5 ] },
																"down": { "texture": "#obsidian", "uv": [ 0.0, 0.0, 0.5, 0.5 ] }
															}
														}
													]
												}
											]
										},
										{
											"name": "thickbase",
											"from": [ -0.5, 2.25, -0.5 ], 
											"to": [ 1.5, 4.1, 1.5 ], 
											"rotationOrigin": [ -0.5, 2.5, -0.5 ],
											"faces": {
												"north": { "texture": "#obsidian", "uv": [ 0.0, 0.0, 2.0, 1.5 ] },
												"east": { "texture": "#obsidian", "uv": [ 0.0, 0.0, 2.0, 1.5 ] },
												"south": { "texture": "#obsidian", "uv": [ 0.0, 0.0, 2.0, 1.5 ] },
												"west": { "texture": "#obsidian", "uv": [ 0.0, 0.0, 2.0, 1.5 ] },
												"up": { "texture": "#obsidian", "uv": [ 0.0, 0.0, 2.0, 2.0 ] },
												"down": { "texture": "#obsidian", "uv": [ 0.0, 0.0, 2.0, 2.0 ] }
											}
										},
										{
											"name": "handlebottomneck",
											"from": [ 0.0, 4.0, 0.0 ], 
											"to": [ 1.0, 5.0, 1.0 ], 
											"rotationOrigin": [ -0.5, 3.5, -0.5 ],
											"faces": {
												"north": { "texture": "#obsidian", "uv": [ 0.0, 0.0, 1.0, 1.0 ] },
												"east": { "texture": "#obsidian", "uv": [ 0.0, 0.0, 1.0, 1.0 ] },
												"south": { "texture": "#obsidian", "uv": [ 0.0, 0.0, 1.0, 1.0 ] },
												"west": { "texture": "#obsidian", "uv": [ 0.0, 0.0, 1.0, 1.0 ] },
												"up": { "texture": "#obsidian", "uv": [ 0.0, 0.0, 1.0, 1.0 ] },
												"down": { "texture": "#obsidian", "uv": [ 0.0, 0.0, 1.0, 1.0 ] }
											}
										},
										{
											"name": "handletopneck",
											"from": [ 0.0, 10.8, 0.0 ], 
											"to": [ 1.0, 11.8, 1.0 ], 
											"rotationOrigin": [ -0.5, 10.5, -0.5 ],
											"faces": {
												"north": { "texture": "#obsidian", "uv": [ 0.0, 0.0, 1.0, 1.0 ] },
												"east": { "texture": "#obsidian", "uv": [ 0.0, 0.0, 1.0, 1.0 ] },
												"south": { "texture": "#obsidian", "uv": [ 0.0, 0.0, 1.0, 1.0 ] },
												"west": { "texture": "#obsidian", "uv": [ 0.0, 0.0, 1.0, 1.0 ] },
												"up": { "texture": "#obsidian", "uv": [ 0.0, 0.0, 1.0, 1.0 ] },
												"down": { "texture": "#obsidian", "uv": [ 0.0, 0.0, 1.0, 1.0 ] }
											}
										},
										{
											"name": "connector",
											"from": [ 0.0, 12.0, 0.0 ], 
											"to": [ 1.0, 12.1, 1.0 ], 
											"rotationOrigin": [ -0.5, 11.5, -0.5 ],
											"faces": {
												"north": { "texture": "#rustyglow", "uv": [ 0.0, 0.0, 1.0, 0.5 ], "glow": 100 },
												"east": { "texture": "#rustyglow", "uv": [ 0.0, 0.0, 1.0, 0.5 ], "glow": 100 },
												"south": { "texture": "#rustyglow", "uv": [ 0.0, 0.0, 1.0, 0.5 ], "glow": 100 },
												"west": { "texture": "#rustyglow", "uv": [ 0.0, 0.0, 1.0, 0.5 ], "glow": 100 },
												"up": { "texture": "#rustyglow", "uv": [ 0.0, 0.0, 1.0, 1.0 ], "glow": 100 },
												"down": { "texture": "#rustyglow", "uv": [ 0.0, 0.0, 1.0, 1.0 ], "glow": 100 }
											}
										}
									]
								}
							]
						}
					]
				},
				{
					"name": "_base-top-angled",
					"from": [ -8.0, -0.5, -8.0 ], 
					"to": [ -8.0, -0.5, -8.0 ], 
					"rotationOrigin": [ 0.0, -0.5, 0.0 ],
					"rotationY": 45.0,
					"faces": {
						"north": { "texture": "#default", "uv": [ 0.0, 0.0, 0.5, 0.5 ] },
						"east": { "texture": "#default", "uv": [ 0.0, 0.0, 0.5, 0.5 ] },
						"south": { "texture": "#default", "uv": [ 0.0, 0.0, 0.5, 0.5 ] },
						"west": { "texture": "#fefault", "uv": [ 0.0, 0.0, 0.5, 0.5 ] },
						"up": { "texture": "#default", "uv": [ 0.0, 0.0, 0.5, 0.5 ] },
						"down": { "texture": "#default", "uv": [ 0.0, 0.0, 0.5, 0.5 ] }
					},
					"children": [
						{
							"name": "_base-top-angled1",
							"from": [ 4.9988, 2.0019, 3.6956 ], 
							"to": [ 10.9988, 2.5019, 4.1956 ], 
							"rotationOrigin": [ 8.0, 1.9519, 6.9445 ],
							"rotationX": 45.0,
							"faces": {
								"north": { "texture": "#obsidian", "uv": [ 8.5, 9.0, 14.5, 9.5 ] },
								"east": { "texture": "#obsidian", "uv": [ 11.0, 10.5, 11.5, 11.0 ] },
								"south": { "texture": "#obsidian", "uv": [ 11.5, 6.0, 17.5, 6.5 ] },
								"west": { "texture": "#obsidian", "uv": [ 2.5, 4.0, 3.0, 4.5 ] },
								"up": { "texture": "#obsidian", "uv": [ 8.5, 9.5, 14.5, 10.0 ] },
								"down": { "texture": "#obsidian", "uv": [ 10.5, 2.5, 16.5, 3.0 ] }
							}
						},
						{
							"name": "_base-top-angled2",
							"from": [ 3.9433, 2.0019, 4.751 ], 
							"to": [ 9.9433, 2.5019, 5.251 ], 
							"rotationOrigin": [ 6.9445, 1.9519, 8.0 ],
							"rotationX": 90.0,
							"rotationY": 45.0,
							"rotationZ": -90.0,
							"faces": {
								"north": { "texture": "#obsidian", "uv": [ 8.5, 9.0, 14.5, 9.5 ] },
								"east": { "texture": "#obsidian", "uv": [ 11.0, 10.5, 11.5, 11.0 ] },
								"south": { "texture": "#obsidian", "uv": [ 11.5, 6.0, 17.5, 6.5 ] },
								"west": { "texture": "#obsidian", "uv": [ 2.5, 4.0, 3.0, 4.5 ] },
								"up": { "texture": "#obsidian", "uv": [ 8.5, 9.5, 14.5, 10.0 ] },
								"down": { "texture": "#obsidian", "uv": [ 10.5, 2.5, 16.5, 3.0 ] }
							}
						},
						{
							"name": "_base-top-angled3",
							"from": [ 4.9988, 2.0019, 5.8065 ], 
							"to": [ 10.9988, 2.5019, 6.3065 ], 
							"rotationOrigin": [ 8.0, 1.9519, 9.0555 ],
							"rotationX": 135.0,
							"rotationZ": -180.0,
							"faces": {
								"north": { "texture": "#obsidian", "uv": [ 8.5, 9.0, 14.5, 9.5 ] },
								"east": { "texture": "#obsidian", "uv": [ 11.0, 10.5, 11.5, 11.0 ] },
								"south": { "texture": "#obsidian", "uv": [ 11.5, 6.0, 17.5, 6.5 ] },
								"west": { "texture": "#obsidian", "uv": [ 2.5, 4.0, 3.0, 4.5 ] },
								"up": { "texture": "#obsidian", "uv": [ 8.5, 9.5, 14.5, 10.0 ] },
								"down": { "texture": "#obsidian", "uv": [ 10.5, 2.5, 16.5, 3.0 ] }
							}
						},
						{
							"name": "_base-top-angled4",
							"from": [ 6.0542, 2.0019, 4.751 ], 
							"to": [ 12.0542, 2.5019, 5.251 ], 
							"rotationOrigin": [ 9.0555, 1.9519, 8.0 ],
							"rotationX": 90.0,
							"rotationY": -45.0,
							"rotationZ": 90.0,
							"faces": {
								"north": { "texture": "#obsidian", "uv": [ 8.5, 9.0, 14.5, 9.5 ] },
								"east": { "texture": "#obsidian", "uv": [ 11.0, 10.5, 11.5, 11.0 ] },
								"south": { "texture": "#obsidian", "uv": [ 11.5, 6.0, 17.5, 6.5 ] },
								"west": { "texture": "#obsidian", "uv": [ 2.5, 4.0, 3.0, 4.5 ] },
								"up": { "texture": "#obsidian", "uv": [ 8.5, 9.5, 14.5, 10.0 ] },
								"down": { "texture": "#obsidian", "uv": [ 10.5, 2.5, 16.5, 3.0 ] }
							}
						}
					]
				},
				{
					"name": "_base-bottom-angled",
					"from": [ -8.0, -3.75, -8.0 ], 
					"to": [ -8.0, -3.75, -8.0 ], 
					"rotationOrigin": [ 0.0, -2.5, 0.0 ],
					"rotationY": 45.0,
					"faces": {
						"north": { "texture": "#default", "uv": [ 0.0, 0.0, 0.5, 0.5 ] },
						"east": { "texture": "#default", "uv": [ 0.0, 0.0, 0.5, 0.5 ] },
						"south": { "texture": "#default", "uv": [ 0.0, 0.0, 0.5, 0.5 ] },
						"west": { "texture": "#default", "uv": [ 0.0, 0.0, 0.5, 0.5 ] },
						"up": { "texture": "#default", "uv": [ 0.0, 0.0, 0.5, 0.5 ] },
						"down": { "texture": "#default", "uv": [ 0.0, 0.0, 0.5, 0.5 ] }
					},
					"children": [
						{
							"name": "base-bottom-angled1",
							"from": [ 4.9988, 2.0019, 3.6956 ], 
							"to": [ 10.9988, 2.5019, 4.1956 ], 
							"rotationOrigin": [ 8.0, 1.9519, 6.9445 ],
							"rotationX": 45.0,
							"faces": {
								"north": { "texture": "#obsidian", "uv": [ 8.5, 9.0, 14.5, 9.5 ] },
								"east": { "texture": "#obsidian", "uv": [ 11.0, 10.5, 11.5, 11.0 ] },
								"south": { "texture": "#obsidian", "uv": [ 11.5, 6.0, 17.5, 6.5 ] },
								"west": { "texture": "#obsidian", "uv": [ 2.5, 4.0, 3.0, 4.5 ] },
								"up": { "texture": "#obsidian", "uv": [ 8.5, 9.5, 14.5, 10.0 ] },
								"down": { "texture": "#obsidian", "uv": [ 10.5, 2.5, 16.5, 3.0 ] }
							}
						},
						{
							"name": "base-bottom-angled2",
							"from": [ 3.9433, 2.0019, 4.751 ], 
							"to": [ 9.9433, 2.5019, 5.251 ], 
							"rotationOrigin": [ 6.9445, 1.9519, 8.0 ],
							"rotationX": 90.0,
							"rotationY": 45.0,
							"rotationZ": -90.0,
							"faces": {
								"north": { "texture": "#obsidian", "uv": [ 8.5, 9.0, 14.5, 9.5 ] },
								"east": { "texture": "#obsidian", "uv": [ 11.0, 10.5, 11.5, 11.0 ] },
								"south": { "texture": "#obsidian", "uv": [ 11.5, 6.0, 17.5, 6.5 ] },
								"west": { "texture": "#obsidian", "uv": [ 2.5, 4.0, 3.0, 4.5 ] },
								"up": { "texture": "#obsidian", "uv": [ 8.5, 9.5, 14.5, 10.0 ] },
								"down": { "texture": "#obsidian", "uv": [ 10.5, 2.5, 16.5, 3.0 ] }
							}
						},
						{
							"name": "base-bottom-angled3",
							"from": [ 4.9988, 2.0019, 5.8065 ], 
							"to": [ 10.9988, 2.5019, 6.3065 ], 
							"rotationOrigin": [ 8.0, 1.9519, 9.0555 ],
							"rotationX": 135.0,
							"rotationZ": -180.0,
							"faces": {
								"north": { "texture": "#obsidian", "uv": [ 8.5, 9.0, 14.5, 9.5 ] },
								"east": { "texture": "#obsidian", "uv": [ 11.0, 10.5, 11.5, 11.0 ] },
								"south": { "texture": "#obsidian", "uv": [ 11.5, 6.0, 17.5, 6.5 ] },
								"west": { "texture": "#obsidian", "uv": [ 2.5, 4.0, 3.0, 4.5 ] },
								"up": { "texture": "#obsidian", "uv": [ 8.5, 9.5, 14.5, 10.0 ] },
								"down": { "texture": "#obsidian", "uv": [ 10.5, 2.5, 16.5, 3.0 ] }
							}
						},
						{
							"name": "base-bottom-angled4",
							"from": [ 6.0542, 2.0019, 4.751 ], 
							"to": [ 12.0542, 2.5019, 5.251 ], 
							"rotationOrigin": [ 9.0555, 1.9519, 8.0 ],
							"rotationX": 90.0,
							"rotationY": -45.0,
							"rotationZ": 90.0,
							"faces": {
								"north": { "texture": "#obsidian", "uv": [ 8.5, 9.0, 14.5, 9.5 ] },
								"east": { "texture": "#obsidian", "uv": [ 11.0, 10.5, 11.5, 11.0 ] },
								"south": { "texture": "#obsidian", "uv": [ 11.5, 6.0, 17.5, 6.5 ] },
								"west": { "texture": "#obsidian", "uv": [ 2.5, 4.0, 3.0, 4.5 ] },
								"up": { "texture": "#obsidian", "uv": [ 8.5, 9.5, 14.5, 10.0 ] },
								"down": { "texture": "#obsidian", "uv": [ 10.5, 2.5, 16.5, 3.0 ] }
							}
						}
					]
				},
				{
					"name": "vent-decal1-1",
					"from": [ -2.0, 1.375, -3.01 ], 
					"to": [ 2.0, 2.875, -3.0 ], 
					"rotationOrigin": [ 0.0, 0.5, 0.0 ],
					"rotationY": -45.0,
					"faces": {
						"north": { "texture": "#ventdecal", "uv": [ 0.0, 0.0, 8.0, 3.0 ], "autoUv": false },
						"east": { "texture": "#ventdecal", "uv": [ 11.0, 10.5, 11.5, 12.0 ], "enabled": false },
						"south": { "texture": "#ventdecal", "uv": [ 11.5, 6.0, 15.5, 7.5 ], "enabled": false },
						"west": { "texture": "#ventdecal", "uv": [ 2.5, 4.0, 3.0, 5.5 ], "enabled": false },
						"up": { "texture": "#ventdecal", "uv": [ 8.5, 9.5, 12.5, 10.0 ], "enabled": false },
						"down": { "texture": "#ventdecal", "uv": [ 10.5, 2.5, 14.5, 3.0 ], "enabled": false }
					},
					"children": [
						{
							"name": "vent-decal1-2",
							"from": [ 0.0, 0.0, -0.01 ], 
							"to": [ 4.0, 1.5, 0.0 ], 
							"rotationOrigin": [ 2.0, -0.875, 3.01 ],
							"faces": {
								"north": { "texture": "#ventdecal1", "uv": [ 0.0, 0.0, 8.0, 3.0 ], "glow": 100, "autoUv": false },
								"east": { "texture": "#ventdecal1", "uv": [ 11.0, 10.5, 11.5, 12.0 ], "enabled": false },
								"south": { "texture": "#ventdecal1", "uv": [ 11.5, 6.0, 15.5, 7.5 ], "enabled": false },
								"west": { "texture": "#ventdecal1", "uv": [ 2.5, 4.0, 3.0, 5.5 ], "enabled": false },
								"up": { "texture": "#ventdecal1", "uv": [ 8.5, 9.5, 12.5, 10.0 ], "enabled": false },
								"down": { "texture": "#ventdecal1", "uv": [ 10.5, 2.5, 14.5, 3.0 ], "enabled": false }
							}
						}
					]
				},
				{
					"name": "vent-decal2-1",
					"from": [ -1.9993, 1.375, -3.0114 ], 
					"to": [ 2.0007, 2.875, -3.0014 ], 
					"rotationOrigin": [ 0.0, 0.5, 0.0 ],
					"rotationY": 44.980000362786555,
					"faces": {
						"north": { "texture": "#ventdecal", "uv": [ 0.0, 0.0, 8.0, 3.0 ], "autoUv": false },
						"east": { "texture": "#ventdecal", "uv": [ 11.0, 10.5, 11.5, 12.0 ], "enabled": false },
						"south": { "texture": "#ventdecal", "uv": [ 11.5, 6.0, 15.5, 7.5 ], "enabled": false },
						"west": { "texture": "#ventdecal", "uv": [ 2.5, 4.0, 3.0, 5.5 ], "enabled": false },
						"up": { "texture": "#ventdecal", "uv": [ 8.5, 9.5, 12.5, 10.0 ], "enabled": false },
						"down": { "texture": "#ventdecal", "uv": [ 10.5, 2.5, 14.5, 3.0 ], "enabled": false }
					},
					"children": [
						{
							"name": "vent-decal2-2",
							"from": [ 0.0, 0.0, -0.01 ], 
							"to": [ 4.0, 1.5, 0.0 ], 
							"rotationOrigin": [ 1.9993, -0.875, 3.0114 ],
							"rotationY": -2.6196842277670393E-6,
							"faces": {
								"north": { "texture": "#ventdecal1", "uv": [ 0.0, 0.0, 8.0, 3.0 ], "glow": 100, "autoUv": false },
								"east": { "texture": "#ventdecal1", "uv": [ 11.0, 10.5, 11.5, 12.0 ], "enabled": false },
								"south": { "texture": "#ventdecal1", "uv": [ 11.5, 6.0, 15.5, 7.5 ], "enabled": false },
								"west": { "texture": "#ventdecal1", "uv": [ 2.5, 4.0, 3.0, 5.5 ], "enabled": false },
								"up": { "texture": "#ventdecal1", "uv": [ 8.5, 9.5, 12.5, 10.0 ], "enabled": false },
								"down": { "texture": "#ventdecal1", "uv": [ 10.5, 2.5, 14.5, 3.0 ], "enabled": false }
							}
						}
					]
				},
				{
					"name": "vent-decal3-1",
					"from": [ -2.0, 1.375, -3.01 ], 
					"to": [ 2.0, 2.875, -3.0 ], 
					"rotationOrigin": [ 0.0, 0.5, 0.0 ],
					"rotationX": 179.99998303314774,
					"rotationY": 44.999996548644546,
					"rotationZ": 179.99999011687964,
					"faces": {
						"north": { "texture": "#ventdecal", "uv": [ 0.0, 0.0, 8.0, 3.0 ], "autoUv": false },
						"east": { "texture": "#ventdecal", "uv": [ 11.0, 10.5, 11.5, 12.0 ], "enabled": false },
						"south": { "texture": "#ventdecal", "uv": [ 11.5, 6.0, 15.5, 7.5 ], "enabled": false },
						"west": { "texture": "#ventdecal", "uv": [ 2.5, 4.0, 3.0, 5.5 ], "enabled": false },
						"up": { "texture": "#ventdecal", "uv": [ 8.5, 9.5, 12.5, 10.0 ], "enabled": false },
						"down": { "texture": "#ventdecal", "uv": [ 10.5, 2.5, 14.5, 3.0 ], "enabled": false }
					},
					"children": [
						{
							"name": "vent-decal3-2",
							"from": [ 0.0, 0.0, -0.01 ], 
							"to": [ 4.0, 1.5, 0.0 ], 
							"rotationOrigin": [ 2.0, -0.875, 3.01 ],
							"rotationX": -4.07110976874403E-13,
							"rotationY": 2.1894841424022512E-13,
							"rotationZ": 4.07110976874403E-13,
							"faces": {
								"north": { "texture": "#ventdecal1", "uv": [ 0.0, 0.0, 8.0, 3.0 ], "glow": 100, "autoUv": false },
								"east": { "texture": "#ventdecal1", "uv": [ 11.0, 10.5, 11.5, 12.0 ], "enabled": false },
								"south": { "texture": "#ventdecal1", "uv": [ 11.5, 6.0, 15.5, 7.5 ], "enabled": false },
								"west": { "texture": "#ventdecal1", "uv": [ 2.5, 4.0, 3.0, 5.5 ], "enabled": false },
								"up": { "texture": "#ventdecal1", "uv": [ 8.5, 9.5, 12.5, 10.0 ], "enabled": false },
								"down": { "texture": "#ventdecal1", "uv": [ 10.5, 2.5, 14.5, 3.0 ], "enabled": false }
							}
						}
					]
				},
				{
					"name": "vent-decal4-1",
					"from": [ -1.9993, 1.375, -3.0114 ], 
					"to": [ 2.0007, 2.875, -3.0014 ], 
					"rotationOrigin": [ 0.0, 0.5, 0.0 ],
					"rotationX": 179.99998309446033,
					"rotationY": -44.98020796664902,
					"rotationZ": -179.99998142134328,
					"faces": {
						"north": { "texture": "#ventdecal", "uv": [ 0.0, 0.0, 8.0, 3.0 ], "autoUv": false },
						"east": { "texture": "#ventdecal", "uv": [ 11.0, 10.5, 11.5, 12.0 ], "enabled": false },
						"south": { "texture": "#ventdecal", "uv": [ 11.5, 6.0, 15.5, 7.5 ], "enabled": false },
						"west": { "texture": "#ventdecal", "uv": [ 2.5, 4.0, 3.0, 5.5 ], "enabled": false },
						"up": { "texture": "#ventdecal", "uv": [ 8.5, 9.5, 12.5, 10.0 ], "enabled": false },
						"down": { "texture": "#ventdecal", "uv": [ 10.5, 2.5, 14.5, 3.0 ], "enabled": false }
					},
					"children": [
						{
							"name": "vent-decal4-2",
							"from": [ 0.0, 0.0, -0.01 ], 
							"to": [ 4.0, 1.5, 0.0 ], 
							"rotationOrigin": [ 1.9993, -0.875, 3.0114 ],
							"rotationX": -2.0355548843720173E-13,
							"rotationY": -2.6196842277670393E-6,
							"rotationZ": 1.1618963182768006E-13,
							"faces": {
								"north": { "texture": "#ventdecal1", "uv": [ 0.0, 0.0, 8.0, 3.0 ], "glow": 100, "autoUv": false },
								"east": { "texture": "#ventdecal1", "uv": [ 11.0, 10.5, 11.5, 12.0 ], "enabled": false },
								"south": { "texture": "#ventdecal1", "uv": [ 11.5, 6.0, 15.5, 7.5 ], "enabled": false },
								"west": { "texture": "#ventdecal1", "uv": [ 2.5, 4.0, 3.0, 5.5 ], "enabled": false },
								"up": { "texture": "#ventdecal1", "uv": [ 8.5, 9.5, 12.5, 10.0 ], "enabled": false },
								"down": { "texture": "#ventdecal1", "uv": [ 10.5, 2.5, 14.5, 3.0 ], "enabled": false }
							}
						}
					]
				}
			]
		},
		{
			"name": "ruststoneplatform",
			"from": [ 6.5, 13.74, 6.5 ], 
			"to": [ 9.5, 13.99, 9.5 ], 
			"rotationOrigin": [ 6.0, 13.0, 7.0 ],
			"faces": {
				"north": { "texture": "#obsidian", "uv": [ 0.0, 0.0, 3.0, 0.5 ] },
				"east": { "texture": "#obsidian", "uv": [ 0.0, 0.0, 3.0, 0.5 ] },
				"south": { "texture": "#obsidian", "uv": [ 0.0, 0.0, 3.0, 0.5 ] },
				"west": { "texture": "#obsidian", "uv": [ 0.0, 0.0, 3.0, 0.5 ] },
				"up": { "texture": "#obsidian", "uv": [ 0.0, 0.0, 3.0, 3.0 ] },
				"down": { "texture": "#obsidian", "uv": [ 0.0, 0.0, 3.0, 3.0 ] }
			}
		}
	],
	"animations": [
		{
			"name": "on-spin",
			"code": "on-spin",
			"quantityframes": 30,
			"onActivityStopped": "EaseOut",
			"onAnimationEnd": "Repeat",
			"keyframes": [
				{
					"frame": 0,
					"elements": {
						"origin": {  },
						"handle": {  },
						"head": {  },
						"rotator": { "rotationX": 0.0, "rotationY": 0.0, "rotationZ": 0.0 },
						"S": { "rotationX": -67.5, "rotationY": 0.0, "rotationZ": 0.0 },
						"W": { "rotationX": 0.0, "rotationY": 0.0, "rotationZ": -67.5 },
						"E": { "rotationX": 0.0, "rotationY": 0.0, "rotationZ": 67.5 },
						"N": { "rotationX": 67.5, "rotationY": 0.0, "rotationZ": 0.0 },
						"light": { "rotationX": 0.0, "rotationY": 0.0, "rotationZ": 0.0 }
					}
				},
				{
					"frame": 29,
					"elements": {
						"origin": {  },
						"handle": {  },
						"head": {  },
						"rotator": { "rotationX": 0.0, "rotationY": 359.0, "rotationZ": 0.0 },
						"light": { "rotationX": 0.0, "rotationY": -359.0, "rotationZ": 0.0 }
					}
				}
			]
		},

		{
			"name": "on-open",
			"code": "on-open",
			"quantityframes": 30,
			"onActivityStopped": "Stop",
			"onAnimationEnd": "Hold",
			"keyframes": [
				{
					"frame": 0,
					"elements": {
						"origin": {  },
						"handle": {  },
						"head": {  },
						"rotator": {  },
						"S": { "rotationX": 0.0, "rotationY": 0.0, "rotationZ": 0.0 },
						"W": { "rotationX": 0.0, "rotationY": 0.0, "rotationZ": 0.0 },
						"E": { "rotationX": 0.0, "rotationY": 0.0, "rotationZ": 0.0 },
						"N": { "rotationX": 0.0, "rotationY": 0.0, "rotationZ": 0.0 },
						"light": { "rotationX": 0.0, "rotationY": 0.0, "rotationZ": 0.0 }
					}
				},
				{
					"frame": 20,
					"elements": {
						"origin": {  },
						"handle": {  },
						"head": {  },
						"rotator": {  },
						"S": { "rotationX": -95.0, "rotationY": 0.0, "rotationZ": 0.0 },
						"N": { "rotationX": 95.0, "rotationY": 0.0, "rotationZ": 0.0 },
						"W": { "rotationX": 0.0, "rotationY": 0.0, "rotationZ": -95.0 },
						"E": { "rotationX": 0.0, "rotationY": 0.0, "rotationZ": 95.0 },
						"light": { "rotationX": 0.0, "rotationY": -22.5, "rotationZ": 0.0 }
					}
				},
				{
					"frame": 25,
					"elements": {
						"origin": {  },
						"handle": {  },
						"head": {  },
						"rotator": {  },
						"W": { "rotationX": 0.0, "rotationY": 0.0, "rotationZ": -45.0 },
						"S": { "rotationX": -45.0, "rotationY": 0.0, "rotationZ": 0.0 },
						"E": { "rotationX": 0.0, "rotationY": 0.0, "rotationZ": 45.0 },
						"N": { "rotationX": 45.0, "rotationY": 0.0, "rotationZ": 0.0 },
						"light": { "rotationX": 0.0, "rotationY": 22.5, "rotationZ": 0.0 }
					}
				},
				{
					"frame": 29,
					"elements": {
						"origin": {  },
						"handle": {  },
						"head": {  },
						"rotator": {  },
						"E": { "rotationX": 0.0, "rotationY": 0.0, "rotationZ": 67.5 },
						"N": { "rotationX": 67.5, "rotationY": 0.0, "rotationZ": 0.0 },
						"W": { "rotationX": 0.0, "rotationY": 0.0, "rotationZ": -67.5 },
						"S": { "rotationX": -67.5, "rotationY": 0.0, "rotationZ": 0.0 }
					}
				}
			]
		},

		{
			"name": "on-reverse",
			"code": "on-reverse",
			"quantityframes": 30,
			"onActivityStopped": "EaseOut",
			"onAnimationEnd": "Repeat",
			"keyframes": [
				{
					"frame": 0,
					"elements": {
						"origin": {  },
						"handle": {  },
						"head": {  },
						"rotator": { "rotationX": 0.0, "rotationY": 0.0, "rotationZ": 0.0 },
						"S": { "rotationX": -67.5, "rotationY": 0.0, "rotationZ": -22.5 },
						"wingS": { "rotationX": -45.0, "rotationY": 0.0, "rotationZ": 0.0 },
						"W": { "rotationX": 22.5, "rotationY": 0.0, "rotationZ": -67.5 },
						"wingW": { "rotationX": 0.0, "rotationY": 0.0, "rotationZ": -45.0 },
						"E": { "rotationX": -22.5, "rotationY": 0.0, "rotationZ": 67.5 },
						"wingE": { "rotationX": 0.0, "rotationY": 0.0, "rotationZ": 45.0 },
						"N": { "rotationX": 67.5, "rotationY": 0.0, "rotationZ": 22.5 },
						"wingN": { "rotationX": 45.0, "rotationY": 0.0, "rotationZ": 0.0 },
						"light": { "rotationX": 0.0, "rotationY": 0.0, "rotationZ": 0.0 }
					}
				},
				{
					"frame": 29,
					"elements": {
						"origin": {  },
						"handle": {  },
						"head": {  },
						"rotator": { "rotationX": 0.0, "rotationY": -359.0, "rotationZ": 0.0 },
						"light": { "rotationX": 0.0, "rotationY": -359.0, "rotationZ": 0.0 }
					}
				}
			]
		}
	]
}