[
	{
    "file": "game:itemtypes/resource/ore-graded.json",
    "op": "add",
		"path": "/crushingPropsByType/ore-poor-nativecopper-*",
		"value": {
			"crushedStack": { "type": "item", "code": "coloredtorches:crushed-copper", "stacksize": 1 },
			"hardnessTier": 1
		},
    "side": "server"
	},
	{
    "file": "game:itemtypes/resource/ore-graded.json",
    "op": "add",
		"path": "/crushingPropsByType/ore-medium-nativecopper-*",
		"value": {
			"crushedStack": { "type": "item", "code": "coloredtorches:crushed-copper", "stacksize": 1 },
			"hardnessTier": 1
		},
    "side": "server"
	},
	{
    "file": "game:itemtypes/resource/ore-graded.json",
    "op": "add",
		"path": "/crushingPropsByType/ore-rich-nativecopper-*",
		"value": {
			"crushedStack": { "type": "item", "code": "coloredtorches:crushed-copper", "stacksize": 2 },
			"hardnessTier": 1
		},
    "side": "server"
	},
	{
		"file": "game:itemtypes/resource/ore-graded.json",
		"op": "add",
		"path": "/crushingPropsByType/ore-bountiful-nativecopper-*",
		"value": {
			"crushedStack": { "type": "item", "code": "coloredtorches:crushed-copper", "stacksize": 3 },
			"hardnessTier": 1
		},
    "side": "server"
	}
]
