{
	"code": "watercontainermetal",
	"class": "BlockLiquidContainerTopOpened",
	"variantgroups": [
		{ "code": "material", "states": ["copper","brass","tin","tinbronze","bismuthbronze","blackbronze"] },
		{ "code": "subtype", "states": ["plain", "silver", "gold", "electrum", "platinum"] }
	],
    "shapeByType": {
		"*-plain": { "base": "block/watercontainer-metal-{material}" },
		"*": { "base": "block/watercontainer-metal-{material}-trim{subtype}" }
    },
	"behaviors": [
		{ "name": "GroundStorable", "properties": { "layout": 'Quadrants', "collisionBox": { "x1": 0, "y1": 0, "z1": 0, "x2": 1, "y2": 0.125, "z2": 1 } } },
		{ "name": "Unplaceable", "__comment": "The ground storable obsoletes this being a block. Should be an item, but is kept a block for backwards compatibility" },	
		{ "name": "RightClickPickup"} 
	],
	"attributes": {
		groundStorageTransform: {
			translation: { x: 0, y: -0.06, z: 0 },
			scale: 0.85
		},
		onDisplayTransform: {
			translation: { x: 0, y: -0.12, z: 0 },
			rotation: { x: 0, y: 45, z: 0 },
			scale: 0.75
		},
		"shelvable": true,
		"allowHeldLiquidTransfer": true,
		"liquidContainerPropsByType": {
			"*-plain": {
				"capacityLitres": 3,
				"transferSizeLitres": 0.2,
				"emptyShapeLoc": "liquidcontainers:shapes/block/watercontainer-metal-{material}",
				"opaqueContentShapeLoc": "game:shapes/block/basic/nothing",
				"liquidContentShapeLoc": "game:shapes/block/basic/nothing",
				"liquidMaxYTranslate": 0.05
			},
            "*-silver": {
				"capacityLitres": 3,
				"transferSizeLitres": 0.2,
				"emptyShapeLoc": "liquidcontainers:shapes/block/watercontainer-metal-{material}-trimsilver",
				"opaqueContentShapeLoc": "game:shapes/block/basic/nothing",
				"liquidContentShapeLoc": "game:shapes/block/basic/nothing",
				"liquidMaxYTranslate": 0.05
			},
            "*-gold": {
				"capacityLitres": 3,
				"transferSizeLitres": 0.2,
				"emptyShapeLoc": "liquidcontainers:shapes/block/watercontainer-metal-{material}-trimgold",
				"opaqueContentShapeLoc": "game:shapes/block/basic/nothing",
				"liquidContentShapeLoc": "game:shapes/block/basic/nothing",
				"liquidMaxYTranslate": 0.05
			},
            "*-electrum": {
				"capacityLitres": 3,
				"transferSizeLitres": 0.2,
				"emptyShapeLoc": "liquidcontainers:shapes/block/watercontainer-metal-{material}-trimelectrum",
				"opaqueContentShapeLoc": "game:shapes/block/basic/nothing",
				"liquidContentShapeLoc": "game:shapes/block/basic/nothing",
				"liquidMaxYTranslate": 0.05
			},
            "*-platinum": {
				"capacityLitres": 3,
				"transferSizeLitres": 0.2,
				"emptyShapeLoc": "liquidcontainers:shapes/block/watercontainer-metal-{material}-trimplatinum",
				"opaqueContentShapeLoc": "game:shapes/block/basic/nothing",
				"liquidContentShapeLoc": "game:shapes/block/basic/nothing",
				"liquidMaxYTranslate": 0.05
			}
		}
	},	
	"doNotRenderAtLod2": true,
	"creativeinventory": { "general": ["*"], "decorative": ["*"] },
	"blockMaterialByType":{
		"*": "Metal"
	},
	"replaceable": 900,
	"resistance": 1.5,
	"liquidSelectable": 1,
	"lightAbsorption": 1,
	"maxStackSize": 8,
	"sidesolid": {
		"all": false
	},
	"sideopaque": {
		"all": false
	},
	"emitsideao": {
		"all": false
	},
	"collisionbox": {
		"x1": 0.3125, "y1": 0, "z1": 0.3125,
		"x2": 0.6875, "y2": 0.4375, "z2": 0.6875
	},
	"selectionbox": {
		"x1": 0.3125, "y1": 0, "z1": 0.3125,
		"x2": 0.6875, "y2": 0.4375, "z2": 0.6875
	},
	fpHandTransformByType: {
		"*": {
			translation: { x: 0, y: 0.15, z: 0 },
			origin: { x: 0.5, y: 0, z: 0.5 },
			scale: 2.3
		}
	},
	tpHandTransformByType: {
		"*": {
		translation: { x: -0.55, y: -0.05, z: -0.6 },
		rotation: { x: 12, y: 0, z: -90 },
		origin: { x: 0.5, y: 0, z: 0.5 },
		scale: 0.8
		}
	},
	"groundTransform": {
		origin: { x: 0.5, y: 0, z: 0.5 },
		scale: 4
	},
	"guiTransform": {
		"origin": { "x": 0.5, "y": 0.3, "z": 0.5 },
		"scale": 1.9
	}

}
