{
	"ingredientPattern": "OTO,OTO,SGS",
	"ingredients": {
		"S": {
			"type": "item",
			"code": "game:stone-*",
			"name": "rock",
			"allowedVariants": [ "andesite", "chalk", "chert", "conglomerate", "limestone", "claystone", "granite", "sandstone", "shale", "basalt", "peridotite", "phyllite", "slate", "bauxite" ],
			"quantity": 1
		},
		"T": {
			"type": "item",
			"code": "driftertear",
			"quantity": 2
		},
		"G": {
			"type": "item",
			"code": "game:gear-temporal",
			"quantity": 1
		},
		"O": {
			"type": "item",
			"code": "game:stone-obsidian",
			"quantity": 1
		}
	},
	"width": 3,
	"height": 3,
	"output": {
		"type": "block",
		"code": "temporalinfuser-off",
		"quantity": 1
	}
}
