{
	"ingredientPattern": "_K_,TGT,TOT",
	"ingredients": {
		"T": {
			"type": "item",
			"code": "driftertear",
			"quantity": 4
		},
		"O": {
			"type": "item",
			"code": "game:stone-obsidian",
			"quantity": 1
		},
		"G": {
			"type": "item",
			"code": "game:gear-temporal",
			"quantity": 1
		},
		"K": {
			"type": "item",
			"code": "game:chisel-*",
			"isTool": true
		}
	},
	"width": 3,
	"height": 3,
	"output": {
		"type": "item",
		"code": "temporalcrux",
		"quantity": 1
	}
}
