{
  "code": "displaycasewall21",
  "attributes": {
    "height": 0.2,
    "quantitySlots": 8,
    "scale": 0.65
  },
  "class": "blockdisplaycasewall",
  "entityClass": "bedisplaycasewall",
  "behaviors": [
    { "name": "HorizontalAttachable" },
    {
      "name": "blockbehaviordisplaycasewall",
      "propertiesByType": {
        "*-north": {
          "sizex": 2,
          "sizey": 1,
          "sizez": 1,
          "cposition": {
            "x": 0,
            "y": 0,
            "z": 0
          }
        },
        "*-east": {
          "sizex": 1,
          "sizey": 1,
          "sizez": 2,
          "cposition": {
            "x": 0,
            "y": 0,
            "z": 0
          }
        },
        "*-south": {
          "sizex": 2,
          "sizey": 1,
          "sizez": 1,
          "cposition": {
            "x": 1,
            "y": 0,
            "z": 0
          }
        },
        "*-west": {
          "sizex": 1,
          "sizey": 1,
          "sizez": 2,
          "cposition": {
            "x": 0,
            "y": 0,
            "z": 1
          }
        }
      }
    }
  ],

  "variantgroups": [
    {
      "code": "side",
      "loadFromProperties": "abstract/horizontalorientation"
    }
  ],
  "creativeinventory": {
    "general": [ "*-north" ],
    "displaycasewall": [ "*-north" ]
  },
  "shape": {
    "base": "block/wood/displaycase/displaycasewall-21",
    "rotateYByType": {
      "*-north": 0,
      "*-east": 270,
      "*-south": 180,
      "*-west": 90
    }
  },
  "drops": [
    {
      "type": "block",
      "code": "displaycasewall21-north",
      "quantity": { "avg": 1 }
    }
  ],
  "drawtype": "json",
  "blockmaterial": "Wood",
  "replaceable": 600,
  "resistance": 3,
  "lightAbsorption": 0,
  "heldTpIdleAnimation": "holdbothhandslarge",
  "heldRightReadyAnimation": "heldblockready",
  "heldTpUseAnimation": "twohandplaceblock",
  "sounds": {
    "place": "game:block/planks",
    "break": "game:block/glass",
    "hit": "game:block/glass",
    "walk": "game:walk/glass*"
  },
  "collisionSelectionBoxesByType": {
    "*-north": [
      {
        "x1": 0.0625,
        "y1": 0.0625,
        "z1": 0.0625,
        "x2": 0.5,
        "y2": 0.5,
        "z2": 0.2,
        "rotateY": 0
      },
      {
        "x1": 0.5,
        "y1": 0.0625,
        "z1": 0.0625,
        "x2": 0.9375,
        "y2": 0.5,
        "z2": 0.2,
        "rotateY": 0
      },
      {
        "x1": 0.0625,
        "y1": 0.5,
        "z1": 0.2,
        "x2": 0.5,
        "y2": 0.9375,
        "z2": 0.0625,
        "rotateY": 0
      },
      {
        "x1": 0.5,
        "y1": 0.5,
        "z1": 0.2,
        "x2": 0.9375,
        "y2": 0.9375,
        "z2": 0.0625,
        "rotateY": 0
      },
      {
        "x1": 0.2,
        "y1": 0.2,
        "z1": 0.2,
        "x2": 0.9375,
        "y2": 0.9375,
        "z2": 0.0625,
        "rotateY": 0
      }
    ],
    "*-east": [
      {
        "x1": 0.0625,
        "y1": 0.0625,
        "z1": 0.0625,
        "x2": 0.5,
        "y2": 0.5,
        "z2": 0.2,
        "rotateY": 270
      },
      {
        "x1": 0.5,
        "y1": 0.0625,
        "z1": 0.0625,
        "x2": 0.9375,
        "y2": 0.5,
        "z2": 0.2,
        "rotateY": 270
      },
      {
        "x1": 0.0625,
        "y1": 0.5,
        "z1": 0.2,
        "x2": 0.5,
        "y2": 0.9375,
        "z2": 0.0625,
        "rotateY": 270
      },
      {
        "x1": 0.5,
        "y1": 0.5,
        "z1": 0.2,
        "x2": 0.9375,
        "y2": 0.9375,
        "z2": 0.0625,
        "rotateY": 270
      }
    ],
    "*-south": [
      {
        "x1": 0.0625,
        "y1": 0.0625,
        "z1": 0.0625,
        "x2": 0.5,
        "y2": 0.5,
        "z2": 0.2,
        "rotateY": 180
      },
      {
        "x1": 0.5,
        "y1": 0.0625,
        "z1": 0.0625,
        "x2": 0.9375,
        "y2": 0.5,
        "z2": 0.2,
        "rotateY": 180
      },
      {
        "x1": 0.0625,
        "y1": 0.5,
        "z1": 0.2,
        "x2": 0.5,
        "y2": 0.9375,
        "z2": 0.0625,
        "rotateY": 180
      },
      {
        "x1": 0.5,
        "y1": 0.5,
        "z1": 0.2,
        "x2": 0.9375,
        "y2": 0.9375,
        "z2": 0.0625,
        "rotateY": 180
      }
    ],
    "*-west": [
      {
        "x1": 0.0625,
        "y1": 0.0625,
        "z1": 0.0625,
        "x2": 0.5,
        "y2": 0.5,
        "z2": 0.2,
        "rotateY": 90
      },
      {
        "x1": 0.5,
        "y1": 0.0625,
        "z1": 0.0625,
        "x2": 0.9375,
        "y2": 0.5,
        "z2": 0.2,
        "rotateY": 90
      },
      {
        "x1": 0.0625,
        "y1": 0.5,
        "z1": 0.2,
        "x2": 0.5,
        "y2": 0.9375,
        "z2": 0.0625,
        "rotateY": 90
      },
      {
        "x1": 0.5,
        "y1": 0.5,
        "z1": 0.2,
        "x2": 0.9375,
        "y2": 0.9375,
        "z2": 0.0625,
        "rotateY": 90
      }
    ]
  },

  "sideopaque": { "all": false },
  "sideao": { "all": true },
  "emitsideao": { "all": false },
  "sidesolid": { "all": false },
  "tpHandTransform": {
    "translation": {
      "x": -1.64,
      "y": -0.39,
      "z": -0.73
    },
    "rotation": {
      "x": 98,
      "y": 104,
      "z": -81
    },

    "origin": {
      "x": 0.5,
      "y": 0.25,
      "z": 0.5
    },
    "scale": 0.5
  },
  "guiTransform": {
    "rotate":  false,
    "rotation": {
      "x": -22.6,
      "y": 142,
      "z": 0
    },
    "origin": {
      "x": 0.5,
      "y": 0.2,
      "z": -0.6
    },
    "scale": 0.94
  }
}
