{
	"editor": {
		"allAngles": true,
		"entityTextureMode": false
	},
	"textureWidth": 16,
	"textureHeight": 16,
	"textureSizes": {
	},
	"textures": {
		"bonesrotten-humanoid": "block/bonehumanoid"
	},
	"elements": [
		{
			"name": "Skull",
			"from": [ 6.0, 0.5, 5.0 ], 
			"to": [ 10.0, 4.5, 9.0 ], 
			"rotationOrigin": [ 8.0, 2.5, 7.0 ],
			"rotationX": -14.0,
			"rotationY": -33.0,
			"faces": {
				"north": { "texture": "#bonesrotten-humanoid", "uv": [ 9.5, 5.5, 13.5, 9.5 ] },
				"east": { "texture": "#bonesrotten-humanoid", "uv": [ 9.5, 10.0, 13.5, 14.0 ] },
				"south": { "texture": "#bonesrotten-humanoid", "uv": [ 3.0, 1.5, 9.0, 7.5 ], "autoUv": false },
				"west": { "texture": "#bonesrotten-humanoid", "uv": [ 0.0, 0.0, 4.0, 4.0 ] },
				"up": { "texture": "#bonesrotten-humanoid", "uv": [ 9.5, 7.0, 13.5, 11.0 ] },
				"down": { "texture": "#bonesrotten-humanoid", "uv": [ 8.5, 8.5, 12.5, 12.5 ] }
			},
			"children": [
				{
					"name": "Cube2",
					"from": [ 1.3, 0.4, 3.7 ], 
					"to": [ 2.7, 1.8, 4.7 ], 
					"rotationOrigin": [ 1.3, 0.4, 3.7 ],
					"faces": {
						"north": { "texture": "#bonesrotten-humanoid", "uv": [ 0.0, 0.0, 1.0, 1.0 ], "enabled": false },
						"east": { "texture": "#bonesrotten-humanoid", "uv": [ 8.0, 7.5, 11.5, 11.0 ], "autoUv": false },
						"south": { "texture": "#bonesrotten-humanoid", "uv": [ 2.0, 9.5, 4.5, 12.5 ], "autoUv": false },
						"west": { "texture": "#bonesrotten-humanoid", "uv": [ 7.0, 6.5, 8.5, 8.0 ], "autoUv": false },
						"up": { "texture": "#bonesrotten-humanoid", "uv": [ 7.5, 9.5, 10.0, 12.0 ], "autoUv": false },
						"down": { "texture": "#bonesrotten-humanoid", "uv": [ 7.5, 12.5, 10.0, 15.0 ], "autoUv": false }
					},
					"children": [
						{
							"name": "Cube3",
							"from": [ -0.5, -1.3, -2.2 ], 
							"to": [ 1.8, 0.3, 0.8 ], 
							"rotationOrigin": [ -0.5, -1.3, -2.2 ],
							"faces": {
								"north": { "texture": "#bonesrotten-humanoid", "uv": [ 0.0, 0.0, 2.0, 1.5 ], "enabled": false },
								"east": { "texture": "#bonesrotten-humanoid", "uv": [ 11.5, 13.5, 16.0, 16.0 ], "autoUv": false },
								"south": { "texture": "#bonesrotten-humanoid", "uv": [ 6.5, 14.0, 11.0, 16.0 ], "autoUv": false },
								"west": { "texture": "#bonesrotten-humanoid", "uv": [ 0.0, 13.5, 5.0, 16.0 ], "autoUv": false },
								"up": { "texture": "#bonesrotten-humanoid", "uv": [ 0.0, 0.0, 2.0, 3.0 ] },
								"down": { "texture": "#bonesrotten-humanoid", "uv": [ 0.0, 0.0, 2.0, 3.0 ], "enabled": false }
							}
						}
					]
				}
			]
		},
		{
			"name": "Armbone",
			"from": [ 3.0, 0.0, 1.0 ], 
			"to": [ 11.0, 0.8, 1.8 ], 
			"rotationOrigin": [ 6.0, 0.0, 1.4 ],
			"rotationX": 90.0,
			"rotationZ": 19.0,
			"faces": {
				"north": { "texture": "#bonesrotten-humanoid", "uv": [ 0.0, 0.0, 8.0, 0.5 ] },
				"east": { "texture": "#bonesrotten-humanoid", "uv": [ 0.0, 0.0, 0.5, 0.5 ] },
				"south": { "texture": "#bonesrotten-humanoid", "uv": [ 0.0, 0.0, 8.0, 0.5 ] },
				"west": { "texture": "#bonesrotten-humanoid", "uv": [ 0.0, 0.0, 0.5, 0.5 ] },
				"up": { "texture": "#bonesrotten-humanoid", "uv": [ 0.0, 0.0, 8.0, 0.5 ] },
				"down": { "texture": "#bonesrotten-humanoid", "uv": [ 0.0, 0.0, 8.0, 0.5 ] }
			},
			"children": [
				{
					"name": "Cube5",
					"from": [ -0.6, 0.3, -0.1 ], 
					"to": [ 0.6, 1.4, 0.9 ], 
					"rotationOrigin": [ -0.6, 0.3, -0.1 ],
					"faces": {
						"north": { "texture": "#bonesrotten-humanoid", "uv": [ 6.0, 6.5, 7.0, 7.5 ] },
						"east": { "texture": "#bonesrotten-humanoid", "uv": [ 9.5, 10.5, 10.5, 11.5 ] },
						"south": { "texture": "#bonesrotten-humanoid", "uv": [ 9.5, 6.0, 10.5, 7.0 ] },
						"west": { "texture": "#bonesrotten-humanoid", "uv": [ 11.0, 8.5, 12.0, 9.5 ] },
						"up": { "texture": "#bonesrotten-humanoid", "uv": [ 7.0, 5.0, 8.0, 6.0 ] },
						"down": { "texture": "#bonesrotten-humanoid", "uv": [ 6.0, 6.5, 7.0, 7.5 ] }
					}
				},
				{
					"name": "Cube6",
					"from": [ 7.4, 0.3, -0.1 ], 
					"to": [ 8.4, 1.3, 0.9 ], 
					"rotationOrigin": [ 7.4, 0.3, -0.1 ],
					"rotationZ": -17.0,
					"faces": {
						"north": { "texture": "#bonesrotten-humanoid", "uv": [ 5.0, 7.0, 6.0, 8.0 ] },
						"east": { "texture": "#bonesrotten-humanoid", "uv": [ 6.0, 4.5, 7.0, 5.5 ] },
						"south": { "texture": "#bonesrotten-humanoid", "uv": [ 6.0, 6.5, 7.0, 7.5 ] },
						"west": { "texture": "#bonesrotten-humanoid", "uv": [ 8.0, 6.5, 9.0, 7.5 ] },
						"up": { "texture": "#bonesrotten-humanoid", "uv": [ 9.0, 12.5, 10.0, 13.5 ] },
						"down": { "texture": "#bonesrotten-humanoid", "uv": [ 12.5, 3.0, 13.5, 4.0 ] }
					}
				},
				{
					"name": "Cube7",
					"from": [ 7.4, -0.2, -0.2 ], 
					"to": [ 8.4, 0.8, 1.0 ], 
					"rotationOrigin": [ 7.4, -0.2, -0.2 ],
					"rotationZ": -17.0,
					"faces": {
						"north": { "texture": "#bonesrotten-humanoid", "uv": [ 5.5, 8.0, 6.5, 9.0 ] },
						"east": { "texture": "#bonesrotten-humanoid", "uv": [ 1.5, 5.0, 2.5, 6.0 ] },
						"south": { "texture": "#bonesrotten-humanoid", "uv": [ 6.0, 5.5, 7.0, 6.5 ] },
						"west": { "texture": "#bonesrotten-humanoid", "uv": [ 3.5, 4.0, 4.5, 5.0 ] },
						"up": { "texture": "#bonesrotten-humanoid", "uv": [ 3.0, 5.0, 4.0, 6.0 ] },
						"down": { "texture": "#bonesrotten-humanoid", "uv": [ 4.0, 5.5, 5.0, 6.5 ] }
					}
				}
			]
		},
		{
			"name": "Spine",
			"from": [ 9.5, 0.3, 3.0 ], 
			"to": [ 10.3, 7.3, 3.8 ], 
			"rotationOrigin": [ 10.0, 0.3, 4.4 ],
			"rotationY": -152.0,
			"rotationZ": 90.0,
			"faces": {
				"north": { "texture": "#bonesrotten-humanoid", "uv": [ 0.0, 0.0, 0.5, 7.0 ] },
				"east": { "texture": "#bonesrotten-humanoid", "uv": [ 12.0, 5.0, 14.5, 13.0 ], "autoUv": false },
				"south": { "texture": "#bonesrotten-humanoid", "uv": [ 0.0, 0.0, 0.5, 7.0 ] },
				"west": { "texture": "#bonesrotten-humanoid", "uv": [ 0.0, 0.0, 0.5, 7.0 ] },
				"up": { "texture": "#bonesrotten-humanoid", "uv": [ 0.0, 0.0, 0.5, 0.5 ] },
				"down": { "texture": "#bonesrotten-humanoid", "uv": [ 8.0, 8.5, 9.0, 10.0 ], "autoUv": false }
			},
			"children": [
				{
					"name": "Cube9",
					"from": [ 0.0, 5.0, 0.5 ], 
					"to": [ 0.6, 5.6, 3.1 ], 
					"rotationOrigin": [ 0.0, 5.0, 0.5 ],
					"rotationY": 10.0,
					"faces": {
						"north": { "texture": "#bonesrotten-humanoid", "uv": [ 0.0, 0.0, 0.5, 0.5 ] },
						"east": { "texture": "#bonesrotten-humanoid", "uv": [ 0.0, 0.0, 2.5, 0.5 ] },
						"south": { "texture": "#bonesrotten-humanoid", "uv": [ 0.0, 0.0, 0.5, 0.5 ] },
						"west": { "texture": "#bonesrotten-humanoid", "uv": [ 0.0, 0.0, 2.5, 0.5 ] },
						"up": { "texture": "#bonesrotten-humanoid", "uv": [ 0.0, 0.0, 0.5, 2.5 ] },
						"down": { "texture": "#bonesrotten-humanoid", "uv": [ 0.0, 0.0, 0.5, 2.5 ] }
					},
					"children": [
						{
							"name": "Cube18",
							"from": [ 0.1, -0.2, 2.0 ], 
							"to": [ 0.7, 0.4, 4.6 ], 
							"rotationOrigin": [ 0.1, -0.2, 2.0 ],
							"rotationY": 36.0,
							"faces": {
								"north": { "texture": "#bonesrotten-humanoid", "uv": [ 0.0, 0.0, 0.5, 0.5 ] },
								"east": { "texture": "#bonesrotten-humanoid", "uv": [ 0.0, 0.0, 2.5, 0.5 ] },
								"south": { "texture": "#bonesrotten-humanoid", "uv": [ 0.0, 0.0, 0.5, 0.5 ] },
								"west": { "texture": "#bonesrotten-humanoid", "uv": [ 0.0, 0.0, 2.5, 0.5 ] },
								"up": { "texture": "#bonesrotten-humanoid", "uv": [ 0.0, 0.0, 0.5, 2.5 ] },
								"down": { "texture": "#bonesrotten-humanoid", "uv": [ 0.0, 0.0, 0.5, 2.5 ] }
							}
						},
						{
							"name": "Cube19",
							"from": [ 0.1, -1.2, 2.0 ], 
							"to": [ 0.7, -0.6, 4.6 ], 
							"rotationOrigin": [ 0.1, -1.2, 2.0 ],
							"rotationY": 72.0,
							"faces": {
								"north": { "texture": "#bonesrotten-humanoid", "uv": [ 0.0, 0.0, 0.5, 0.5 ] },
								"east": { "texture": "#bonesrotten-humanoid", "uv": [ 0.0, 0.0, 2.5, 0.5 ] },
								"south": { "texture": "#bonesrotten-humanoid", "uv": [ 0.0, 0.0, 0.5, 0.5 ] },
								"west": { "texture": "#bonesrotten-humanoid", "uv": [ 0.0, 0.0, 2.5, 0.5 ] },
								"up": { "texture": "#bonesrotten-humanoid", "uv": [ 0.0, 0.0, 0.5, 2.5 ] },
								"down": { "texture": "#bonesrotten-humanoid", "uv": [ 0.0, 0.0, 0.5, 2.5 ] }
							}
						},
						{
							"name": "Cube20",
							"from": [ 0.1, -2.2, 2.0 ], 
							"to": [ 0.7, -1.6, 4.6 ], 
							"rotationOrigin": [ 0.1, -2.2, 2.0 ],
							"rotationY": 36.0,
							"faces": {
								"north": { "texture": "#bonesrotten-humanoid", "uv": [ 0.0, 0.0, 0.5, 0.5 ] },
								"east": { "texture": "#bonesrotten-humanoid", "uv": [ 0.0, 0.0, 2.5, 0.5 ] },
								"south": { "texture": "#bonesrotten-humanoid", "uv": [ 0.0, 0.0, 0.5, 0.5 ] },
								"west": { "texture": "#bonesrotten-humanoid", "uv": [ 0.0, 0.0, 2.5, 0.5 ] },
								"up": { "texture": "#bonesrotten-humanoid", "uv": [ 0.0, 0.0, 0.5, 2.5 ] },
								"down": { "texture": "#bonesrotten-humanoid", "uv": [ 0.0, 0.0, 0.5, 2.5 ] }
							}
						},
						{
							"name": "Cube21",
							"from": [ 0.1, -3.2, 1.8 ], 
							"to": [ 0.7, -2.6, 3.9 ], 
							"rotationOrigin": [ 0.1, -3.2, 1.8 ],
							"rotationY": 36.0,
							"faces": {
								"north": { "texture": "#bonesrotten-humanoid", "uv": [ 0.0, 0.0, 0.5, 0.5 ] },
								"east": { "texture": "#bonesrotten-humanoid", "uv": [ 0.0, 0.0, 2.0, 0.5 ] },
								"south": { "texture": "#bonesrotten-humanoid", "uv": [ 0.0, 0.0, 0.5, 0.5 ] },
								"west": { "texture": "#bonesrotten-humanoid", "uv": [ 0.0, 0.0, 2.0, 0.5 ] },
								"up": { "texture": "#bonesrotten-humanoid", "uv": [ 0.0, 0.0, 0.5, 2.0 ] },
								"down": { "texture": "#bonesrotten-humanoid", "uv": [ 0.0, 0.0, 0.5, 2.0 ] }
							}
						}
					]
				},
				{
					"name": "Cube10",
					"from": [ 0.0, 4.0, 0.5 ], 
					"to": [ 0.6, 4.6, 3.1 ], 
					"rotationOrigin": [ 0.0, 4.0, 0.5 ],
					"rotationY": 20.0,
					"faces": {
						"north": { "texture": "#bonesrotten-humanoid", "uv": [ 0.0, 0.0, 0.5, 0.5 ] },
						"east": { "texture": "#bonesrotten-humanoid", "uv": [ 0.0, 0.0, 2.5, 0.5 ] },
						"south": { "texture": "#bonesrotten-humanoid", "uv": [ 0.0, 0.0, 0.5, 0.5 ] },
						"west": { "texture": "#bonesrotten-humanoid", "uv": [ 0.0, 0.0, 2.5, 0.5 ] },
						"up": { "texture": "#bonesrotten-humanoid", "uv": [ 0.0, 0.0, 0.5, 2.5 ] },
						"down": { "texture": "#bonesrotten-humanoid", "uv": [ 0.0, 0.0, 0.5, 2.5 ] }
					}
				},
				{
					"name": "Cube11",
					"from": [ 0.0, 3.0, 0.5 ], 
					"to": [ 0.6, 3.6, 3.1 ], 
					"rotationOrigin": [ 0.0, 3.0, 0.5 ],
					"rotationY": 10.0,
					"faces": {
						"north": { "texture": "#bonesrotten-humanoid", "uv": [ 0.0, 0.0, 0.5, 0.5 ] },
						"east": { "texture": "#bonesrotten-humanoid", "uv": [ 0.0, 0.0, 2.5, 0.5 ] },
						"south": { "texture": "#bonesrotten-humanoid", "uv": [ 0.0, 0.0, 0.5, 0.5 ] },
						"west": { "texture": "#bonesrotten-humanoid", "uv": [ 0.0, 0.0, 2.5, 0.5 ] },
						"up": { "texture": "#bonesrotten-humanoid", "uv": [ 0.0, 0.0, 0.5, 2.5 ] },
						"down": { "texture": "#bonesrotten-humanoid", "uv": [ 0.0, 0.0, 0.5, 2.5 ] }
					}
				},
				{
					"name": "Cube12",
					"from": [ 0.0, 2.0, 0.5 ], 
					"to": [ 0.6, 2.6, 2.6 ], 
					"rotationOrigin": [ 0.0, 2.0, 0.5 ],
					"rotationY": 10.0,
					"faces": {
						"north": { "texture": "#bonesrotten-humanoid", "uv": [ 0.0, 0.0, 0.5, 0.5 ] },
						"east": { "texture": "#bonesrotten-humanoid", "uv": [ 0.0, 0.0, 2.0, 0.5 ] },
						"south": { "texture": "#bonesrotten-humanoid", "uv": [ 0.0, 0.0, 0.5, 0.5 ] },
						"west": { "texture": "#bonesrotten-humanoid", "uv": [ 0.0, 0.0, 2.0, 0.5 ] },
						"up": { "texture": "#bonesrotten-humanoid", "uv": [ 0.0, 0.0, 0.5, 2.0 ] },
						"down": { "texture": "#bonesrotten-humanoid", "uv": [ 0.0, 0.0, 0.5, 2.0 ] }
					}
				},
				{
					"name": "Cube13",
					"from": [ 0.0, 5.0, -2.4 ], 
					"to": [ 0.6, 5.6, 0.2 ], 
					"rotationOrigin": [ 0.0, 5.0, -0.1 ],
					"rotationY": -10.0,
					"faces": {
						"north": { "texture": "#bonesrotten-humanoid", "uv": [ 0.0, 0.0, 0.5, 0.5 ] },
						"east": { "texture": "#bonesrotten-humanoid", "uv": [ 0.0, 0.0, 2.5, 0.5 ] },
						"south": { "texture": "#bonesrotten-humanoid", "uv": [ 0.0, 0.0, 0.5, 0.5 ] },
						"west": { "texture": "#bonesrotten-humanoid", "uv": [ 0.0, 0.0, 2.5, 0.5 ] },
						"up": { "texture": "#bonesrotten-humanoid", "uv": [ 0.0, 0.0, 0.5, 2.5 ] },
						"down": { "texture": "#bonesrotten-humanoid", "uv": [ 0.0, 0.0, 0.5, 2.5 ] }
					},
					"children": [
						{
							"name": "Cube22",
							"from": [ 0.0, -0.1, -2.0 ], 
							"to": [ 0.6, 0.5, 0.6 ], 
							"rotationOrigin": [ 0.0, -0.1, 0.7 ],
							"rotationY": -36.0,
							"faces": {
								"north": { "texture": "#bonesrotten-humanoid", "uv": [ 0.0, 0.0, 0.5, 0.5 ] },
								"east": { "texture": "#bonesrotten-humanoid", "uv": [ 0.0, 0.0, 2.5, 0.5 ] },
								"south": { "texture": "#bonesrotten-humanoid", "uv": [ 0.0, 0.0, 0.5, 0.5 ] },
								"west": { "texture": "#bonesrotten-humanoid", "uv": [ 0.0, 0.0, 2.5, 0.5 ] },
								"up": { "texture": "#bonesrotten-humanoid", "uv": [ 0.0, 0.0, 0.5, 2.5 ] },
								"down": { "texture": "#bonesrotten-humanoid", "uv": [ 0.0, 0.0, 0.5, 2.5 ] }
							}
						},
						{
							"name": "Cube23",
							"from": [ 0.0, -1.1, -2.0 ], 
							"to": [ 0.6, -0.5, 0.6 ], 
							"rotationOrigin": [ 0.0, -1.1, 0.7 ],
							"rotationY": -36.0,
							"faces": {
								"north": { "texture": "#bonesrotten-humanoid", "uv": [ 0.0, 0.0, 0.5, 0.5 ] },
								"east": { "texture": "#bonesrotten-humanoid", "uv": [ 0.0, 0.0, 2.5, 0.5 ] },
								"south": { "texture": "#bonesrotten-humanoid", "uv": [ 0.0, 0.0, 0.5, 0.5 ] },
								"west": { "texture": "#bonesrotten-humanoid", "uv": [ 0.0, 0.0, 2.5, 0.5 ] },
								"up": { "texture": "#bonesrotten-humanoid", "uv": [ 0.0, 0.0, 0.5, 2.5 ] },
								"down": { "texture": "#bonesrotten-humanoid", "uv": [ 0.0, 0.0, 0.5, 2.5 ] }
							}
						},
						{
							"name": "Cube24",
							"from": [ 0.0, -2.1, -2.0 ], 
							"to": [ 0.6, -1.5, 0.6 ], 
							"rotationOrigin": [ 0.0, -2.1, 0.7 ],
							"rotationY": -36.0,
							"faces": {
								"north": { "texture": "#bonesrotten-humanoid", "uv": [ 0.0, 0.0, 0.5, 0.5 ] },
								"east": { "texture": "#bonesrotten-humanoid", "uv": [ 0.0, 0.0, 2.5, 0.5 ] },
								"south": { "texture": "#bonesrotten-humanoid", "uv": [ 0.0, 0.0, 0.5, 0.5 ] },
								"west": { "texture": "#bonesrotten-humanoid", "uv": [ 0.0, 0.0, 2.5, 0.5 ] },
								"up": { "texture": "#bonesrotten-humanoid", "uv": [ 0.0, 0.0, 0.5, 2.5 ] },
								"down": { "texture": "#bonesrotten-humanoid", "uv": [ 0.0, 0.0, 0.5, 2.5 ] }
							}
						}
					]
				},
				{
					"name": "Cube14",
					"from": [ 0.0, 4.0, -2.4 ], 
					"to": [ 0.6, 4.6, 0.2 ], 
					"rotationOrigin": [ 0.0, 4.0, -0.1 ],
					"rotationY": -10.0,
					"faces": {
						"north": { "texture": "#bonesrotten-humanoid", "uv": [ 0.0, 0.0, 0.5, 0.5 ] },
						"east": { "texture": "#bonesrotten-humanoid", "uv": [ 0.0, 0.0, 2.5, 0.5 ] },
						"south": { "texture": "#bonesrotten-humanoid", "uv": [ 0.0, 0.0, 0.5, 0.5 ] },
						"west": { "texture": "#bonesrotten-humanoid", "uv": [ 0.0, 0.0, 2.5, 0.5 ] },
						"up": { "texture": "#bonesrotten-humanoid", "uv": [ 0.0, 0.0, 0.5, 2.5 ] },
						"down": { "texture": "#bonesrotten-humanoid", "uv": [ 0.0, 0.0, 0.5, 2.5 ] }
					}
				},
				{
					"name": "Cube15",
					"from": [ 0.0, 3.0, -2.4 ], 
					"to": [ 0.6, 3.6, 0.2 ], 
					"rotationOrigin": [ 0.0, 3.0, -0.1 ],
					"rotationY": -10.0,
					"faces": {
						"north": { "texture": "#bonesrotten-humanoid", "uv": [ 0.0, 0.0, 0.5, 0.5 ] },
						"east": { "texture": "#bonesrotten-humanoid", "uv": [ 0.0, 0.0, 2.5, 0.5 ] },
						"south": { "texture": "#bonesrotten-humanoid", "uv": [ 0.0, 0.0, 0.5, 0.5 ] },
						"west": { "texture": "#bonesrotten-humanoid", "uv": [ 0.0, 0.0, 2.5, 0.5 ] },
						"up": { "texture": "#bonesrotten-humanoid", "uv": [ 0.0, 0.0, 0.5, 2.5 ] },
						"down": { "texture": "#bonesrotten-humanoid", "uv": [ 0.0, 0.0, 0.5, 2.5 ] }
					}
				},
				{
					"name": "Cube17",
					"from": [ 0.0, 2.0, -1.9 ], 
					"to": [ 0.6, 2.6, 0.2 ], 
					"rotationOrigin": [ 0.0, 2.0, 0.2 ],
					"rotationY": -10.0,
					"faces": {
						"north": { "texture": "#bonesrotten-humanoid", "uv": [ 0.0, 0.0, 0.5, 0.5 ] },
						"east": { "texture": "#bonesrotten-humanoid", "uv": [ 0.0, 0.0, 2.0, 0.5 ] },
						"south": { "texture": "#bonesrotten-humanoid", "uv": [ 0.0, 0.0, 0.5, 0.5 ] },
						"west": { "texture": "#bonesrotten-humanoid", "uv": [ 0.0, 0.0, 2.0, 0.5 ] },
						"up": { "texture": "#bonesrotten-humanoid", "uv": [ 0.0, 0.0, 0.5, 2.0 ] },
						"down": { "texture": "#bonesrotten-humanoid", "uv": [ 0.0, 0.0, 0.5, 2.0 ] }
					}
				}
			]
		},
		{
			"name": "HipboneL",
			"from": [ 8.0, 0.0, 10.0 ], 
			"to": [ 10.2, 2.0, 10.7 ], 
			"rotationOrigin": [ 8.0, 0.0, 10.0 ],
			"rotationX": -90.0,
			"rotationZ": -116.0,
			"faces": {
				"north": { "texture": "#bonesrotten-humanoid", "uv": [ 0.0, 0.0, 2.0, 2.0 ] },
				"east": { "texture": "#bonesrotten-humanoid", "uv": [ 8.5, 9.0, 9.0, 11.0 ] },
				"south": { "texture": "#bonesrotten-humanoid", "uv": [ 10.0, 9.0, 12.0, 11.0 ] },
				"west": { "texture": "#bonesrotten-humanoid", "uv": [ 0.0, 0.0, 0.5, 2.0 ] },
				"up": { "texture": "#bonesrotten-humanoid", "uv": [ 0.0, 0.0, 2.0, 0.5 ] },
				"down": { "texture": "#bonesrotten-humanoid", "uv": [ 0.0, 0.0, 2.0, 0.5 ] }
			},
			"children": [
				{
					"name": "Cube26",
					"from": [ -0.1, 2.0, 0.0 ], 
					"to": [ 2.9, 4.0, 0.6 ], 
					"rotationOrigin": [ -0.1, 2.0, 0.0 ],
					"rotationX": 36.0,
					"faces": {
						"north": { "texture": "#bonesrotten-humanoid", "uv": [ 7.0, 8.0, 10.0, 10.0 ] },
						"east": { "texture": "#bonesrotten-humanoid", "uv": [ 0.0, 0.0, 0.5, 2.0 ] },
						"south": { "texture": "#bonesrotten-humanoid", "uv": [ 9.5, 10.5, 12.5, 12.5 ] },
						"west": { "texture": "#bonesrotten-humanoid", "uv": [ 0.0, 0.0, 0.5, 2.0 ] },
						"up": { "texture": "#bonesrotten-humanoid", "uv": [ 0.0, 0.0, 3.0, 0.5 ] },
						"down": { "texture": "#bonesrotten-humanoid", "uv": [ 0.0, 0.0, 3.0, 0.5 ] }
					}
				}
			]
		},
		{
			"name": "Femur",
			"from": [ 3.0, 0.0, 14.0 ], 
			"to": [ 4.0, 1.0, 22.0 ], 
			"rotationOrigin": [ 3.5, 0.5, 14.0 ],
			"rotationY": -161.0,
			"rotationZ": -90.0,
			"faces": {
				"north": { "texture": "#bonesrotten-humanoid", "uv": [ 0.0, 0.0, 1.0, 1.0 ] },
				"east": { "texture": "#bonesrotten-humanoid", "uv": [ 0.0, 0.0, 8.0, 1.0 ] },
				"south": { "texture": "#bonesrotten-humanoid", "uv": [ 0.0, 0.0, 1.0, 1.0 ] },
				"west": { "texture": "#bonesrotten-humanoid", "uv": [ 0.0, 0.0, 8.0, 1.0 ] },
				"up": { "texture": "#bonesrotten-humanoid", "uv": [ 0.0, 0.0, 1.0, 8.0 ] },
				"down": { "texture": "#bonesrotten-humanoid", "uv": [ 0.0, 0.0, 1.0, 8.0 ] }
			},
			"children": [
				{
					"name": "Cube28",
					"from": [ -0.2, -0.2, -0.8 ], 
					"to": [ 1.2, 1.2, 0.4 ], 
					"rotationOrigin": [ -0.2, -0.2, -0.8 ],
					"rotationX": -3.0,
					"faces": {
						"north": { "texture": "#bonesrotten-humanoid", "uv": [ 0.0, 0.0, 1.0, 1.0 ] },
						"east": { "texture": "#bonesrotten-humanoid", "uv": [ 0.0, 0.0, 1.0, 1.0 ] },
						"south": { "texture": "#bonesrotten-humanoid", "uv": [ 0.0, 0.0, 1.0, 1.0 ] },
						"west": { "texture": "#bonesrotten-humanoid", "uv": [ 0.0, 0.0, 1.0, 1.0 ] },
						"up": { "texture": "#bonesrotten-humanoid", "uv": [ 0.0, 0.0, 1.0, 1.0 ] },
						"down": { "texture": "#bonesrotten-humanoid", "uv": [ 0.0, 0.0, 1.0, 1.0 ] }
					},
					"children": [
						{
							"name": "Cube1",
							"from": [ 0.3, 1.4, 0.2 ], 
							"to": [ 1.1, 2.4, 1.0 ], 
							"rotationOrigin": [ 0.3, 1.4, 0.2 ],
							"faces": {
								"north": { "texture": "#bonesrotten-humanoid", "uv": [ 5.0, 6.5, 5.5, 7.5 ] },
								"east": { "texture": "#bonesrotten-humanoid", "uv": [ 8.0, 8.0, 8.5, 9.0 ] },
								"south": { "texture": "#bonesrotten-humanoid", "uv": [ 6.5, 7.5, 7.0, 8.5 ] },
								"west": { "texture": "#bonesrotten-humanoid", "uv": [ 4.5, 8.5, 5.0, 9.5 ] },
								"up": { "texture": "#bonesrotten-humanoid", "uv": [ 4.0, 8.0, 4.5, 8.5 ] },
								"down": { "texture": "#bonesrotten-humanoid", "uv": [ 3.0, 3.5, 3.5, 4.0 ], "enabled": false }
							}
						}
					]
				},
				{
					"name": "Cube29",
					"from": [ -0.1, 0.7, 7.5 ], 
					"to": [ 1.3, 1.7, 8.7 ], 
					"rotationOrigin": [ -0.1, 0.7, 7.5 ],
					"rotationX": -17.0,
					"rotationZ": -8.0,
					"faces": {
						"north": { "texture": "#bonesrotten-humanoid", "uv": [ 6.0, 7.5, 7.0, 8.5 ] },
						"east": { "texture": "#bonesrotten-humanoid", "uv": [ 5.5, 6.5, 6.5, 7.5 ] },
						"south": { "texture": "#bonesrotten-humanoid", "uv": [ 9.0, 7.5, 10.0, 8.5 ] },
						"west": { "texture": "#bonesrotten-humanoid", "uv": [ 9.5, 7.5, 10.5, 8.5 ] },
						"up": { "texture": "#bonesrotten-humanoid", "uv": [ 10.0, 8.5, 11.0, 9.5 ] },
						"down": { "texture": "#bonesrotten-humanoid", "uv": [ 7.0, 5.5, 8.0, 6.5 ] }
					},
					"children": [
						{
							"name": "Cube30",
							"from": [ 0.1, -1.0, -0.4 ], 
							"to": [ 1.3, 0.0, 0.6 ], 
							"rotationOrigin": [ 0.1, -1.0, -0.4 ],
							"rotationX": 22.0,
							"rotationZ": 8.0,
							"faces": {
								"north": { "texture": "#bonesrotten-humanoid", "uv": [ 6.0, 11.0, 7.0, 12.0 ] },
								"east": { "texture": "#bonesrotten-humanoid", "uv": [ 9.0, 7.5, 10.0, 8.5 ] },
								"south": { "texture": "#bonesrotten-humanoid", "uv": [ 5.5, 5.0, 6.5, 6.0 ] },
								"west": { "texture": "#bonesrotten-humanoid", "uv": [ 8.5, 6.5, 9.5, 7.5 ] },
								"up": { "texture": "#bonesrotten-humanoid", "uv": [ 4.5, 5.5, 5.5, 6.5 ] },
								"down": { "texture": "#bonesrotten-humanoid", "uv": [ 5.0, 8.0, 6.0, 9.0 ] }
							}
						}
					]
				}
			]
		},
		{
			"name": "Tibia",
			"from": [ 15.0, 0.0, 14.0 ], 
			"to": [ 16.0, 1.0, 22.0 ], 
			"rotationOrigin": [ 15.5, 0.5, 14.0 ],
			"rotationY": -80.0,
			"rotationZ": -90.0,
			"faces": {
				"north": { "texture": "#bonesrotten-humanoid", "uv": [ 0.0, 0.0, 1.0, 1.0 ] },
				"east": { "texture": "#bonesrotten-humanoid", "uv": [ 0.0, 0.0, 8.0, 1.0 ] },
				"south": { "texture": "#bonesrotten-humanoid", "uv": [ 0.0, 0.0, 1.0, 1.0 ] },
				"west": { "texture": "#bonesrotten-humanoid", "uv": [ 0.0, 0.0, 8.0, 1.0 ] },
				"up": { "texture": "#bonesrotten-humanoid", "uv": [ 0.0, 0.0, 1.0, 8.0 ] },
				"down": { "texture": "#bonesrotten-humanoid", "uv": [ 0.0, 0.0, 1.0, 8.0 ] }
			},
			"children": [
				{
					"name": "Cube31",
					"from": [ -0.2, -0.2, -0.8 ], 
					"to": [ 1.2, 1.2, 0.4 ], 
					"rotationOrigin": [ -0.2, -0.2, -0.8 ],
					"rotationX": -3.0,
					"faces": {
						"north": { "texture": "#bonesrotten-humanoid", "uv": [ 6.0, 7.0, 7.0, 8.0 ] },
						"east": { "texture": "#bonesrotten-humanoid", "uv": [ 6.5, 7.0, 7.5, 8.0 ] },
						"south": { "texture": "#bonesrotten-humanoid", "uv": [ 0.0, 0.0, 1.0, 1.0 ] },
						"west": { "texture": "#bonesrotten-humanoid", "uv": [ 7.5, 7.5, 8.5, 8.5 ] },
						"up": { "texture": "#bonesrotten-humanoid", "uv": [ 10.0, 10.0, 11.0, 11.0 ] },
						"down": { "texture": "#bonesrotten-humanoid", "uv": [ 10.0, 8.5, 11.0, 9.5 ] }
					}
				},
				{
					"name": "Cube32",
					"from": [ -0.1, 0.7, 7.5 ], 
					"to": [ 1.3, 1.7, 8.7 ], 
					"rotationOrigin": [ -0.1, 0.7, 7.5 ],
					"rotationX": -17.0,
					"rotationZ": -8.0,
					"faces": {
						"north": { "texture": "#bonesrotten-humanoid", "uv": [ 6.0, 7.5, 7.0, 8.5 ] },
						"east": { "texture": "#bonesrotten-humanoid", "uv": [ 5.5, 6.5, 6.5, 7.5 ] },
						"south": { "texture": "#bonesrotten-humanoid", "uv": [ 9.0, 7.5, 10.0, 8.5 ] },
						"west": { "texture": "#bonesrotten-humanoid", "uv": [ 9.5, 7.5, 10.5, 8.5 ] },
						"up": { "texture": "#bonesrotten-humanoid", "uv": [ 10.0, 8.5, 11.0, 9.5 ] },
						"down": { "texture": "#bonesrotten-humanoid", "uv": [ 7.0, 5.5, 8.0, 6.5 ] }
					},
					"children": [
						{
							"name": "Cube33",
							"from": [ 0.1, -1.0, -0.4 ], 
							"to": [ 1.3, 0.0, 0.6 ], 
							"rotationOrigin": [ 0.1, -1.0, -0.4 ],
							"rotationX": 22.0,
							"rotationZ": 8.0,
							"faces": {
								"north": { "texture": "#bonesrotten-humanoid", "uv": [ 6.0, 11.0, 7.0, 12.0 ] },
								"east": { "texture": "#bonesrotten-humanoid", "uv": [ 9.0, 7.5, 10.0, 8.5 ] },
								"south": { "texture": "#bonesrotten-humanoid", "uv": [ 5.5, 5.0, 6.5, 6.0 ] },
								"west": { "texture": "#bonesrotten-humanoid", "uv": [ 8.5, 6.5, 9.5, 7.5 ] },
								"up": { "texture": "#bonesrotten-humanoid", "uv": [ 4.5, 5.5, 5.5, 6.5 ] },
								"down": { "texture": "#bonesrotten-humanoid", "uv": [ 5.0, 8.0, 6.0, 9.0 ] }
							}
						}
					]
				}
			]
		},
		{
			"name": "Shoulder",
			"from": [ 3.0, 0.0, 4.0 ], 
			"to": [ 6.0, 0.6, 7.0 ], 
			"rotationOrigin": [ 4.5, 0.0, 5.5 ],
			"rotationY": -114.0,
			"faces": {
				"north": { "texture": "#bonesrotten-humanoid", "uv": [ 0.0, 0.0, 3.0, 0.5 ] },
				"east": { "texture": "#bonesrotten-humanoid", "uv": [ 0.0, 0.0, 3.0, 0.5 ] },
				"south": { "texture": "#bonesrotten-humanoid", "uv": [ 0.0, 0.0, 3.0, 0.5 ] },
				"west": { "texture": "#bonesrotten-humanoid", "uv": [ 0.0, 0.0, 3.0, 0.5 ] },
				"up": { "texture": "#bonesrotten-humanoid", "uv": [ 0.0, 0.0, 3.0, 3.0 ] },
				"down": { "texture": "#bonesrotten-humanoid", "uv": [ 0.0, 0.0, 3.0, 3.0 ] }
			},
			"children": [
				{
					"name": "Cube36",
					"from": [ -2.0, 0.4, 0.0 ], 
					"to": [ 1.0, 1.0, 0.6 ], 
					"rotationOrigin": [ 0.0, 0.4, 0.5 ],
					"rotationY": -17.0,
					"rotationZ": -22.0,
					"faces": {
						"north": { "texture": "#bonesrotten-humanoid", "uv": [ 0.0, 0.0, 3.0, 0.5 ] },
						"east": { "texture": "#bonesrotten-humanoid", "uv": [ 0.0, 0.0, 0.5, 0.5 ] },
						"south": { "texture": "#bonesrotten-humanoid", "uv": [ 0.0, 0.0, 3.0, 0.5 ] },
						"west": { "texture": "#bonesrotten-humanoid", "uv": [ 0.0, 0.0, 0.5, 0.5 ] },
						"up": { "texture": "#bonesrotten-humanoid", "uv": [ 0.0, 0.0, 3.0, 0.5 ] },
						"down": { "texture": "#bonesrotten-humanoid", "uv": [ 0.0, 0.0, 3.0, 0.5 ] }
					}
				},
				{
					"name": "Cube37",
					"from": [ 0.4, 0.0, 2.7 ], 
					"to": [ 2.4, 0.6, 4.7 ], 
					"rotationOrigin": [ 1.4, 0.4, 2.7 ],
					"rotationX": -17.0,
					"faces": {
						"north": { "texture": "#bonesrotten-humanoid", "uv": [ 0.0, 0.0, 2.0, 0.5 ], "enabled": false },
						"east": { "texture": "#bonesrotten-humanoid", "uv": [ 0.0, 0.0, 2.0, 0.5 ] },
						"south": { "texture": "#bonesrotten-humanoid", "uv": [ 0.0, 0.0, 2.0, 0.5 ] },
						"west": { "texture": "#bonesrotten-humanoid", "uv": [ 0.0, 0.0, 2.0, 0.5 ] },
						"up": { "texture": "#bonesrotten-humanoid", "uv": [ 0.0, 0.0, 2.0, 2.0 ] },
						"down": { "texture": "#bonesrotten-humanoid", "uv": [ 0.0, 0.0, 2.0, 2.0 ] }
					}
				}
			]
		},
		{
			"name": "Forearm",
			"from": [ 16.0, 0.0, 11.0 ], 
			"to": [ 16.7, 0.7, 17.0 ], 
			"rotationOrigin": [ 16.0, 0.0, 11.0 ],
			"rotationY": -125.0,
			"faces": {
				"north": { "texture": "#bonesrotten-humanoid", "uv": [ 0.0, 0.0, 0.5, 0.5 ] },
				"east": { "texture": "#bonesrotten-humanoid", "uv": [ 7.5, 6.5, 13.5, 7.0 ] },
				"south": { "texture": "#bonesrotten-humanoid", "uv": [ 7.0, 8.0, 7.5, 8.5 ] },
				"west": { "texture": "#bonesrotten-humanoid", "uv": [ 6.5, 7.0, 12.5, 7.5 ] },
				"up": { "texture": "#bonesrotten-humanoid", "uv": [ 6.0, 5.5, 6.5, 11.5 ] },
				"down": { "texture": "#bonesrotten-humanoid", "uv": [ 9.5, 5.5, 10.0, 11.5 ] }
			},
			"children": [
				{
					"name": "Forearm39",
					"from": [ 1.0, 0.1, 0.0 ], 
					"to": [ 1.5, 0.6, 6.0 ], 
					"rotationOrigin": [ 1.0, 0.1, 0.0 ],
					"faces": {
						"north": { "texture": "#bonesrotten-humanoid", "uv": [ 0.0, 0.0, 0.5, 0.5 ] },
						"east": { "texture": "#bonesrotten-humanoid", "uv": [ 0.0, 0.0, 6.0, 0.5 ] },
						"south": { "texture": "#bonesrotten-humanoid", "uv": [ 0.0, 0.0, 0.5, 0.5 ] },
						"west": { "texture": "#bonesrotten-humanoid", "uv": [ 0.0, 0.0, 6.0, 0.5 ] },
						"up": { "texture": "#bonesrotten-humanoid", "uv": [ 0.0, 0.0, 0.5, 6.0 ] },
						"down": { "texture": "#bonesrotten-humanoid", "uv": [ 0.0, 0.0, 0.5, 6.0 ] }
					}
				},
				{
					"name": "Cube40",
					"from": [ 0.1, 0.0, -0.2 ], 
					"to": [ 1.2, 0.8, 0.6 ], 
					"rotationOrigin": [ 0.1, 0.0, -0.2 ],
					"rotationY": 11.0,
					"faces": {
						"north": { "texture": "#bonesrotten-humanoid", "uv": [ 0.0, 0.0, 1.0, 0.5 ] },
						"east": { "texture": "#bonesrotten-humanoid", "uv": [ 0.0, 0.0, 0.5, 0.5 ] },
						"south": { "texture": "#bonesrotten-humanoid", "uv": [ 0.0, 0.0, 1.0, 0.5 ] },
						"west": { "texture": "#bonesrotten-humanoid", "uv": [ 0.0, 0.0, 0.5, 0.5 ] },
						"up": { "texture": "#bonesrotten-humanoid", "uv": [ 0.0, 0.0, 1.0, 0.5 ] },
						"down": { "texture": "#bonesrotten-humanoid", "uv": [ 0.0, 0.0, 1.0, 0.5 ] }
					}
				},
				{
					"name": "Cube41",
					"from": [ 0.1, 0.0, 6.0 ], 
					"to": [ 1.3, 0.8, 6.8 ], 
					"rotationOrigin": [ 0.1, 0.0, 6.0 ],
					"rotationY": 28.0,
					"faces": {
						"north": { "texture": "#bonesrotten-humanoid", "uv": [ 0.0, 0.0, 1.0, 0.5 ] },
						"east": { "texture": "#bonesrotten-humanoid", "uv": [ 0.0, 0.0, 0.5, 0.5 ] },
						"south": { "texture": "#bonesrotten-humanoid", "uv": [ 0.0, 0.0, 1.0, 0.5 ] },
						"west": { "texture": "#bonesrotten-humanoid", "uv": [ 0.0, 0.0, 0.5, 0.5 ] },
						"up": { "texture": "#bonesrotten-humanoid", "uv": [ 0.0, 0.0, 1.0, 0.5 ] },
						"down": { "texture": "#bonesrotten-humanoid", "uv": [ 0.0, 0.0, 1.0, 0.5 ] }
					}
				}
			]
		}
	]}