[

      { "op": "add", "path": "/allowedVariants/-", "value": "ore-poor-pyrite-dolostone", "file": "game:blocktypes/stone/ore-graded.json" },
      { "op": "add", "path": "/allowedVariants/-", "value": "ore-medium-pyrite-dolostone", "file": "game:blocktypes/stone/ore-graded.json" },
      { "op": "add", "path": "/allowedVariants/-", "value": "ore-rich-pyrite-dolostone", "file": "game:blocktypes/stone/ore-graded.json" },
      { "op": "add", "path": "/allowedVariants/-", "value": "ore-bountiful-pyrite-dolostone", "file": "game:blocktypes/stone/ore-graded.json" },
      { "op": "add", "path": "/allowedVariants/-", "value": "ore-poor-pyrite-limestone", "file": "game:blocktypes/stone/ore-graded.json" },
      { "op": "add", "path": "/allowedVariants/-", "value": "ore-medium-pyrite-limestone", "file": "game:blocktypes/stone/ore-graded.json" },
      { "op": "add", "path": "/allowedVariants/-", "value": "ore-rich-pyrite-limestone", "file": "game:blocktypes/stone/ore-graded.json" },
      { "op": "add", "path": "/allowedVariants/-", "value": "ore-bountiful-pyrite-limestone", "file": "game:blocktypes/stone/ore-graded.json" },
      { "op": "add", "path": "/allowedVariants/-", "value": "ore-poor-pyrite-chalk", "file": "game:blocktypes/stone/ore-graded.json" },
      { "op": "add", "path": "/allowedVariants/-", "value": "ore-medium-pyrite-chalk", "file": "game:blocktypes/stone/ore-graded.json" },
      { "op": "add", "path": "/allowedVariants/-", "value": "ore-rich-pyrite-chalk", "file": "game:blocktypes/stone/ore-graded.json" },
      { "op": "add", "path": "/allowedVariants/-", "value": "ore-bountiful-pyrite-chalk", "file": "game:blocktypes/stone/ore-graded.json" },
      { "op": "add", "path": "/allowedVariants/-", "value": "ore-poor-pyrite-rhyolite", "file": "game:blocktypes/stone/ore-graded.json" },
      { "op": "add", "path": "/allowedVariants/-", "value": "ore-medium-pyrite-rhyolite", "file": "game:blocktypes/stone/ore-graded.json" },
      { "op": "add", "path": "/allowedVariants/-", "value": "ore-rich-pyrite-rhyolite", "file": "game:blocktypes/stone/ore-graded.json" },
      { "op": "add", "path": "/allowedVariants/-", "value": "ore-poor-pyrite-granite", "file": "game:blocktypes/stone/ore-graded.json" },
      { "op": "add", "path": "/allowedVariants/-", "value": "ore-medium-pyrite-granite", "file": "game:blocktypes/stone/ore-graded.json" },
      { "op": "add", "path": "/allowedVariants/-", "value": "ore-rich-pyrite-granite", "file": "game:blocktypes/stone/ore-graded.json" },
      { "op": "add", "path": "/allowedVariants/-", "value": "ore-poor-pyrite-andesite", "file": "game:blocktypes/stone/ore-graded.json" },
      { "op": "add", "path": "/allowedVariants/-", "value": "ore-medium-pyrite-andesite", "file": "game:blocktypes/stone/ore-graded.json" },
      { "op": "add", "path": "/allowedVariants/-", "value": "ore-rich-pyrite-andesite", "file": "game:blocktypes/stone/ore-graded.json" },
      { "op": "add", "path": "/allowedVariants/-", "value": "ore-poor-pyrite-diorite", "file": "game:blocktypes/stone/ore-graded.json" },
      { "op": "add", "path": "/allowedVariants/-", "value": "ore-medium-pyrite-diorite", "file": "game:blocktypes/stone/ore-graded.json" },
      { "op": "add", "path": "/allowedVariants/-", "value": "ore-rich-pyrite-diorite", "file": "game:blocktypes/stone/ore-graded.json" },
      { "op": "add", "path": "/allowedVariants/-", "value": "ore-poor-pyrite-basalt", "file": "game:blocktypes/stone/ore-graded.json" },
      { "op": "add", "path": "/allowedVariants/-", "value": "ore-medium-pyrite-basalt", "file": "game:blocktypes/stone/ore-graded.json" },
      { "op": "add", "path": "/allowedVariants/-", "value": "ore-poor-pyrite-gabbro", "file": "game:blocktypes/stone/ore-graded.json" },
      { "op": "add", "path": "/allowedVariants/-", "value": "ore-medium-pyrite-gabbro", "file": "game:blocktypes/stone/ore-graded.json" },
      { "op": "add", "path": "/allowedVariants/-", "value": "ore-poor-pyrite-phyllite", "file": "game:blocktypes/stone/ore-graded.json" },
      { "op": "add", "path": "/allowedVariants/-", "value": "ore-medium-pyrite-phyllite", "file": "game:blocktypes/stone/ore-graded.json" },
      { "op": "add", "path": "/allowedVariants/-", "value": "ore-poor-pyrite-schist", "file": "game:blocktypes/stone/ore-graded.json" },
      { "op": "add", "path": "/allowedVariants/-", "value": "ore-poor-pyrite-amphibolite", "file": "game:blocktypes/stone/ore-graded.json" },
      { "op": "add", "path": "/allowedVariants/-", "value": "ore-poor-pyrite-claystone", "file": "game:blocktypes/stone/ore-graded.json" },
      { "op": "add", "path": "/allowedVariants/-", "value": "ore-medium-pyrite-claystone", "file": "game:blocktypes/stone/ore-graded.json" },
      { "op": "add", "path": "/allowedVariants/-", "value": "ore-poor-pyrite-mudstone", "file": "game:blocktypes/stone/ore-graded.json" },
      { "op": "add", "path": "/allowedVariants/-", "value": "ore-medium-pyrite-mudstone", "file": "game:blocktypes/stone/ore-graded.json" },
      { "op": "add", "path": "/allowedVariants/-", "value": "ore-poor-pyrite-quartzite", "file": "game:blocktypes/stone/ore-graded.json" },
      { "op": "add", "path": "/allowedVariants/-", "value": "ore-medium-pyrite-quartzite", "file": "game:blocktypes/stone/ore-graded.json" },
      { "op": "add", "path": "/allowedVariants/-", "value": "ore-poor-pyrite-chert", "file": "game:blocktypes/stone/ore-graded.json" },
      { "op": "add", "path": "/allowedVariants/-", "value": "ore-medium-pyrite-chert", "file": "game:blocktypes/stone/ore-graded.json" },


      { "op": "add", "path": "/allowedVariants/-", "value": "looseores-pyrite-dolostone-free", "file": "game:blocktypes/stone/looseores.json" },
      { "op": "add", "path": "/allowedVariants/-", "value": "looseores-pyrite-limestone-free", "file": "game:blocktypes/stone/looseores.json" },
      { "op": "add", "path": "/allowedVariants/-", "value": "looseores-pyrite-chalk-free", "file": "game:blocktypes/stone/looseores.json" },
      { "op": "add", "path": "/allowedVariants/-", "value": "looseores-pyrite-rhyolite-free", "file": "game:blocktypes/stone/looseores.json" },
      { "op": "add", "path": "/allowedVariants/-", "value": "looseores-pyrite-granite-free", "file": "game:blocktypes/stone/looseores.json" },
      { "op": "add", "path": "/allowedVariants/-", "value": "looseores-pyrite-andesite-free", "file": "game:blocktypes/stone/looseores.json" },
      { "op": "add", "path": "/allowedVariants/-", "value": "looseores-pyrite-diorite-free", "file": "game:blocktypes/stone/looseores.json" },
      { "op": "add", "path": "/allowedVariants/-", "value": "looseores-pyrite-basalt-free", "file": "game:blocktypes/stone/looseores.json" },
      { "op": "add", "path": "/allowedVariants/-", "value": "looseores-pyrite-gabbro-free", "file": "game:blocktypes/stone/looseores.json" },
      { "op": "add", "path": "/allowedVariants/-", "value": "looseores-pyrite-phyllite-free", "file": "game:blocktypes/stone/looseores.json" },
      { "op": "add", "path": "/allowedVariants/-", "value": "looseores-pyrite-schist-free", "file": "game:blocktypes/stone/looseores.json" },
      { "op": "add", "path": "/allowedVariants/-", "value": "looseores-pyrite-amphibolite-free", "file": "game:blocktypes/stone/looseores.json" },
      { "op": "add", "path": "/allowedVariants/-", "value": "looseores-pyrite-claystone-free", "file": "game:blocktypes/stone/looseores.json" },
      { "op": "add", "path": "/allowedVariants/-", "value": "looseores-pyrite-mudstone-free", "file": "game:blocktypes/stone/looseores.json" },
      { "op": "add", "path": "/allowedVariants/-", "value": "looseores-pyrite-quartzite-free", "file": "game:blocktypes/stone/looseores.json" },
      { "op": "add", "path": "/allowedVariants/-", "value": "looseores-pyrite-chert-free", "file": "game:blocktypes/stone/looseores.json" },


      { "op": "add", "path": "/allowedVariants/-", "value": "ore-poor-pyrite-dolostone", "file": "game:itemtypes/resource/ore-graded.json" },
      { "op": "add", "path": "/allowedVariants/-", "value": "ore-medium-pyrite-dolostone", "file": "game:itemtypes/resource/ore-graded.json" },
      { "op": "add", "path": "/allowedVariants/-", "value": "ore-rich-pyrite-dolostone", "file": "game:itemtypes/resource/ore-graded.json" },
      { "op": "add", "path": "/allowedVariants/-", "value": "ore-bountiful-pyrite-dolostone", "file": "game:itemtypes/resource/ore-graded.json" },
      { "op": "add", "path": "/allowedVariants/-", "value": "ore-poor-pyrite-limestone", "file": "game:itemtypes/resource/ore-graded.json" },
      { "op": "add", "path": "/allowedVariants/-", "value": "ore-medium-pyrite-limestone", "file": "game:itemtypes/resource/ore-graded.json" },
      { "op": "add", "path": "/allowedVariants/-", "value": "ore-rich-pyrite-limestone", "file": "game:itemtypes/resource/ore-graded.json" },
      { "op": "add", "path": "/allowedVariants/-", "value": "ore-bountiful-pyrite-limestone", "file": "game:itemtypes/resource/ore-graded.json" },
      { "op": "add", "path": "/allowedVariants/-", "value": "ore-poor-pyrite-chalk", "file": "game:itemtypes/resource/ore-graded.json" },
      { "op": "add", "path": "/allowedVariants/-", "value": "ore-medium-pyrite-chalk", "file": "game:itemtypes/resource/ore-graded.json" },
      { "op": "add", "path": "/allowedVariants/-", "value": "ore-rich-pyrite-chalk", "file": "game:itemtypes/resource/ore-graded.json" },
      { "op": "add", "path": "/allowedVariants/-", "value": "ore-bountiful-pyrite-chalk", "file": "game:itemtypes/resource/ore-graded.json" },
      { "op": "add", "path": "/allowedVariants/-", "value": "ore-poor-pyrite-rhyolite", "file": "game:itemtypes/resource/ore-graded.json" },
      { "op": "add", "path": "/allowedVariants/-", "value": "ore-medium-pyrite-rhyolite", "file": "game:itemtypes/resource/ore-graded.json" },
      { "op": "add", "path": "/allowedVariants/-", "value": "ore-rich-pyrite-rhyolite", "file": "game:itemtypes/resource/ore-graded.json" },
      { "op": "add", "path": "/allowedVariants/-", "value": "ore-poor-pyrite-granite", "file": "game:itemtypes/resource/ore-graded.json" },
      { "op": "add", "path": "/allowedVariants/-", "value": "ore-medium-pyrite-granite", "file": "game:itemtypes/resource/ore-graded.json" },
      { "op": "add", "path": "/allowedVariants/-", "value": "ore-rich-pyrite-granite", "file": "game:itemtypes/resource/ore-graded.json" },
      { "op": "add", "path": "/allowedVariants/-", "value": "ore-poor-pyrite-andesite", "file": "game:itemtypes/resource/ore-graded.json" },
      { "op": "add", "path": "/allowedVariants/-", "value": "ore-medium-pyrite-andesite", "file": "game:itemtypes/resource/ore-graded.json" },
      { "op": "add", "path": "/allowedVariants/-", "value": "ore-rich-pyrite-andesite", "file": "game:itemtypes/resource/ore-graded.json" },
      { "op": "add", "path": "/allowedVariants/-", "value": "ore-poor-pyrite-diorite", "file": "game:itemtypes/resource/ore-graded.json" },
      { "op": "add", "path": "/allowedVariants/-", "value": "ore-medium-pyrite-diorite", "file": "game:itemtypes/resource/ore-graded.json" },
      { "op": "add", "path": "/allowedVariants/-", "value": "ore-rich-pyrite-diorite", "file": "game:itemtypes/resource/ore-graded.json" },
      { "op": "add", "path": "/allowedVariants/-", "value": "ore-poor-pyrite-basalt", "file": "game:itemtypes/resource/ore-graded.json" },
      { "op": "add", "path": "/allowedVariants/-", "value": "ore-medium-pyrite-basalt", "file": "game:itemtypes/resource/ore-graded.json" },
      { "op": "add", "path": "/allowedVariants/-", "value": "ore-poor-pyrite-gabbro", "file": "game:itemtypes/resource/ore-graded.json" },
      { "op": "add", "path": "/allowedVariants/-", "value": "ore-medium-pyrite-gabbro", "file": "game:itemtypes/resource/ore-graded.json" },
      { "op": "add", "path": "/allowedVariants/-", "value": "ore-poor-pyrite-phyllite", "file": "game:itemtypes/resource/ore-graded.json" },
      { "op": "add", "path": "/allowedVariants/-", "value": "ore-medium-pyrite-phyllite", "file": "game:itemtypes/resource/ore-graded.json" },
      { "op": "add", "path": "/allowedVariants/-", "value": "ore-poor-pyrite-schist", "file": "game:itemtypes/resource/ore-graded.json" },
      { "op": "add", "path": "/allowedVariants/-", "value": "ore-poor-pyrite-amphibolite", "file": "game:itemtypes/resource/ore-graded.json" },
      { "op": "add", "path": "/allowedVariants/-", "value": "ore-poor-pyrite-claystone", "file": "game:itemtypes/resource/ore-graded.json" },
      { "op": "add", "path": "/allowedVariants/-", "value": "ore-medium-pyrite-claystone", "file": "game:itemtypes/resource/ore-graded.json" },
      { "op": "add", "path": "/allowedVariants/-", "value": "ore-poor-pyrite-mudstone", "file": "game:itemtypes/resource/ore-graded.json" },
      { "op": "add", "path": "/allowedVariants/-", "value": "ore-medium-pyrite-mudstone", "file": "game:itemtypes/resource/ore-graded.json" },
      { "op": "add", "path": "/allowedVariants/-", "value": "ore-poor-pyrite-quartzite", "file": "game:itemtypes/resource/ore-graded.json" },
      { "op": "add", "path": "/allowedVariants/-", "value": "ore-medium-pyrite-quartzite", "file": "game:itemtypes/resource/ore-graded.json" },
      { "op": "add", "path": "/allowedVariants/-", "value": "ore-poor-pyrite-chert", "file": "game:itemtypes/resource/ore-graded.json" },
      { "op": "add", "path": "/allowedVariants/-", "value": "ore-medium-pyrite-chert", "file": "game:itemtypes/resource/ore-graded.json" },


      { "op": "add", "path": "/allowedVariants/-", "value": "crystalizedore-poor-pyrite-dolostone", "file": "game:itemtypes/resource/crystalizedore-graded.json" },
      { "op": "add", "path": "/allowedVariants/-", "value": "crystalizedore-medium-pyrite-dolostone", "file": "game:itemtypes/resource/crystalizedore-graded.json" },
      { "op": "add", "path": "/allowedVariants/-", "value": "crystalizedore-rich-pyrite-dolostone", "file": "game:itemtypes/resource/crystalizedore-graded.json" },
      { "op": "add", "path": "/allowedVariants/-", "value": "crystalizedore-bountiful-pyrite-dolostone", "file": "game:itemtypes/resource/crystalizedore-graded.json" },
      { "op": "add", "path": "/allowedVariants/-", "value": "crystalizedore-poor-pyrite-limestone", "file": "game:itemtypes/resource/crystalizedore-graded.json" },
      { "op": "add", "path": "/allowedVariants/-", "value": "crystalizedore-medium-pyrite-limestone", "file": "game:itemtypes/resource/crystalizedore-graded.json" },
      { "op": "add", "path": "/allowedVariants/-", "value": "crystalizedore-rich-pyrite-limestone", "file": "game:itemtypes/resource/crystalizedore-graded.json" },
      { "op": "add", "path": "/allowedVariants/-", "value": "crystalizedore-bountiful-pyrite-limestone", "file": "game:itemtypes/resource/crystalizedore-graded.json" },
      { "op": "add", "path": "/allowedVariants/-", "value": "crystalizedore-poor-pyrite-chalk", "file": "game:itemtypes/resource/crystalizedore-graded.json" },
      { "op": "add", "path": "/allowedVariants/-", "value": "crystalizedore-medium-pyrite-chalk", "file": "game:itemtypes/resource/crystalizedore-graded.json" },
      { "op": "add", "path": "/allowedVariants/-", "value": "crystalizedore-rich-pyrite-chalk", "file": "game:itemtypes/resource/crystalizedore-graded.json" },
      { "op": "add", "path": "/allowedVariants/-", "value": "crystalizedore-bountiful-pyrite-chalk", "file": "game:itemtypes/resource/crystalizedore-graded.json" },
      { "op": "add", "path": "/allowedVariants/-", "value": "crystalizedore-poor-pyrite-rhyolite", "file": "game:itemtypes/resource/crystalizedore-graded.json" },
      { "op": "add", "path": "/allowedVariants/-", "value": "crystalizedore-medium-pyrite-rhyolite", "file": "game:itemtypes/resource/crystalizedore-graded.json" },
      { "op": "add", "path": "/allowedVariants/-", "value": "crystalizedore-rich-pyrite-rhyolite", "file": "game:itemtypes/resource/crystalizedore-graded.json" },
      { "op": "add", "path": "/allowedVariants/-", "value": "crystalizedore-poor-pyrite-granite", "file": "game:itemtypes/resource/crystalizedore-graded.json" },
      { "op": "add", "path": "/allowedVariants/-", "value": "crystalizedore-medium-pyrite-granite", "file": "game:itemtypes/resource/crystalizedore-graded.json" },
      { "op": "add", "path": "/allowedVariants/-", "value": "crystalizedore-rich-pyrite-granite", "file": "game:itemtypes/resource/crystalizedore-graded.json" },
      { "op": "add", "path": "/allowedVariants/-", "value": "crystalizedore-poor-pyrite-andesite", "file": "game:itemtypes/resource/crystalizedore-graded.json" },
      { "op": "add", "path": "/allowedVariants/-", "value": "crystalizedore-medium-pyrite-andesite", "file": "game:itemtypes/resource/crystalizedore-graded.json" },
      { "op": "add", "path": "/allowedVariants/-", "value": "crystalizedore-rich-pyrite-andesite", "file": "game:itemtypes/resource/crystalizedore-graded.json" },
      { "op": "add", "path": "/allowedVariants/-", "value": "crystalizedore-poor-pyrite-diorite", "file": "game:itemtypes/resource/crystalizedore-graded.json" },
      { "op": "add", "path": "/allowedVariants/-", "value": "crystalizedore-medium-pyrite-diorite", "file": "game:itemtypes/resource/crystalizedore-graded.json" },
      { "op": "add", "path": "/allowedVariants/-", "value": "crystalizedore-rich-pyrite-diorite", "file": "game:itemtypes/resource/crystalizedore-graded.json" },
      { "op": "add", "path": "/allowedVariants/-", "value": "crystalizedore-poor-pyrite-basalt", "file": "game:itemtypes/resource/crystalizedore-graded.json" },
      { "op": "add", "path": "/allowedVariants/-", "value": "crystalizedore-medium-pyrite-basalt", "file": "game:itemtypes/resource/crystalizedore-graded.json" },
      { "op": "add", "path": "/allowedVariants/-", "value": "crystalizedore-poor-pyrite-gabbro", "file": "game:itemtypes/resource/crystalizedore-graded.json" },
      { "op": "add", "path": "/allowedVariants/-", "value": "crystalizedore-medium-pyrite-gabbro", "file": "game:itemtypes/resource/crystalizedore-graded.json" },
      { "op": "add", "path": "/allowedVariants/-", "value": "crystalizedore-poor-pyrite-phyllite", "file": "game:itemtypes/resource/crystalizedore-graded.json" },
      { "op": "add", "path": "/allowedVariants/-", "value": "crystalizedore-medium-pyrite-phyllite", "file": "game:itemtypes/resource/crystalizedore-graded.json" },
      { "op": "add", "path": "/allowedVariants/-", "value": "crystalizedore-poor-pyrite-schist", "file": "game:itemtypes/resource/crystalizedore-graded.json" },
      { "op": "add", "path": "/allowedVariants/-", "value": "crystalizedore-poor-pyrite-amphibolite", "file": "game:itemtypes/resource/crystalizedore-graded.json" },
      { "op": "add", "path": "/allowedVariants/-", "value": "crystalizedore-poor-pyrite-claystone", "file": "game:itemtypes/resource/crystalizedore-graded.json" },
      { "op": "add", "path": "/allowedVariants/-", "value": "crystalizedore-medium-pyrite-claystone", "file": "game:itemtypes/resource/crystalizedore-graded.json" },
      { "op": "add", "path": "/allowedVariants/-", "value": "crystalizedore-poor-pyrite-mudstone", "file": "game:itemtypes/resource/crystalizedore-graded.json" },
      { "op": "add", "path": "/allowedVariants/-", "value": "crystalizedore-medium-pyrite-mudstone", "file": "game:itemtypes/resource/crystalizedore-graded.json" },
      { "op": "add", "path": "/allowedVariants/-", "value": "crystalizedore-poor-pyrite-quartzite", "file": "game:itemtypes/resource/crystalizedore-graded.json" },
      { "op": "add", "path": "/allowedVariants/-", "value": "crystalizedore-medium-pyrite-quartzite", "file": "game:itemtypes/resource/crystalizedore-graded.json" },
      { "op": "add", "path": "/allowedVariants/-", "value": "crystalizedore-poor-pyrite-chert", "file": "game:itemtypes/resource/crystalizedore-graded.json" },
      { "op": "add", "path": "/allowedVariants/-", "value": "crystalizedore-medium-pyrite-chert", "file": "game:itemtypes/resource/crystalizedore-graded.json" },
      


      {	"op": "add", "path": "/requiredMiningTierByType/ore-*-pyrite-*", "value": 2, "file": "game:blocktypes/stone/ore-graded.json" },
      {	"op": "add", "path": "/variants/-", "value": { "Code": "pyrite" }, "file": "game:worldproperties/block/ore-graded.json" },
	  {	"op": "add", "path": "/variants/-", "value": { "Code": "pyrite" }, "file": "game:worldproperties/block/ore-nugget.json" },
        {	"op": "add", "path": "/combustiblePropsByType/*-pyrite", "value": { "meltingPoint": 1482, "meltingDuration": 30, "smeltedRatio": 60, "smeltedStack": { "type": "item", "code": "ironbloom" }}, "file": "game:itemtypes/resource/nugget.json" }
]