[
	{
    "side": "server",
    "file": "game:blocktypes/metal/torchholder.json",
    "op": "add",
		"path": "/variantgroups/1/states/-",
		"value": "filledred"
	},
  {
    "side": "server",
    "file": "game:blocktypes/metal/torchholder.json",
    "op": "add",
		"path": "/variantgroups/1/states/-",
		"value": "filledorange"
	},
  {
    "side": "server",
    "file": "game:blocktypes/metal/torchholder.json",
    "op": "add",
		"path": "/variantgroups/1/states/-",
		"value": "filledyellow"
	},
  {
    "side": "server",
    "file": "game:blocktypes/metal/torchholder.json",
    "op": "add",
		"path": "/variantgroups/1/states/-",
		"value": "filledgreen"
	},
  {
    "side": "server",
    "file": "game:blocktypes/metal/torchholder.json",
    "op": "add",
		"path": "/variantgroups/1/states/-",
		"value": "filledcyan"
	},
  {
    "side": "server",
    "file": "game:blocktypes/metal/torchholder.json",
    "op": "add",
		"path": "/variantgroups/1/states/-",
		"value": "filledblue"
	},
  {
    "side": "server",
    "file": "game:blocktypes/metal/torchholder.json",
    "op": "add",
		"path": "/variantgroups/1/states/-",
		"value": "filledpurple"
	},
  {
    "side": "server",
    "file": "game:blocktypes/metal/torchholder.json",
    "op": "add",
		"path": "/variantgroups/1/states/-",
		"value": "filledpink"
	}
]
