[
  {
    "side": "server",
    "file": "game:blocktypes/metal/torchholder.json",
    "op": "add",
    "path": "/texturesByType",
    "value": {
      "*-filledred-*": {
        "flammable-lit": {
          "base": "coloredtorches:block/wood/torch/flammable-red-lit"
        }
      },
      "*-filledorange-*": {
        "flammable-lit": {
          "base": "coloredtorches:block/wood/torch/flammable-orange-lit"
        }
      },
      "*-filledyellow-*": {
        "flammable-lit": {
          "base": "coloredtorches:block/wood/torch/flammable-yellow-lit"
        }
      },
      "*-filledgreen-*": {
        "flammable-lit": {
          "base": "coloredtorches:block/wood/torch/flammable-green-lit"
        }
      },
      "*-filledcyan-*": {
        "flammable-lit": {
          "base": "coloredtorches:block/wood/torch/flammable-cyan-lit"
        }
      },
      "*-filledblue-*": {
        "flammable-lit": {
          "base": "coloredtorches:block/wood/torch/flammable-blue-lit"
        }
      },
      "*-filledpurple-*": {
        "flammable-lit": {
          "base": "coloredtorches:block/wood/torch/flammable-purple-lit"
        }
      },
      "*-filledpink-*": {
        "flammable-lit": {
          "base": "coloredtorches:block/wood/torch/flammable-pink-lit"
        }
      },
      "*": {
        "material": {
          "base": "block/metal/torchholder/{material}"
        }
      }
    }
  }
]
