[
  {
    "side": "server",
    "file": "game:blocktypes/metal/torchholder.json",
    "op": "remove",
    "path": "/shapebytype"
  },
  {
    "side": "server",
    "file": "game:blocktypes/metal/torchholder.json",
    "op": "add",
    "path": "/shapeByType",
    "value": {
      "*-empty-north": {
        "base": "block/metal/torchholder/empty",
        "rotateY": 0
      },
      "*-empty-east": {
        "base": "block/metal/torchholder/empty",
        "rotateY": 270
      },
      "*-empty-south": {
        "base": "block/metal/torchholder/empty",
        "rotateY": 180
      },
      "*-empty-west": {
        "base": "block/metal/torchholder/empty",
        "rotateY": 90
      },
      "*-north": {
        "base": "block/metal/torchholder/filled",
        "rotateY": 0
      },
      "*-east": {
        "base": "block/metal/torchholder/filled",
        "rotateY": 270
      },
      "*-south": {
        "base": "block/metal/torchholder/filled",
        "rotateY": 180
      },
      "*-west": {
        "base": "block/metal/torchholder/filled",
        "rotateY": 90
      }
    }
  }
]
