[
  {
    "side": "server",
    "file": "game:blocktypes/metal/torchholder.json",
    "op": "add",
    "path": "/dropsByType/*-filledred-*",
    "value": [
      { "code": "torchholder-{material}-empty-north" },
      { "code": "coloredtorches:coloredtorch-basic-red-lit-up" }
    ]
  },
  {
    "side": "server",
    "file": "game:blocktypes/metal/torchholder.json",
    "op": "add",
    "path": "/dropsByType/*-filledorange-*",
    "value": [
      { "code": "torchholder-{material}-empty-north" },
      { "code": "coloredtorches:coloredtorch-basic-orange-lit-up" }
    ]
  },
  {
    "side": "server",
    "file": "game:blocktypes/metal/torchholder.json",
    "op": "add",
    "path": "/dropsByType/*-filledyellow-*",
    "value": [
      { "code": "torchholder-{material}-empty-north" },
      { "code": "coloredtorches:coloredtorch-basic-yellow-lit-up" }
    ]
  },
  {
    "side": "server",
    "file": "game:blocktypes/metal/torchholder.json",
    "op": "add",
    "path": "/dropsByType/*-filledgreen-*",
    "value": [
      { "code": "torchholder-{material}-empty-north" },
      { "code": "coloredtorches:coloredtorch-basic-green-lit-up" }
    ]
  },
  {
    "side": "server",
    "file": "game:blocktypes/metal/torchholder.json",
    "op": "add",
    "path": "/dropsByType/*-filledcyan-*",
    "value": [
      { "code": "torchholder-{material}-empty-north" },
      { "code": "coloredtorches:coloredtorch-basic-cyan-lit-up" }
    ]
  },
  {
    "side": "server",
    "file": "game:blocktypes/metal/torchholder.json",
    "op": "add",
    "path": "/dropsByType/*-filledblue-*",
      "value": [
      { "code": "torchholder-{material}-empty-north" },
      { "code": "coloredtorches:coloredtorch-basic-blue-lit-up" }
    ]
  },
  {
    "side": "server",
    "file": "game:blocktypes/metal/torchholder.json",
    "op": "add",
    "path": "/dropsByType/*-filledpurple-*",
    "value": [
      { "code": "torchholder-{material}-empty-north" },
      { "code": "coloredtorches:coloredtorch-basic-purple-lit-up" }
    ]
  },
  {
    "side": "server",
    "file": "game:blocktypes/metal/torchholder.json",
    "op": "add",
    "path": "/dropsByType/*-filledpink-*",
    "value": [
      { "code": "torchholder-{material}-empty-north" },
      { "code": "coloredtorches:coloredtorch-basic-pink-lit-up" }
    ]
  }
]
