[
  {
    "side": "server",
    "file": "game:blocktypes/metal/torchholder.json",
    "op": "add",
    "path": "/lightHsvByType/*-filledred-*",
    "value": [63, 7, 14]
  },
  {
    "side": "server",
    "file": "game:blocktypes/metal/torchholder.json",
    "op": "add",
    "path": "/lightHsvByType/*-filledorange-*",
    "value": [5, 7, 14]
  },
  {
    "side": "server",
    "file": "game:blocktypes/metal/torchholder.json",
    "op": "add",
    "path": "/lightHsvByType/*-filledyellow-*",
    "value": [10, 7, 14]
  },
  {
    "side": "server",
    "file": "game:blocktypes/metal/torchholder.json",
    "op": "add",
    "path": "/lightHsvByType/*-filledgreen-*",
    "value": [21, 7, 14]
  },
  {
    "side": "server",
    "file": "game:blocktypes/metal/torchholder.json",
    "op": "add",
    "path": "/lightHsvByType/*-filledcyan-*",
    "value": [31, 7, 14]
  },
  {
    "side": "server",
    "file": "game:blocktypes/metal/torchholder.json",
    "op": "add",
    "path": "/lightHsvByType/*-filledblue-*",
    "value": [42, 7, 14]
  },
  {
    "side": "server",
    "file": "game:blocktypes/metal/torchholder.json",
    "op": "add",
    "path": "/lightHsvByType/*-filledpurple-*",
    "value": [52, 7, 14]
  },
  {
    "side": "server",
    "file": "game:blocktypes/metal/torchholder.json",
    "op": "add",
    "path": "/lightHsvByType/*-filledpink-*",
    "value": [57, 7, 14]
  }
]
