{
  "code": "lens",
  "heldTpIdleAnimation": "holdbothhands",
  "shape": { "base": "item/lens" },
  "attributes": {
    "dissolveInWater": false,
    "displaycaseable": true,
    "shelvable": true,
    "onDisplayTransform": {
      "translation": {
        "x": 0.05,
        "y": 0,
        "z": 0
      },
      "origin": {
        "x": 0.5,
        "y": 0,
        "z": 0.5
      },
      "scale": 0.65
    }
  },
  "creativeinventory": {
    "general": [ "*" ],
    "items": [ "*" ],
    "chemistry": [ "*" ]
  },
  "maxstacksize": 64,
  "materialDensity": 500,
  "guiTransform": {
    "translation": {
      "x": 3,
      "y": 1,
      "z": -25
    },
    "rotation": {
      "x": 156,
      "y": 12,
      "z": 0
    },
    "origin": {
      "x": 0.4,
      "y": -0.1,
      "z": 0.8
    },
    "scale": 2.52
  },
  "fpHandTransform": {
    "rotation": {
      "x": 44,
      "y": 91,
      "z": -30
    },
    "scale": 1.34
  },
  "tpHandTransform": {
    "translation": {
      "x": -1.22,
      "y": 0.06,
      "z": -0.89
    },
    "rotation": {
      "x": -6,
      "y": 30,
      "z": 18
    },
    "origin": {
      "x": 0.5,
      "y": 0,
      "z": 0.5
    },
    "scale": 0.59
  },
  "groundTransform": {
    "translation": {
      "x": 0,
      "y": 0,
      "z": 0
    },
    "rotation": {
      "x": 0,
      "y": 0,
      "z": 0
    },
    "origin": {
      "x": 0.5,
      "y": 0,
      "z": 0.5
    },
    "scale": 2
  }
}