[
	{
		"ingredientPattern": "I,T",
		"ingredients": {
			"I": { "type": "item", "code": "game:bonemeal", "quantity": 1 },
			"T": { "type": "block", "code": "game:torch-*-lit-up", "quantity": 1, "name": "type" }
		},
		"width": 1,
		"height": 2,
		"output": { "type": "block", "code": "coloredtorches:coloredtorch-{type}-red-lit-up", "quantity": 1 }
	},
	{
		"ingredientPattern": "I,T",
		"ingredients": {
			"I": { "type": "item", "code": "game:lime", "quantity": 1 },
			"T": { "type": "block", "code": "game:torch-*-lit-up", "quantity": 1, "name": "type" }
		},
		"width": 1,
		"height": 2,
		"output": { "type": "block", "code": "coloredtorches:coloredtorch-{type}-orange-lit-up", "quantity": 1 }
	},
	{
		"ingredientPattern": "I,T",
		"ingredients": {
			"I": { "type": "item", "code": "game:salt", "quantity": 1 },
			"T": { "type": "block", "code": "game:torch-*-lit-up", "quantity": 1, "name": "type" }
		},
		"width": 1,
		"height": 2,
		"output": { "type": "block", "code": "coloredtorches:coloredtorch-{type}-yellow-lit-up", "quantity": 1 }
	},
	{
		"ingredientPattern": "I,T",
		"ingredients": {
			"I": { "type": "item", "code": "game:powderedborax", "quantity": 1 },
			"T": { "type": "block", "code": "game:torch-*-lit-up", "quantity": 1, "name": "type" }
		},
		"width": 1,
		"height": 2,
		"output": { "type": "block", "code": "coloredtorches:coloredtorch-{type}-green-lit-up", "quantity": 1 }
	},
	{
		"ingredientPattern": "I,T",
		"ingredients": {
			"I": { "type": "item", "code": "game:crushed-alum", "quantity": 1 },
			"T": { "type": "block", "code": "game:torch-*-lit-up", "quantity": 1, "name": "type" }
		},
		"width": 1,
		"height": 2,
		"output": { "type": "block", "code": "coloredtorches:coloredtorch-{type}-cyan-lit-up", "quantity": 1 }
	},
	{
		"ingredientPattern": "I,T",
		"ingredients": {
			"I": { "type": "item", "code": "coloredtorches:crushed-copper", "quantity": 1 },
			"T": { "type": "block", "code": "game:torch-*-lit-up", "quantity": 1, "name": "type" }
		},
		"width": 1,
		"height": 2,
		"output": { "type": "block", "code": "coloredtorches:coloredtorch-{type}-blue-lit-up", "quantity": 1 }
	},
	{
		"ingredientPattern": "I,T",
		"ingredients": {
			"I": { "type": "item", "code": "game:potash", "quantity": 1 },
			"T": { "type": "block", "code": "game:torch-*-lit-up", "quantity": 1, "name": "type" }
		},
		"width": 1,
		"height": 2,
		"output": { "type": "block", "code": "coloredtorches:coloredtorch-{type}-purple-lit-up", "quantity": 1 }
	},
	{
		"ingredientPattern": "I,T",
		"ingredients": {
			"I": { "type": "item", "code": "game:saltpeter", "quantity": 1 },
			"T": { "type": "block", "code": "game:torch-*-lit-up", "quantity": 1, "name": "type" }
		},
		"width": 1,
		"height": 2,
		"output": { "type": "block", "code": "coloredtorches:coloredtorch-{type}-pink-lit-up", "quantity": 1 }
	}
]
