﻿{
  "code": "match",
  "class": "Item",
  "creativeinventory": {"maltiezfirearms": ["*"]},
  "attributes": {
    "groundStorageTransform": {"translation": {"x": 0.3, "y": 0, "z": 0.6}, "rotation": {"x": 0, "y": -10, "z": 90}, "origin": {"x": 0, "y": 0, "z": 0}, "scale": 1.22}
  },
  "behaviorsbyType": {
    "*-lit": [
      {
        "name": "FiniteStateMachine",
        "properties": {
          "initialState": "lit",
          "systems": {"extinguish": {"class": "ChangeGroup"}, "sounds": {"class": "Sounds", "domain": "maltiezfirearms"}},
          "operations": {
            "extinguish": {
              "class": "Instant",
              "inputs": ["status-swimming", "status-submerged"],
              "states": {"initial": "lit", "final": "unlit"},
              "systems": [{"code": "sounds", "action": "play", "sound": "extinguish"}, {"code": "extinguish", "group": "state", "value": "extinct"}]
            }
          },
          "inputs": {
            "status-swimming": {"class": "Status", "status": "Swimming", "slot": "Inventory"},
            "status-submerged": {"class": "Status", "status": "EyesSubmerged", "slot": "Inventory"}
          }
        }
      }
    ],
    "*": [
      {
        "name": "GroundStorable",
        "properties": {"layout": "Quadrants", "placeRemoveSound": "game:sounds/player/build", "collisionBox": {"x1": 0, "y1": 0, "z1": 0, "x2": 1, "y2": 0.1, "z2": 1}}
      },
      {
        "name": "FiniteStateMachine",
        "properties": {
          "initialState": "unlit",
          "systems": {
            "lit": {"class": "ChangeGroup"},
            "sounds": {"class": "Sounds", "domain": "maltiezfirearms"},
            "selection": {"class": "SelectionMatch", "something-burning": ["torch-*-lit-*", "torchholder-*-filled-*", "firepit-lit", "*-oillamp-*", "candle"]}
          },
          "operations": {
            "extinguish": {
              "class": "Instant",
              "inputs": "action-on",
              "states": {"initial": "unlit", "final": "lit"},
              "systems": [
                {"code": "selection", "match": "something-burning"},
                {"code": "sounds", "action": "play", "sound": "lit"},
                {"code": "lit", "group": "state", "value": "lit"}
              ]
            }
          },
          "inputs": {"action-on": {"class": "ActionInput", "actions": ["RightMouseDown", "ShiftKey"], "name": "maltiezfirearms:lit-match"}}
        }
      }
    ]
  },
  "variantgroups": [{"code": "state", "states": ["unlit", "lit", "extinct"]}],
  "shapebytype": {"*": {"base": "match-{state}"}},
  "combustiblePropsbyType": {
    "*-lit": {"burnTemperature": 600, "burnDuration": 1},
    "*-extinct": {
      "burnTemperature": 600,
      "burnDuration": 1,
      "meltingPoint": 300,
      "meltingDuration": 1,
      "smeltedRatio": 1,
      "smeltingType": "convert",
      "smeltedStack": {"type": "item", "code": "match-lit"},
      "requiresContainer": false
    },
    "*-unlit": {
      "burnTemperature": 600,
      "burnDuration": 1,
      "meltingPoint": 300,
      "meltingDuration": 1,
      "smeltedRatio": 1,
      "smeltingType": "convert",
      "smeltedStack": {"type": "item", "code": "match-lit"},
      "requiresContainer": false
    }
  },
  "guiTransform": {"translation": {"x": 0, "y": 0, "z": 0}, "rotation": {"x": 166, "y": -150, "z": 0}, "origin": {"x": 0.13, "y": -0.18, "z": -0.3}, "scale": 6},
  "fpHandTransform": {"translation": {"x": 0, "y": 0, "z": 0}, "rotation": {"x": 10, "y": -172, "z": 0}, "origin": {"x": 0.3, "y": -0.5, "z": 0}, "scale": 4},
  "tpHandTransform": {"translation": {"x": -0.2, "y": 0, "z": 0}, "rotation": {"x": 0, "y": 90, "z": 0}, "origin": {"x": 0, "y": 0, "z": 0}, "scale": 0.69},
  "groundTransform": {"translation": {"x": 0, "y": 0, "z": 0}, "rotation": {"x": 0, "y": 0, "z": 90}, "origin": {"x": 0, "y": 0, "z": 0}, "scale": 4}
}