{
  "textureWidth": 16,
  "textureHeight": 16,
  "textureSizes": {
    "top": [16, 16],
    "body": [16, 16],
    "cordage": [16, 16]
  },
  "elements": [
    {
      "name": "stage1",
      "rotationOrigin": [8, 2.96563, 8],
      "from": [0, 0, 0],
      "to": [0, 0, 0],
      "parent": null,
      "faces": {
        "north": {
          "texture": "#",
          "uv": [0, 0, 0, 0]
        },
        "east": {
          "texture": "#",
          "uv": [0, 0, 0, 0]
        },
        "south": {
          "texture": "#",
          "uv": [0, 0, 0, 0]
        },
        "west": {
          "texture": "#",
          "uv": [0, 0, 0, 0]
        },
        "up": {
          "texture": "#",
          "uv": [0, 0, 0, 0]
        },
        "down": {
          "texture": "#",
          "uv": [0, 0, 0, 0]
        }
      },
      "children": [
        {
          "name": "cube12",
          "from": [7.75, 2.375, 7.75],
          "to": [8.25, 2.775, 8.25],
          "rotationOrigin": [8, 2.825, 8],
          "faces": {
            "north": {
              "texture": "top",
              "uv": [3, 4, 3.5, 4.4],
              "autoUv": false
            },
            "east": {
              "texture": "top",
              "uv": [3, 4, 3.5, 4.4],
              "autoUv": false
            },
            "south": {
              "texture": "top",
              "uv": [4, 3, 4.5, 3.4],
              "autoUv": false
            },
            "west": {
              "texture": "top",
              "uv": [4, 3, 4.5, 3.4],
              "autoUv": false
            },
            "up": {
              "texture": "top",
              "uv": [2.5, 4.5, 2, 4],
              "autoUv": false
            },
            "down": {
              "texture": "top",
              "uv": [4.5, 2, 4, 2.5],
              "autoUv": false
            }
          },
          "parent": "stage1",
          "children": []
        },
        {
          "name": "cube13",
          "from": [7.25, 0, 7.25],
          "to": [8.75, 1.25, 8.75],
          "rotationOrigin": [8.5, 0, 8.5],
          "faces": {
            "north": {
              "texture": "#body",
              "uv": [2, 0, 3.5, 1.25],
              "autoUv": false
            },
            "east": {
              "texture": "#body",
              "uv": [2, 0, 3.5, 1.25],
              "autoUv": false
            },
            "south": {
              "texture": "#body",
              "uv": [2, 0, 3.5, 1.25],
              "autoUv": false
            },
            "west": {
              "texture": "#body",
              "uv": [2, 0, 3.5, 1.25],
              "autoUv": false
            },
            "up": {
              "texture": "#body",
              "uv": [1.5, 1.5, 0, 0],
              "autoUv": false
            },
            "down": {
              "texture": "#body",
              "uv": [1.5, 2, 0, 3.5],
              "autoUv": false
            }
          },
          "parent": "stage1",
          "children": []
        },
        {
          "name": "cube14",
          "from": [7.375, 1.25, 7.375],
          "to": [8.625, 2.375, 8.625],
          "rotationOrigin": [8, 1.5, 8],
          "faces": {
            "north": {
              "texture": "#body",
              "uv": [2, 2, 3.25, 3.25],
              "autoUv": false
            },
            "east": {
              "texture": "#body",
              "uv": [2, 2, 3.25, 3.25],
              "autoUv": false
            },
            "south": {
              "texture": "#body",
              "uv": [2, 2, 3.25, 3.25],
              "autoUv": false
            },
            "west": {
              "texture": "#body",
              "uv": [2, 2, 3.25, 3.25],
              "autoUv": false
            },
            "up": {
              "texture": "#body",
              "uv": [1.25, 5.25, 0, 4],
              "autoUv": false
            },
            "down": {
              "texture": "#body",
              "uv": [5.25, 0, 4, 1.25],
              "autoUv": false
            }
          },
          "parent": "stage1",
          "children": []
        }
      ]
    }
  ],
  "animations": []
}