{
  "code": "switch",
  "class": "Switch",
  "creativeInventory": {
    "general": [
      "*-enabled"
    ],
    "electricity": [
      "*-enabled"
    ]
  },
  "variantGroups": [
    {
      "code": "type",
      "states": [
        "enabled",
        "disabled"
      ]
    }
  ],
  "shapeByType": {
    "*-enabled": {
      "base": "block/switch-enabled"
    },
    "*-disabled": {
      "base": "block/switch-disabled"
    }
  },
  "collisionSelectionBoxes": [
    {
      "x1": 0.3125,
      "y1": -0.031875,
      "z1": 0.25,
      "x2": 0.6875,
      "y2": 0.0775,
      "z2": 0.75
    }
  ],
  "resistance": 1,
  "drawType": "JSON",
  "lightAbsorption": 0.0,
  "faceCullMode": "NeverCull",
  "renderPass": "OpaqueNoCull",
  "emitSideAo": {
    "all": false
  },
  "sideAo": {
    "all": false
  },
  "sideOpaque": {
    "all": false
  },
  "sideSolid": {
    "all": false
  },
  "sounds": {
    "place": "game:block/anvil",
    "walk": "game:walk/stone"
  },
  "fpHandTransform": {
    "translation": {
      "x": -0.5,
      "y": 1.15,
      "z": 1.25
    },
    "rotation": {
      "x": 68,
      "y": -60,
      "z": 54
    },
    "origin": {
      "x": 0.5,
      "y": 0.0,
      "z": 0.5
    }
  },
  "tpHandTransform": {
    "translation": {
      "x": -1.0,
      "y": -0.25,
      "z": -1.0
    },
    "rotation": {
      "x": 0,
      "y": -83,
      "z": -102
    },
    "origin": {
      "x": 0.5,
      "y": 0.0,
      "z": 0.5
    },
    "scale": 0.5
  },
  "groundTransform": {
    "scale": 2.5
  },
  "guiTransform": {
    "translation": {
      "x": 0,
      "y": -16,
      "z": 0
    },
    "scale": 1.63
  }
}
