{
  "code": "temporalcrux",
  "class": "ItemTemporalCrux",
  "maxstacksize": 1,
  "enabled": true,

  "shapebytype": {
    "*": {
      "base": "items/temporalcrux",
      "rotateY": 0
    }
  },

  "texturesByType": {
    "*": {
      "default": { "base": "default" },
      "rust-solid": { "base": "items/rust-solid" },
      "rust-faded": { "base": "items/rust-faded" },
      "rustyglow-solid": { "base": "items/rustyglow-solid" },
      "rustyglow-faded": { "base": "items/rustyglow-faded" },
      "obsidian1": { "base": "game:block/stone/rock/obsidian1" },
      "runes-cruxcasing": { "base": "items/runes-cruxcasing" }
    }
  },

  "creativeinventory": {
    "general": [ "*" ],
    "items": [ "*" ],
    "ruststones": [ "*" ]
  },
  "materialDensity": 600,

  "attributesByType": {
    "*": {
      "displaycaseable": true,
      "shelvable": true,
      "onDisplayTransform": {
        "rotation": {
          "x": 7,
          "y": 5,
          "z": 9
        },
        "rotate": true
      }
    }
  },
  "guiTransform": {
    "translation": {
      "x": 3,
      "y": 0,
      "z": 0
    },
    "rotation": {
      "x": 151,
      "y": 281.3401,
      "z": 0
    },
    "origin": {
      "x": 0.5,
      "y": 0.175,
      "z": 0.5
    },
    "scale": 3.5
  },
  "fpHandTransform": {
    "translation": {
      "x": -0.05,
      "y": 0.04,
      "z": 0
    },
    "rotation": {
      "x": 5,
      "y": 100,
      "z": 0
    },
    "origin": {
      "x": 0.5,
      "y": -0.13,
      "z": 0.5
    },
    "scale": 3.4
  },
  "tpHandTransform": {
    "translation": {
      "x": -0.78,
      "y": -0.11,
      "z": -0.7
    },
    "rotation": {
      "x": -41,
      "y": -29,
      "z": -60
    },
    "origin": {
      "x": 0.5,
      "y": 0.09,
      "z": 0.5
    },
    "scale": 0.75
  },
  "groundTransform": {
    "translation": {
      "x": 0,
      "y": 0,
      "z": 0
    },
    "rotation": {
      "x": 0,
      "y": 0,
      "z": 0
    },
    "origin": {
      "x": 0.5,
      "y": 0,
      "z": 0.5
    },
    "scale": 4.5
  }
}
