{
	"editor": {
		"collapsedPaths": "Root/Flask_origin/Flask_origin_inner/Flask,Root/Arquebus_origin/Lever,Root/Arquebus_origin/Ramdrod_origin,Root/Arquebus_origin/Stock,Root/Arquebus_origin/Barrel,Root/Arquebus_origin/Patch,Root/Arquebus_origin/Matchlock/Lock_lever/Lever_arm,Root/Arquebus_origin/Flask_origin/Flask_origin_inner/Flask,Root/Arquebus_origin/Flask_origin,Root/Arquebus_origin/Matchlock,Root/Flask/Bottom_plate,Root/Match",
		"allAngles": false,
		"entityTextureMode": false
	},
	"textureWidth": 16,
	"textureHeight": 16,
	"textureSizes": {
	},
	"textures": {
		"ember": "game:block/coal/ember",
		"brass": "game:block/metal/plate/brass",
		"iron": "game:block/metal/plate/iron"
	},
	"elements": [
		{
			"name": "Ramdrod_origin",
			"from": [ -0.15, 1.0, -12.65 ],
			"to": [ -0.15, 1.0, -12.65 ],
			"rotationOrigin": [ -0.15, 1.0, -12.65 ],
			"faces": {
				"north": { "texture": "#ember", "uv": [ 0.0, 0.0, 0.5, 0.5 ] },
				"east": { "texture": "#ember", "uv": [ 0.0, 0.0, 0.5, 0.5 ] },
				"south": { "texture": "#ember", "uv": [ 0.0, 0.0, 0.5, 0.5 ] },
				"west": { "texture": "#ember", "uv": [ 0.0, 0.0, 0.5, 0.5 ] },
				"up": { "texture": "#ember", "uv": [ 0.0, 0.0, 0.5, 0.5 ] },
				"down": { "texture": "#ember", "uv": [ 0.0, 0.0, 0.5, 0.5 ] }
			},
			"children": [
				{
					"name": "Ramrod",
					"from": [ 0.0, 0.0, -5.0 ],
					"to": [ 0.3, 0.3, 14.5 ],
					"rotationOrigin": [ 0.05, 0.3, 3.05 ],
					"faces": {
						"north": { "texture": "#iron", "uv": [ 0.0, 0.0, 0.5, 0.5 ] },
						"east": { "texture": "#iron", "uv": [ 0.0, 0.0, 16.0, 0.5 ], "autoUv": false },
						"south": { "texture": "#iron", "uv": [ 0.0, 0.0, 0.5, 0.5 ] },
						"west": { "texture": "#iron", "uv": [ 0.0, 0.0, 16.0, 0.5 ], "autoUv": false },
						"up": { "texture": "#iron", "uv": [ 0.0, 0.0, 0.5, 16.0 ], "autoUv": false },
						"down": { "texture": "#iron", "uv": [ 0.0, 0.0, 0.5, 16.0 ], "autoUv": false }
					},
					"children": [
						{
							"name": "Ramrod_cap",
							"from": [ -0.05, -0.05, -0.2 ],
							"to": [ 0.35, 0.35, 0.1 ],
							"rotationOrigin": [ 0.0, 0.1, -0.3 ],
							"faces": {
								"north": { "texture": "#brass", "uv": [ 0.0, 0.0, 0.5, 0.5 ] },
								"east": { "texture": "#brass", "uv": [ 0.0, 0.0, 0.5, 0.5 ] },
								"south": { "texture": "#brass", "uv": [ 0.0, 0.0, 0.5, 0.5 ] },
								"west": { "texture": "#brass", "uv": [ 0.0, 0.0, 0.5, 0.5 ] },
								"up": { "texture": "#brass", "uv": [ 0.0, 0.0, 0.5, 0.5 ] },
								"down": { "texture": "#brass", "uv": [ 0.0, 0.0, 0.5, 0.5 ] }
							}
						}
					]
				}
			]
		}
	],
	"animations": [
		{
			"name": "Load",
			"code": "load",
			"quantityframes": 200,
			"onActivityStopped": "Stop",
			"onAnimationEnd": "Hold",
			"keyframes": [

			]
		},

		{
			"name": "Prime",
			"code": "prime",
			"quantityframes": 60,
			"onActivityStopped": "Stop",
			"onAnimationEnd": "Hold",
			"keyframes": [

			]
		},

		{
			"name": "Match",
			"code": "match",
			"quantityframes": 30,
			"onActivityStopped": "Stop",
			"onAnimationEnd": "Hold",
			"keyframes": [

			]
		},

		{
			"name": "Fire",
			"code": "fire",
			"quantityframes": 20,
			"onActivityStopped": "Stop",
			"onAnimationEnd": "Hold",
			"keyframes": [

			]
		}
	]
}