[
  {
    "op": "replace",
    "path": "/0/height",
    "value": 3,
    "file": "game:recipes/grid/metalbit.json"
  },
  {
    "op": "replace",
    "path": "/0/ingredientPattern",
    "value": "H,C,I",
    "file": "game:recipes/grid/metalbit.json"
  },
  {
    "op": "add",
    "path": "/0/ingredients/H",
    "value": {
      "type": "item",
      "code": "hammer-*",
      "isTool": true
    },
    "file": "game:recipes/grid/metalbit.json"
  },
  {
    "op": "replace",
    "path": "/1/height",
    "value": 3,
    "file": "game:recipes/grid/metalbit.json"
  },
  {
    "op": "replace",
    "path": "/1/ingredientPattern",
    "value": "H,C,I",
    "file": "game:recipes/grid/metalbit.json"
  },
  {
    "op": "add",
    "path": "/1/ingredients/H",
    "value": {
      "type": "item",
      "code": "hammer-*",
      "isTool": true
    },
    "file": "game:recipes/grid/metalbit.json"
  },
  {
    "op": "replace",
    "path": "/2/height",
    "value": 3,
    "file": "game:recipes/grid/metalbit.json"
  },
  {
    "op": "replace",
    "path": "/2/ingredientPattern",
    "value": "H,C,I",
    "file": "game:recipes/grid/metalbit.json"
  },
  {
    "op": "add",
    "path": "/2/ingredients/H",
    "value": {
      "type": "item",
      "code": "hammer-*",
      "isTool": true
    },
    "file": "game:recipes/grid/metalbit.json"
  },
  {
    "op": "replace",
    "path": "/3/height",
    "value": 3,
    "file": "game:recipes/grid/metalbit.json"
  },
  {
    "op": "replace",
    "path": "/3/ingredientPattern",
    "value": "H,C,I",
    "file": "game:recipes/grid/metalbit.json"
  },
  {
    "op": "add",
    "path": "/3/ingredients/H",
    "value": {
      "type": "item",
      "code": "hammer-*",
      "isTool": true
    },
    "file": "game:recipes/grid/metalbit.json"
  },
  {
    "op": "replace",
    "path": "/4/height",
    "value": 3,
    "file": "game:recipes/grid/metalbit.json"
  },
  {
    "op": "replace",
    "path": "/4/ingredientPattern",
    "value": "H,C,I",
    "file": "game:recipes/grid/metalbit.json"
  },
  {
    "op": "add",
    "path": "/4/ingredients/H",
    "value": {
      "type": "item",
      "code": "hammer-*",
      "isTool": true
    },
    "file": "game:recipes/grid/metalbit.json"
  },
  {
    "op": "replace",
    "path": "/5/height",
    "value": 3,
    "file": "game:recipes/grid/metalbit.json"
  },
  {
    "op": "replace",
    "path": "/5/ingredientPattern",
    "value": "H,C,I",
    "file": "game:recipes/grid/metalbit.json"
  },
  {
    "op": "add",
    "path": "/5/ingredients/H",
    "value": {
      "type": "item",
      "code": "hammer-*",
      "isTool": true
    },
    "file": "game:recipes/grid/metalbit.json"
  }
]