[
  {
    "op": "replace",
    "path": "/0/height",
    "value": 3,
    "file": "game:recipes/grid/ingot.json"
  },
  {
    "op": "replace",
    "path": "/0/ingredientPattern",
    "value": "H,C,A",
    "file": "game:recipes/grid/ingot.json"
  },
  {
    "op": "add",
    "path": "/0/ingredients/H",
    "value": {
      "type": "item",
      "code": "hammer-*",
      "isTool": true,
      "toolDurabilityCost": 60
    },
    "file": "game:recipes/grid/ingot.json"
  },
  {
    "op": "remove",
    "path": "/0/ingredients/C/name",
    "file": "game:recipes/grid/ingot.json"
  },
  {
    "op": "replace",
    "path": "/1/height",
    "value": 3,
    "file": "game:recipes/grid/ingot.json"
  },
  {
    "op": "replace",
    "path": "/1/ingredientPattern",
    "value": "H,C,A",
    "file": "game:recipes/grid/ingot.json"
  },
  {
    "op": "add",
    "path": "/1/ingredients/H",
    "value": {
      "type": "item",
      "code": "hammer-*",
      "isTool": true,
      "toolDurabilityCost": 100
    },
    "file": "game:recipes/grid/ingot.json"
  },
  {
    "op": "remove",
    "path": "/1/ingredients/C/name",
    "file": "game:recipes/grid/ingot.json"
  },
  {
    "op": "replace",
    "path": "/2/height",
    "value": 3,
    "file": "game:recipes/grid/ingot.json"
  },
  {
    "op": "replace",
    "path": "/2/ingredientPattern",
    "value": "H,C,A",
    "file": "game:recipes/grid/ingot.json"
  },
  {
    "op": "add",
    "path": "/2/ingredients/H",
    "value": {
      "type": "item",
      "code": "hammer-*",
      "isTool": true,
      "toolDurabilityCost": 120
    },
    "file": "game:recipes/grid/ingot.json"
  },
  {
    "op": "remove",
    "path": "/2/ingredients/C/name",
    "file": "game:recipes/grid/ingot.json"
  },
  {
    "op": "replace",
    "path": "/3/height",
    "value": 3,
    "file": "game:recipes/grid/ingot.json"
  },
  {
    "op": "replace",
    "path": "/3/ingredientPattern",
    "value": "H,C,A",
    "file": "game:recipes/grid/ingot.json"
  },
  {
    "op": "add",
    "path": "/3/ingredients/H",
    "value": {
      "type": "item",
      "code": "hammer-*",
      "isTool": true,
      "toolDurabilityCost": 140
    },
    "file": "game:recipes/grid/ingot.json"
  },
  {
    "op": "remove",
    "path": "/3/ingredients/C/name",
    "file": "game:recipes/grid/ingot.json"
  },
  {
    "op": "replace",
    "path": "/4/height",
    "value": 3,
    "file": "game:recipes/grid/ingot.json"
  },
  {
    "op": "replace",
    "path": "/4/ingredientPattern",
    "value": "H,C,A",
    "file": "game:recipes/grid/ingot.json"
  },
  {
    "op": "add",
    "path": "/4/ingredients/H",
    "value": {
      "type": "item",
      "code": "hammer-*",
      "isTool": true,
      "toolDurabilityCost": 200
    },
    "file": "game:recipes/grid/ingot.json"
  },
  {
    "op": "remove",
    "path": "/4/ingredients/C/name",
    "file": "game:recipes/grid/ingot.json"
  },
  {
    "op": "replace",
    "path": "/5/height",
    "value": 3,
    "file": "game:recipes/grid/ingot.json"
  },
  {
    "op": "replace",
    "path": "/5/ingredientPattern",
    "value": "H,C,A",
    "file": "game:recipes/grid/ingot.json"
  },
  {
    "op": "add",
    "path": "/5/ingredients/H",
    "value": {
      "type": "item",
      "code": "hammer-*",
      "isTool": true,
      "toolDurabilityCost": 280
    },
    "file": "game:recipes/grid/ingot.json"
  },
  {
    "op": "remove",
    "path": "/5/ingredients/C/name",
    "file": "game:recipes/grid/ingot.json"
  },
  {
    "op": "replace",
    "path": "/6/height",
    "value": 3,
    "file": "game:recipes/grid/ingot.json"
  },
  {
    "op": "replace",
    "path": "/6/ingredientPattern",
    "value": "H,C,A",
    "file": "game:recipes/grid/ingot.json"
  },
  {
    "op": "add",
    "path": "/6/ingredients/H",
    "value": {
      "type": "item",
      "code": "hammer-*",
      "isTool": true,
      "toolDurabilityCost": 500
    },
    "file": "game:recipes/grid/ingot.json"
  },
  {
    "op": "remove",
    "path": "/6/ingredients/C/name",
    "file": "game:recipes/grid/ingot.json"
  }
]