﻿[
 {
   file: "expandedfoods:itemtypes/food/primitivesurvival/mixing/breadedfishnugget.json",
    op: "add", 
    path: "/enabled", 
    value: "false",
    "side": "server",
    dependsOn: [{ "modid": "primitivesurvival", "invert": true }]
 },
 {
   file: "expandedfoods:recipes/kneading/primitivesurvival/breadedfishnugget.json",
    op: "add", 
    path: "/0/enabled", 
    value: "false",
    "side": "server",
    dependsOn: [{ "modid": "primitivesurvival", "invert": true }]
 },
 {
   file: "expandedfoods:recipes/kneading/primitivesurvival/breadedfishnugget.json",
    op: "add", 
    path: "/1/enabled", 
    value: "false",
    "side": "server",
    dependsOn: [{ "modid": "primitivesurvival", "invert": true }]
 },
 {
   file: "expandedfoods:recipes/kneading/primitivesurvival/breadedfishnuggetoiled.json",
    op: "add", 
    path: "/0/enabled", 
    value: "false",
    "side": "server",
    dependsOn: [{ "modid": "primitivesurvival", "invert": true }]
 },
 {
   file: "expandedfoods:recipes/kneading/primitivesurvival/breadedfishnuggetsyrup.json",
    op: "add", 
    path: "/0/enabled", 
    value: "false",
    "side": "server",
    dependsOn: [{ "modid": "primitivesurvival", "invert": true }]
 },
 {
   file: "expandedfoods:recipes/kneading/primitivesurvival/breadedfishnuggetsyrup.json",
    op: "add", 
    path: "/1/enabled", 
    value: "false",
    "side": "server",
    dependsOn: [{ "modid": "primitivesurvival", "invert": true }]
 },
 {
   file: "expandedfoods:recipes/kneading/primitivesurvival/breadedfishnuggetsyrup.json",
    op: "add", 
    path: "/2/enabled", 
    value: "false",
    "side": "server",
    dependsOn: [{ "modid": "primitivesurvival", "invert": true }]
 },
]