﻿[
 {
   file: "expandedfoods:itemtypes/food/wildcrafttrees/wildtreecandiedfruit.json",
    "side": "server",
    op: "add", 
    path: "/enabled", 
    value: "false",
    dependsOn: [{ "modid": "wildcrafttrees" , "invert": true}]
 },
 {
   file: "expandedfoods:recipes/simmering/wildcrafttrees/wildtreecandiedfruit.json",
    "side": "server",
    op: "add", 
    path: "/0/enabled", 
    value: "false",
    dependsOn: [{ "modid": "wildcrafttrees" , "invert": true}]
 },
 {
   file: "expandedfoods:recipes/simmering/wildcrafttrees/wildtreecandiedfruit.json",
    "side": "server",
    op: "add", 
    path: "/1/enabled", 
    value: "false",
    dependsOn: [{ "modid": "wildcrafttrees" , "invert": true}]
 },
 {
   file: "expandedfoods:recipes/simmering/wildcrafttrees/wildtreecandiedfruit.json",
    "side": "server",
    op: "add", 
    path: "/2/enabled", 
    value: "false",
    dependsOn: [{ "modid": "wildcrafttrees" , "invert": true}]
 },
 {
   file: "expandedfoods:recipes/simmering/wildcrafttrees/wildtreecandiedfruit.json",
    "side": "server",
    op: "add", 
    path: "/3/enabled", 
    value: "false",
    dependsOn: [{ "modid": "wildcrafttrees" , "invert": true}]
 },
 {
   file: "expandedfoods:recipes/simmering/wildcrafttrees/wildtreecandiedfruit.json",
    "side": "server",
    op: "add", 
    path: "/4/enabled", 
    value: "false",
    dependsOn: [{ "modid": "wildcrafttrees" , "invert": true}]
 },
 {
   file: "expandedfoods:recipes/simmering/wildcrafttrees/wildtreecandiedfruit.json",
    "side": "server",
    op: "add", 
    path: "/5/enabled", 
    value: "false",
    dependsOn: [{ "modid": "wildcrafttrees" , "invert": true}]
 },
 {
   file: "expandedfoods:recipes/simmering/wildcrafttrees/wildtreecandiedfruit.json",
    "side": "server",
    op: "add", 
    path: "/6/enabled", 
    value: "false",
    dependsOn: [{ "modid": "wildcrafttrees" , "invert": true}]
 },
]