﻿[
 {
    "file": "expandedfoods:itemtypes/liquid/wildcrafttrees/wildtreefruitsyrup.json",
    op: "add", 
    path: "/enabled", 
    value: "false",
    "side": "server",
    dependsOn: [{ "modid": "wildcrafttrees", "invert": true }]
 },
 {
    "file": "expandedfoods:itemtypes/liquid/wildcrafttrees/wildtreepotentwine.json",
    op: "add", 
    path: "/enabled", 
    value: "false",
    "side": "server",
    dependsOn: [{ "modid": "wildcrafttrees", "invert": true }]
 },
 {
    "file": "expandedfoods:itemtypes/liquid/wildcrafttrees/wildtreestrongwine.json",
    op: "add", 
    path: "/enabled", 
    value: "false",
    "side": "server",
    dependsOn: [{ "modid": "wildcrafttrees", "invert": true }]
 },
 {
    "file": "expandedfoods:itemtypes/liquid/wildcrafttrees/wildtreepotentspirit.json",
    op: "add", 
    path: "/enabled", 
    value: "false",
    "side": "server",
    dependsOn: [{ "modid": "wildcrafttrees", "invert": true }]
 },
 {
    "file": "expandedfoods:itemtypes/liquid/wildcrafttrees/wildtreestrongspirit.json",
    op: "add", 
    path: "/enabled", 
    value: "false",
    "side": "server",
    dependsOn: [{ "modid": "wildcrafttrees", "invert": true }]
 },
]