[
    {
		ingredientPattern: "CED,ABA,RE_",
		width: 3,
		height: 3,
		ingredients: {
			"A": { type: "item", code: "game:ingot-cupronickel", },
			"B": { type: "item", code: "game:gear-temporal", },
			"C": { type: "item", code: "game:hammer-*", isTool: true, toolDurabilityCost: 10 },
			"D": { type: "item", code: "game:chisel-*", isTool: true, toolDurabilityCost: 10 },
			"R": { type: "item", code: "game:jonasparts-tank02" },
			"E": { type: "block", code: "game:metal-parts" }
		},
		output: { type: "item", code: "game:jonasparts-tank01"}
	},
    {
		ingredientPattern: "CAD,_B_,RE_",
		width: 3,
		height: 3,
		ingredients: {
			"A": { type: "item", code: "game:ingot-cupronickel", },
			"B": { type: "item", code: "game:gear-temporal", },
			"C": { type: "item", code: "game:hammer-*", isTool: true, toolDurabilityCost: 10 },
			"D": { type: "item", code: "game:chisel-*", isTool: true, toolDurabilityCost: 10 },
			"R": { type: "item", code: "game:jonasparts-valve01" },
			"E": { type: "block", code: "game:metal-parts" }
		},
		output: { type: "item", code: "game:jonasparts-tank02"}
	},
    {
		ingredientPattern: "CAD,ERE",
		width: 3,
		height: 2,
		ingredients: {
			"A": { type: "item", code: "game:ingot-cupronickel", },
			"C": { type: "item", code: "game:hammer-*", isTool: true, toolDurabilityCost: 10 },
			"D": { type: "item", code: "game:chisel-*", isTool: true, toolDurabilityCost: 10 },
			"R": { type: "item", code: "game:jonasparts-connector01"},
			"E": { type: "block", code: "game:metal-parts" }
		},
		output: { type: "item", code: "game:jonasparts-valve01"}
	},
    {
		ingredientPattern: "CFD,REA,_F_",
		width: 3,
		height: 3,
		ingredients: {
			"A": { type: "item", code: "game:ingot-cupronickel", },
			"C": { type: "item", code: "game:hammer-*", isTool: true, toolDurabilityCost: 10 },
			"D": { type: "item", code: "game:chisel-*", isTool: true, toolDurabilityCost: 10 },
			"E": { type: "item", code: "game:metalplate-electrum"},
			"R": { type: "item", code: "game:jonasparts-cylinder01" },
			"F": { type: "block", code: "game:glass-plain"}
		},
		output: { type: "item", code: "game:jonasparts-connector01"}
	},
    {
		ingredientPattern: "CAD,RBE",
		width: 3,
		height: 2,
		ingredients: {
			"A": { type: "item", code: "game:ingot-cupronickel", },
			"B": { type: "item", code: "game:gear-temporal", },
			"C": { type: "item", code: "game:hammer-*", isTool: true, toolDurabilityCost: 10 },
			"D": { type: "item", code: "game:chisel-*", isTool: true, toolDurabilityCost: 10 },
			"R": { type: "item", code: "game:jonasparts-cylinder02"},
			"E": { type: "block", code: "game:metal-parts" }
		},
		output: { type: "item", code: "game:jonasparts-cylinder01"}
	},
    {
		ingredientPattern: "CED,EBE,RE_",
		width: 3,
		height: 3,
		ingredients: {
			"B": { type: "item", code: "game:gear-temporal", },
			"C": { type: "item", code: "game:hammer-*", isTool: true, toolDurabilityCost: 10 },
			"D": { type: "item", code: "game:chisel-*", isTool: true, toolDurabilityCost: 10 },
			"R": { type: "item", code: "game:jonasframes-oscillator01" },
			"E": { type: "block", code: "game:metal-parts" }
		},
		output: { type: "item", code: "game:jonasparts-cylinder02"}
	},
    {
		ingredientPattern: "CE,RA,BB",
		width: 2,
		height: 3,
		ingredients: {
			"A": { type: "item", code: "game:ingot-cupronickel", },
			"B": { type: "item", code: "game:gear-rusty", },
			"C": { type: "item", code: "game:hammer-*", isTool: true, toolDurabilityCost: 10 },
			"R": { type: "item", code: "game:jonasframes-spring01" },
			"E": { type: "block", code: "game:metal-parts" }
		},
		output: { type: "item", code: "game:jonasframes-oscillator01"}
	},
	{
		ingredientPattern: "_AD,RBE,_E_",
		width: 3,
		height: 3,
		ingredients: {
			"A": { type: "item", code: "game:ingot-cupronickel", },
			"B": { type: "item", code: "game:gear-rusty", },
			"D": { type: "item", code: "game:chisel-*", isTool: true, toolDurabilityCost: 10 },
			"R": { type: "item", code: "game:jonasframes-joint01" },
			"E": { type: "block", code: "game:metal-parts" }
		},
		output: { type: "item", code: "game:jonasframes-spring01"}
	},
    {
		ingredientPattern: "A__,BRB,BBB",
		width: 3,
		height: 3,
		ingredients: {
			"A": { type: "item", code: "game:hammer-*", isTool: true, toolDurabilityCost: 10 },
			"R": { type: "item", code: "game:jonasframes-gears01" },
			"B": { type: "block", code: "game:metal-parts" }
		},
		output: { type: "item", code: "game:jonasframes-joint01"}
	},
    {
		ingredientPattern: "BAB,CRC,BCB",
		width: 3,
		height: 3,
		ingredients: {
			"A": { type: "item", code: "game:hammer-*", isTool: true, toolDurabilityCost: 10 },
			"B": { type: "item", code: "game:gear-rusty", },
			"R": { type: "item", code: "game:jonasframes-gearbox01" },
			"C": { type: "block", code: "game:metal-parts"}
		},
		output: { type: "item", code: "game:jonasframes-gears01"}
	},
	{
		ingredientPattern: "CA_,BRB,_A_",
		width: 3,
		height: 3,
		ingredients: {
			"A": { type: "item", code: "game:ingot-cupronickel", },
			"B": { type: "item", code: "game:gear-rusty", quantity: 1 },
			"R": { type: "item", code: "game:jonasframes-gearbox02" },
			"C": { type: "item", code: "game:hammer-*", isTool: true, toolDurabilityCost: 10 }
		},
		output: { type: "item", code: "game:jonasframes-gearbox01"}
	},
    {
		ingredientPattern: "CA_,BRD,_A_",
		width: 3,
		height: 3,
		ingredients: {
			"A": { type: "item", code: "game:ingot-cupronickel", },
			"B": { type: "item", code: "game:gear-rusty", quantity: 3 },
			"C": { type: "item", code: "game:hammer-*", isTool: true, toolDurabilityCost: 10 },
			"R": { type: "item", code: "game:jonasframes-gears02" },
			"D": { type: "block", code: "game:metal-parts" }
		},
		output: { type: "item", code: "game:jonasframes-gearbox02"}
	},

    {
		ingredientPattern: "CA_,BRB,_A_",
		width: 3,
		height: 3,
		ingredients: {
			"A": { type: "item", code: "game:ingot-cupronickel", },
			"B": { type: "item", code: "game:gear-rusty", quantity: 3 },
			"R": { type: "item", code: "game:jonasframes-gearbox02" },
			"C": { type: "item", code: "game:hammer-*", isTool: true, toolDurabilityCost: 10 },

		},
		output: { type: "item", code: "game:jonasframes-gears02"}
	},

    {
		ingredientPattern: "CD,BA",
		width: 2,
		height: 2,
		ingredients: {
			"A": { type: "item", code: "game:ingot-cupronickel", },
			"B": { type: "item", code: "game:gear-rusty", quantity: 1 },
			"C": { type: "item", code: "game:hammer-*", isTool: true, toolDurabilityCost: 10 },
			"D": { type: "item", code: "game:chisel-*", isTool: true, toolDurabilityCost: 10 }

		},
		output: { type: "block", code: "game:metal-parts", quantity: 2  }
	}
]