{
	"editor": {
		"allAngles": false,
		"entityTextureMode": false
	},
	"textureWidth": 16,
	"textureHeight": 16,
	"textureSizes": {
	},
	"textures": {
		"red": "game:block/cloth/linen/red",
		"ceramic": "game:block/clay/ceramic",
		"leather": "game:block/leather/pink"
	},
	"elements": [
		{
			"name": "WaterskinBase",
			"from": [ 6.5, 0.0, 6.0 ], 
			"to": [ 9.5, 1.0, 10.0 ], 
			"rotationOrigin": [ 6.5, 0.0, 6.0 ],
			"faces": {
				"north": { "texture": "#leather", "uv": [ 0.0, 0.0, 3.0, 1.0 ] },
				"east": { "texture": "#leather", "uv": [ 0.0, 0.0, 4.0, 1.0 ] },
				"south": { "texture": "#leather", "uv": [ 0.0, 0.0, 3.0, 1.0 ] },
				"west": { "texture": "#leather", "uv": [ 0.0, 0.0, 4.0, 1.0 ] },
				"up": { "texture": "#leather", "uv": [ 0.0, 0.0, 3.0, 4.0 ], "enabled": false },
				"down": { "texture": "#leather", "uv": [ 0.0, 0.0, 3.0, 4.0 ] }
			},
			"children": [
				{
					"name": "WaterskinBody1",
					"from": [ 0.0, 1.0, -0.5 ], 
					"to": [ 3.0, 2.0, 4.5 ], 
					"rotationOrigin": [ 2.0, 1.0, 2.0 ],
					"faces": {
						"north": { "texture": "#leather", "uv": [ 0.0, 1.0, 3.0, 2.0 ] },
						"east": { "texture": "#leather", "uv": [ 0.0, 1.0, 5.0, 2.0 ] },
						"south": { "texture": "#leather", "uv": [ 0.0, 1.0, 3.0, 2.0 ] },
						"west": { "texture": "#leather", "uv": [ 0.0, 1.0, 5.0, 2.0 ] },
						"up": { "texture": "#leather", "uv": [ 0.0, 0.0, 3.0, 5.0 ], "enabled": false },
						"down": { "texture": "#leather", "uv": [ 3.0, 0.0, 6.0, 5.0 ] }
					}
				},
				{
					"name": "WaterskinBody2",
					"from": [ 0.0, 2.0, -1.0 ], 
					"to": [ 3.0, 4.0, 5.0 ], 
					"rotationOrigin": [ 2.4, 3.0, 2.0 ],
					"faces": {
						"north": { "texture": "#leather", "uv": [ 0.0, 4.0, 3.0, 6.0 ] },
						"east": { "texture": "#leather", "uv": [ 0.0, 4.0, 6.0, 6.0 ] },
						"south": { "texture": "#leather", "uv": [ 0.0, 4.0, 3.0, 6.0 ] },
						"west": { "texture": "#leather", "uv": [ 0.0, 4.0, 6.0, 6.0 ] },
						"up": { "texture": "#leather", "uv": [ 6.0, 0.0, 9.0, 6.0 ] },
						"down": { "texture": "#leather", "uv": [ 6.0, 0.0, 9.0, 6.0 ] }
					},
					"children": [
						{
							"name": "WaterskinRopeLoop",
							"from": [ 1.0, 0.0, 6.0 ], 
							"to": [ 2.0, 2.0, 7.0 ], 
							"rotationOrigin": [ 1.0, 0.0, 6.0 ],
							"faces": {
								"north": { "texture": "#leather", "uv": [ 0.0, 0.0, 1.0, 2.0 ], "enabled": false },
								"east": { "texture": "#leather", "uv": [ 4.0, 2.5, 5.0, 4.5 ] },
								"south": { "texture": "#leather", "uv": [ 6.0, 2.5, 7.0, 4.5 ], "autoUv": false },
								"west": { "texture": "#leather", "uv": [ 5.5, 2.5, 6.5, 4.5 ] },
								"up": { "texture": "#leather", "uv": [ 3.5, 4.5, 4.5, 5.5 ] },
								"down": { "texture": "#leather", "uv": [ 4.0, 4.5, 5.0, 5.5 ] }
							},
							"children": [
								{
									"name": "WaterskinRope1",
									"from": [ 0.25, 2.0, 0.25 ], 
									"to": [ 0.75, 3.0, 0.75 ], 
									"rotationOrigin": [ 0.2, 2.0, 0.2 ],
									"faces": {
										"north": { "texture": "#red", "uv": [ 0.0, 0.0, 0.5, 1.0 ] },
										"east": { "texture": "#red", "uv": [ 0.0, 0.0, 0.5, 1.0 ] },
										"south": { "texture": "#red", "uv": [ 0.0, 0.0, 0.5, 1.0 ] },
										"west": { "texture": "#red", "uv": [ 0.0, 0.0, 0.5, 1.0 ] },
										"up": { "texture": "#red", "uv": [ 0.0, 0.0, 0.5, 0.5 ] },
										"down": { "texture": "#red", "uv": [ 0.0, 0.0, 0.5, 0.5 ] }
									},
									"children": [
										{
											"name": "WaterskinRope2",
											"from": [ 0.01, 0.8, 0.05 ], 
											"to": [ 0.51, 3.8, 0.55 ], 
											"rotationOrigin": [ -0.05, 0.8, 0.05 ],
											"rotationX": -20.0,
											"faces": {
												"north": { "texture": "#red", "uv": [ 0.0, 0.0, 0.5, 3.0 ] },
												"east": { "texture": "#red", "uv": [ 0.0, 0.0, 0.5, 3.0 ] },
												"south": { "texture": "#red", "uv": [ 0.0, 0.0, 0.5, 3.0 ] },
												"west": { "texture": "#red", "uv": [ 0.0, 0.0, 0.5, 3.0 ] },
												"up": { "texture": "#red", "uv": [ 0.0, 0.0, 0.5, 0.5 ] },
												"down": { "texture": "#red", "uv": [ 0.0, 0.0, 0.5, 0.5 ] }
											},
											"children": [
												{
													"name": "WaterskinRope3",
													"from": [ -0.01, 2.9732, 0.018 ], 
													"to": [ 0.49, 3.9732, 0.518 ], 
													"rotationOrigin": [ -0.05, 2.9732, 0.018 ],
													"rotationX": -3.0,
													"faces": {
														"north": { "texture": "#red", "uv": [ 0.0, 0.0, 0.5, 1.0 ] },
														"east": { "texture": "#red", "uv": [ 0.0, 0.0, 0.5, 1.0 ] },
														"south": { "texture": "#red", "uv": [ 0.0, 0.0, 0.5, 1.0 ] },
														"west": { "texture": "#red", "uv": [ 0.0, 0.0, 0.5, 1.0 ] },
														"up": { "texture": "#red", "uv": [ 0.0, 0.0, 0.5, 0.5 ] },
														"down": { "texture": "#red", "uv": [ 0.0, 0.0, 0.5, 0.5 ] }
													},
													"children": [
														{
															"name": "WaterskinRope4",
															"from": [ 0.01, 0.84, 0.01 ], 
															"to": [ 0.51, 2.34, 0.51 ], 
															"rotationOrigin": [ -0.05, 0.8941, -0.0244 ],
															"rotationX": -14.0,
															"faces": {
																"north": { "texture": "#red", "uv": [ 0.0, 0.0, 0.5, 1.5 ] },
																"east": { "texture": "#red", "uv": [ 0.0, 0.0, 0.5, 1.5 ] },
																"south": { "texture": "#red", "uv": [ 0.0, 0.0, 0.5, 1.5 ] },
																"west": { "texture": "#red", "uv": [ 0.0, 0.0, 0.5, 1.5 ] },
																"up": { "texture": "#red", "uv": [ 0.0, 0.0, 0.5, 0.5 ] },
																"down": { "texture": "#red", "uv": [ 0.0, 0.0, 0.5, 0.5 ] }
															},
															"children": [
																{
																	"name": "WaterskinRope5",
																	"from": [ -0.01, 1.3303, 0.03 ], 
																	"to": [ 0.49, 2.8303, 0.53 ], 
																	"rotationOrigin": [ -0.05, 1.3303, -0.02 ],
																	"rotationX": -16.0,
																	"faces": {
																		"north": { "texture": "#red", "uv": [ 0.0, 0.0, 0.5, 1.5 ] },
																		"east": { "texture": "#red", "uv": [ 0.0, 0.0, 0.5, 1.5 ] },
																		"south": { "texture": "#red", "uv": [ 0.0, 0.0, 0.5, 1.5 ] },
																		"west": { "texture": "#red", "uv": [ 0.0, 0.0, 0.5, 1.5 ] },
																		"up": { "texture": "#red", "uv": [ 0.0, 0.0, 0.5, 0.5 ] },
																		"down": { "texture": "#red", "uv": [ 0.0, 0.0, 0.5, 0.5 ] }
																	},
																	"children": [
																		{
																			"name": "WaterskinRopeKnot",
																			"from": [ -0.15, -0.4, -0.35 ], 
																			"to": [ 0.65, 0.4, 0.45 ], 
																			"rotationOrigin": [ -0.2, -0.4, -0.4 ],
																			"rotationX": 18.0,
																			"faces": {
																				"north": { "texture": "#red", "uv": [ 0.0, 0.0, 1.0, 1.0 ], "autoUv": false },
																				"east": { "texture": "#red", "uv": [ 0.0, 0.0, 1.0, 1.0 ], "autoUv": false },
																				"south": { "texture": "#red", "uv": [ 0.0, 0.0, 1.0, 1.0 ], "autoUv": false },
																				"west": { "texture": "#red", "uv": [ 0.0, 0.0, 1.0, 1.0 ], "autoUv": false },
																				"up": { "texture": "#red", "uv": [ 0.0, 0.0, 1.0, 1.0 ], "autoUv": false },
																				"down": { "texture": "#red", "uv": [ 0.0, 0.0, 1.0, 1.0 ], "autoUv": false }
																			}
																		}
																	]
																}
															]
														}
													]
												}
											]
										}
									]
								}
							]
						},
						{
							"name": "WaterskinRopeLoop2",
							"from": [ 1.0, 0.0, -1.0 ], 
							"to": [ 2.0, 2.0, 0.0 ], 
							"rotationOrigin": [ 1.0, 0.0, -1.0 ],
							"faces": {
								"north": { "texture": "#leather", "uv": [ 0.0, 0.0, 1.0, 2.0 ], "windMode": [-1,-1,-1,-1] },
								"east": { "texture": "#leather", "uv": [ 4.0, 2.5, 5.0, 4.5 ] },
								"south": { "texture": "#leather", "uv": [ 6.0, 2.5, 7.0, 4.5 ], "enabled": false, "windMode": [-1,-1,-1,-1] },
								"west": { "texture": "#leather", "uv": [ 5.5, 2.5, 6.5, 4.5 ] },
								"up": { "texture": "#leather", "uv": [ 3.5, 4.5, 4.5, 5.5 ] },
								"down": { "texture": "#leather", "uv": [ 4.0, 4.5, 5.0, 5.5 ] }
							},
							"children": [
								{
									"name": "WaterskinRope6",
									"from": [ 0.25, 0.1, 0.85 ], 
									"to": [ 0.75, 1.1, 1.35 ], 
									"rotationOrigin": [ 0.2, 0.1, 0.8 ],
									"rotationX": -10.0,
									"rotationY": -180.0,
									"rotationZ": -180.0,
									"faces": {
										"north": { "texture": "#red", "uv": [ 0.0, 0.0, 0.5, 1.0 ] },
										"east": { "texture": "#red", "uv": [ 0.0, 0.0, 0.5, 1.0 ] },
										"south": { "texture": "#red", "uv": [ 0.0, 0.0, 0.5, 1.0 ] },
										"west": { "texture": "#red", "uv": [ 0.0, 0.0, 0.5, 1.0 ] },
										"up": { "texture": "#red", "uv": [ 0.0, 0.0, 0.5, 0.5 ] },
										"down": { "texture": "#red", "uv": [ 0.0, 0.0, 0.5, 0.5 ] }
									},
									"children": [
										{
											"name": "WaterskinRope7",
											"from": [ 0.01, 0.8, 0.05 ], 
											"to": [ 0.51, 2.8, 0.55 ], 
											"rotationOrigin": [ -0.05, 0.8, 0.05 ],
											"rotationX": -30.0,
											"faces": {
												"north": { "texture": "#red", "uv": [ 0.0, 0.0, 0.5, 2.0 ] },
												"east": { "texture": "#red", "uv": [ 0.0, 0.0, 0.5, 2.0 ] },
												"south": { "texture": "#red", "uv": [ 0.0, 0.0, 0.5, 2.0 ] },
												"west": { "texture": "#red", "uv": [ 0.0, 0.0, 0.5, 2.0 ] },
												"up": { "texture": "#red", "uv": [ 0.0, 0.0, 0.5, 0.5 ] },
												"down": { "texture": "#red", "uv": [ 0.0, 0.0, 0.5, 0.5 ] }
											},
											"children": [
												{
													"name": "WaterskinRope8",
													"from": [ -0.01, 1.8, 0.1 ], 
													"to": [ 0.49, 3.3, 0.6 ], 
													"rotationOrigin": [ -0.05, 1.6732, 0.118 ],
													"rotationX": -27.0,
													"faces": {
														"north": { "texture": "#red", "uv": [ 0.0, 0.0, 0.5, 1.5 ] },
														"east": { "texture": "#red", "uv": [ 0.0, 0.0, 0.5, 1.5 ] },
														"south": { "texture": "#red", "uv": [ 0.0, 0.0, 0.5, 1.5 ] },
														"west": { "texture": "#red", "uv": [ 0.0, 0.0, 0.5, 1.5 ] },
														"up": { "texture": "#red", "uv": [ 0.0, 0.0, 0.5, 0.5 ] },
														"down": { "texture": "#red", "uv": [ 0.0, 0.0, 0.5, 0.5 ] }
													},
													"children": [
														{
															"name": "WaterskinRope9",
															"from": [ 0.01, 1.31, 0.01 ], 
															"to": [ 0.51, 2.81, 0.51 ], 
															"rotationOrigin": [ -0.05, 1.3941, -0.0244 ],
															"rotationX": -22.0,
															"faces": {
																"north": { "texture": "#red", "uv": [ 0.0, 0.0, 0.5, 1.5 ] },
																"east": { "texture": "#red", "uv": [ 0.0, 0.0, 0.5, 1.5 ] },
																"south": { "texture": "#red", "uv": [ 0.0, 0.0, 0.5, 1.5 ] },
																"west": { "texture": "#red", "uv": [ 0.0, 0.0, 0.5, 1.5 ] },
																"up": { "texture": "#red", "uv": [ 0.0, 0.0, 0.5, 0.5 ] },
																"down": { "texture": "#red", "uv": [ 0.0, 0.0, 0.5, 0.5 ] }
															},
															"children": [
																{
																	"name": "WaterskinRope10",
																	"from": [ -0.01, 1.3303, 0.03 ], 
																	"to": [ 0.49, 2.8303, 0.53 ], 
																	"rotationOrigin": [ -0.05, 1.3303, -0.02 ],
																	"rotationX": -16.0,
																	"faces": {
																		"north": { "texture": "#red", "uv": [ 0.0, 0.0, 0.5, 1.5 ] },
																		"east": { "texture": "#red", "uv": [ 0.0, 0.0, 0.5, 1.5 ] },
																		"south": { "texture": "#red", "uv": [ 0.0, 0.0, 0.5, 1.5 ] },
																		"west": { "texture": "#red", "uv": [ 0.0, 0.0, 0.5, 1.5 ] },
																		"up": { "texture": "#red", "uv": [ 0.0, 0.0, 0.5, 0.5 ] },
																		"down": { "texture": "#red", "uv": [ 0.0, 0.0, 0.5, 0.5 ] }
																	},
																	"children": [
																		{
																			"name": "WaterskinRope11",
																			"from": [ 0.01, 1.2796, 0.0038 ], 
																			"to": [ 0.51, 2.2796, 0.5038 ], 
																			"rotationOrigin": [ -0.05, 1.3599, -0.0762 ],
																			"rotationX": -24.0,
																			"rotationY": 0.0,
																			"rotationZ": 0.0,
																			"faces": {
																				"north": { "texture": "#red", "uv": [ 0.0, 0.0, 0.5, 1.0 ] },
																				"east": { "texture": "#red", "uv": [ 0.0, 0.0, 0.5, 1.0 ] },
																				"south": { "texture": "#red", "uv": [ 0.0, 0.0, 0.5, 1.0 ] },
																				"west": { "texture": "#red", "uv": [ 0.0, 0.0, 0.5, 1.0 ] },
																				"up": { "texture": "#red", "uv": [ 0.0, 0.0, 0.5, 0.5 ] },
																				"down": { "texture": "#red", "uv": [ 0.0, 0.0, 0.5, 0.5 ] }
																			},
																			"children": [
																				{
																					"name": "WaterskinRope12",
																					"from": [ -0.01, 0.781, 0.0027 ], 
																					"to": [ 0.49, 1.781, 0.5027 ], 
																					"rotationOrigin": [ -0.05, 0.8613, -0.0773 ],
																					"rotationX": -20.0,
																					"rotationY": 0.0,
																					"rotationZ": 0.0,
																					"faces": {
																						"north": { "texture": "#red", "uv": [ 0.0, 0.0, 0.5, 1.0 ] },
																						"east": { "texture": "#red", "uv": [ 0.0, 0.0, 0.5, 1.0 ] },
																						"south": { "texture": "#red", "uv": [ 0.0, 0.0, 0.5, 1.0 ] },
																						"west": { "texture": "#red", "uv": [ 0.0, 0.0, 0.5, 1.0 ] },
																						"up": { "texture": "#red", "uv": [ 0.0, 0.0, 0.5, 0.5 ] },
																						"down": { "texture": "#red", "uv": [ 0.0, 0.0, 0.5, 0.5 ] }
																					},
																					"children": [
																						{
																							"name": "WaterskinRope13",
																							"from": [ 0.01, 0.8428, -0.0136 ], 
																							"to": [ 0.51, 2.3428, 0.4864 ], 
																							"rotationOrigin": [ -0.05, 0.9731, -0.1336 ],
																							"rotationX": -15.0,
																							"faces": {
																								"north": { "texture": "#red", "uv": [ 0.0, 0.0, 0.5, 1.5 ] },
																								"east": { "texture": "#red", "uv": [ 0.0, 0.0, 0.5, 1.5 ] },
																								"south": { "texture": "#red", "uv": [ 0.0, 0.0, 0.5, 1.5 ] },
																								"west": { "texture": "#red", "uv": [ 0.0, 0.0, 0.5, 1.5 ] },
																								"up": { "texture": "#red", "uv": [ 0.0, 0.0, 0.5, 0.5 ] },
																								"down": { "texture": "#red", "uv": [ 0.0, 0.0, 0.5, 0.5 ] }
																							}
																						}
																					]
																				}
																			]
																		}
																	]
																}
															]
														}
													]
												}
											]
										}
									]
								}
							]
						}
					]
				},
				{
					"name": "WaterskinBody3",
					"from": [ 0.0, 4.0, -0.5 ], 
					"to": [ 3.0, 6.0, 4.5 ], 
					"rotationOrigin": [ 2.0, 4.0, 2.0 ],
					"faces": {
						"north": { "texture": "#leather", "uv": [ 0.0, 8.0, 3.0, 10.0 ] },
						"east": { "texture": "#leather", "uv": [ 0.0, 8.0, 5.0, 10.0 ] },
						"south": { "texture": "#leather", "uv": [ 0.0, 8.0, 3.0, 10.0 ] },
						"west": { "texture": "#leather", "uv": [ 0.0, 8.0, 5.0, 10.0 ] },
						"up": { "texture": "#leather", "uv": [ 8.0, 0.0, 11.0, 5.0 ] },
						"down": { "texture": "#leather", "uv": [ 0.0, 0.0, 3.0, 5.0 ], "enabled": false }
					}
				},
				{
					"name": "WaterskinBody4",
					"from": [ 0.2, 6.0, 0.0 ], 
					"to": [ 2.8, 8.0, 4.0 ], 
					"rotationOrigin": [ 1.7, 6.0, 2.0 ],
					"faces": {
						"north": { "texture": "#leather", "uv": [ 0.0, 10.0, 2.5, 12.0 ] },
						"east": { "texture": "#leather", "uv": [ 0.0, 10.0, 4.0, 12.0 ] },
						"south": { "texture": "#leather", "uv": [ 10.0, 0.0, 12.5, 2.0 ] },
						"west": { "texture": "#leather", "uv": [ 0.0, 10.0, 4.0, 12.0 ] },
						"up": { "texture": "#leather", "uv": [ 10.0, 0.0, 12.5, 4.0 ] },
						"down": { "texture": "#null", "uv": [ 0.0, 0.0, 2.5, 4.0 ], "enabled": false }
					}
				},
				{
					"name": "WaterskinBody5",
					"from": [ 0.4, 8.0, 0.5 ], 
					"to": [ 2.6, 9.0, 3.5 ], 
					"rotationOrigin": [ 1.4, 8.0, 2.0 ],
					"faces": {
						"north": { "texture": "#leather", "uv": [ 0.0, 12.0, 2.0, 13.0 ] },
						"east": { "texture": "#leather", "uv": [ 0.0, 12.0, 3.0, 13.0 ] },
						"south": { "texture": "#leather", "uv": [ 0.0, 12.0, 2.0, 13.0 ] },
						"west": { "texture": "#leather", "uv": [ 12.0, 0.0, 15.0, 1.0 ] },
						"up": { "texture": "#leather", "uv": [ 12.0, 0.0, 14.0, 3.0 ] },
						"down": { "texture": "#null", "uv": [ 0.0, 0.0, 2.0, 3.0 ], "enabled": false }
					}
				},
				{
					"name": "WaterskinBody6",
					"from": [ 0.6, 9.0, 1.0 ], 
					"to": [ 2.4, 9.5, 3.0 ], 
					"rotationOrigin": [ 1.6, 9.0, 2.0 ],
					"faces": {
						"north": { "texture": "#leather", "uv": [ 0.0, 15.0, 1.5, 15.5 ] },
						"east": { "texture": "#leather", "uv": [ 0.0, 15.0, 2.0, 15.5 ] },
						"south": { "texture": "#leather", "uv": [ 0.0, 15.0, 1.5, 15.5 ] },
						"west": { "texture": "#leather", "uv": [ 0.0, 15.0, 2.0, 15.5 ] },
						"up": { "texture": "#leather", "uv": [ 0.0, 14.0, 1.5, 16.0 ] },
						"down": { "texture": "#null", "uv": [ 0.0, 0.0, 1.5, 2.0 ], "enabled": false }
					}
				},
				{
					"name": "WaterskinBody7",
					"from": [ 0.8, 9.5, 1.3 ], 
					"to": [ 2.2, 10.5, 2.7 ], 
					"rotationOrigin": [ 1.8, 9.5, 2.3 ],
					"faces": {
						"north": { "texture": "#red", "uv": [ 0.0, 15.0, 1.0, 16.0 ] },
						"east": { "texture": "#red", "uv": [ 0.0, 15.0, 1.0, 16.0 ] },
						"south": { "texture": "#red", "uv": [ 0.0, 15.0, 1.0, 16.0 ] },
						"west": { "texture": "#red", "uv": [ 0.0, 15.0, 1.0, 16.0 ] },
						"up": { "texture": "#leather", "uv": [ 0.0, 14.0, 1.0, 15.0 ], "enabled": false },
						"down": { "texture": "#null", "uv": [ 0.0, 0.0, 1.0, 1.0 ], "enabled": false }
					}
				},
				{
					"name": "WaterskinLid",
					"from": [ 0.8, 10.5, 1.3 ], 
					"to": [ 2.2, 11.5, 2.7 ], 
					"rotationOrigin": [ 1.8, 10.5, 2.3 ],
					"faces": {
						"north": { "texture": "#ceramic", "uv": [ 0.0, 15.0, 1.0, 16.0 ] },
						"east": { "texture": "#ceramic", "uv": [ 0.0, 15.0, 1.0, 16.0 ] },
						"south": { "texture": "#ceramic", "uv": [ 0.0, 15.0, 1.0, 16.0 ] },
						"west": { "texture": "#ceramic", "uv": [ 0.0, 15.0, 1.0, 16.0 ] },
						"up": { "texture": "#ceramic", "uv": [ 0.0, 14.0, 1.0, 15.0 ], "windMode": [-1,-1,-1,-1] },
						"down": { "texture": "#null", "uv": [ 0.0, 0.0, 1.0, 1.0 ], "enabled": false }
					}
				}
			]
		}
	]}