[
   {
    "op": "addmerge",
    "path": "/variantgroups/0/states/-",
    "value": "cyan",
    "file": "game:blocktypes/caveart.json"
   },

   {
		"op": "addmerge",
		"path": "/variantgroups/0/states/-",
		"value": "lazuli",
		"file": "game:blocktypes/caveart.json"
	},

	{
		"op": "addmerge",
		"path": "/variantgroups/0/states/-",
		"value": "malachite",
		"file": "game:blocktypes/caveart.json"
	},

	{
		"op": "addmerge",
		"path": "/variantgroups/0/states/-",
		"value": "cinnabar",
		"file": "game:blocktypes/caveart.json"
	},
]
