[
  {
    "op": "remove",
    "path": "/drops",
    "file": "game:blocktypes/plant/glowworms.json"
  },

  {
    "op": "addmerge",
    "path": "/dropsByType",
    "value": {
      "glowworms-base1": [ {
        "type": "item",
        "code": "glowwormlarvae",
        "quantity": {
          "avg": 3,
          "var": 3
        }
      },

      {
        "type": "block",
        "code": "game:glowworms-base1",
        "quantity": {
          "avg": 1,
          "var": 0
		}
	  }
    ],

      "glowworms-base1-short": [ {
        "type": "item",
        "code": "glowwormlarvae",
        "quantity": {
          "avg": 3,
          "var": 3
        }
      },

	  {
        "type": "block",
        "code": "game:glowworms-base1-short",
        "quantity": {
          "avg": 1,
          "var": 0
        }
      }
    ],

      "glowworms-base2": [ {
		  "type": "item",
        "code": "glowwormlarvae",
        "quantity": {
          "avg": 3,
          "var": 3
        }
      },

	  {
        "type": "block",
        "code": "game:glowworms-base2",
        "quantity": {
          "avg": 1,
          "var": 0
        }
      }
    ],

      "glowworms-base2-short": [ {
		  "type": "item",
        "code": "glowwormlarvae",
        "quantity": {
          "avg": 3,
          "var": 3
        }
      },

	  {
        "type": "block",
        "code": "game:glowworms-base2-short",
        "quantity": {
          "avg": 1,
          "var": 0
        }
      }
    ],

      "glowworms-segment1": [ {
        "type": "block",
        "code": "game:glowworms-segment1",
        "quantity": {
          "avg": 1,
          "var": 0
        }
      }
    ],

      "glowworms-segment2": [ {
        "type": "block",
        "code": "game:glowworms-segment2",
        "quantity": {
          "avg": 1,
          "var": 0
        }
      }
    ],

      "glowworms-end1": [ {
        "type": "block",
        "code": "game:glowworms-end1",
        "quantity": {
          "avg": 1,
          "var": 0
        }
      }
    ],

      "glowworms-end2": [ {
        "type": "block",
        "code": "game:glowworms-end2",
        "quantity": {
          "avg": 1,
          "var": 0
        }
      }
    ]
  },

    "file": "game:blocktypes/creature/glowworms.json"
  }
]
