[
	{
		"op": "addmerge",
		"path": "/behaviorsByType",
		"value": {
				"*-lapislazuli": [
					{
						"name": "ArtPigment",
						"properties": {
						"decorBlockCodes": ["caveart-lazuli-1-*"],
						"paintableOnBlockMaterials": ["Stone", "Wood", "Brick", "Ceramic", "Metal", "Meta" ]
						}
					},
				]
			},
		"file": "game:itemtypes/resource/ore-ungraded.json"
	},

	{
		"op": "addmerge",
		"path": "/behaviorsByType",
		"value": {
				"*-cinnabar": [
					{
						"name": "ArtPigment",
						"properties": {
							"decorBlockCodes": ["caveart-cinnabar-1-*"],
							"paintableOnBlockMaterials": ["Stone", "Wood", "Brick", "Ceramic", "Metal", "Meta" ]
						}
					}
				]
			},
		"file": "game:itemtypes/resource/ore-ungraded.json"
	},

	{
		"op": "addmerge",
		"path": "/behaviorsByType/ore-*-malachite-*",
		"value": [
					{
						"name": "ArtPigment",
						"properties": {
							"decorBlockCodes": ["caveart-malachite-1-*"],
							"paintableOnBlockMaterials": ["Stone", "Wood", "Brick", "Ceramic", "Metal", "Meta" ]
						}
					},
				],
		"file": "game:itemtypes/resource/ore-graded.json"
	},
]
