﻿[

  {
    "op": "add",
    "path": "/texturesByType/*-syruppartbaked",
    "value": {
		"group16-elderberry": { "base": "wildcraft:block/food/meal/group16-elderberry" },
		"group17-snowberry": { "base": "wildcraft:block/food/meal/group17-snowberry" },
		"group18-cloudberry": { "base": "wildcraft:block/food/meal/group18-cloudberry" },
		"group19-raspberry": { "base": "wildcraft:block/food/meal/group19-raspberry" },
		"group20-dogrose": { "base": "wildcraft:block/food/meal/group20-dogrose" },
		"group21-brambleberry": { "base": "wildcraft:block/food/meal/group21-brambleberry" },
		"group22-honeysuckle": { "base": "wildcraft:block/food/meal/group22-honeysuckle" },
		"group23-gooseberry": { "base": "wildcraft:block/food/meal/group23-gooseberry" },
		"group24-huckleberry": { "base": "wildcraft:block/food/meal/group24-huckleberry" },
		"group25-strawberry": { "base": "wildcraft:block/food/meal/group25-strawberry" },
		"group26-blueraspberry": { "base": "wildcraft:block/food/meal/group26-blueraspberry" },
		"group27-husktomato": { "base": "wildcraft:block/food/meal/group27-husktomato" },
		"group27-wolfberry": { "base": "wildcraft:block/food/meal/group27-wolfberry" },
		"group28-spindleberry": { "base": "wildcraft:block/food/meal/group28-spindleberry" },
    },
    "file": "expandedfoods:itemtypes/acorns/mixing/acornstuffedpepper.json",
    "side": "server",
    dependsOn: [{ "modid": "wildcraft", "invert": true }, { "modid": "acorns", "invert": true }]
  },
  {
    "op": "add",
    "path": "/texturesByType/*-syrupcooked",
    "value": {
		"group16-elderberry": { "base": "wildcraft:block/food/meal/group16-elderberry" },
		"group17-snowberry": { "base": "wildcraft:block/food/meal/group17-snowberry" },
		"group18-cloudberry": { "base": "wildcraft:block/food/meal/group18-cloudberry" },
		"group19-raspberry": { "base": "wildcraft:block/food/meal/group19-raspberry" },
		"group20-dogrose": { "base": "wildcraft:block/food/meal/group20-dogrose" },
		"group21-brambleberry": { "base": "wildcraft:block/food/meal/group21-brambleberry" },
		"group22-honeysuckle": { "base": "wildcraft:block/food/meal/group22-honeysuckle" },
		"group23-gooseberry": { "base": "wildcraft:block/food/meal/group23-gooseberry" },
		"group24-huckleberry": { "base": "wildcraft:block/food/meal/group24-huckleberry" },
		"group25-strawberry": { "base": "wildcraft:block/food/meal/group25-strawberry" },
		"group26-blueraspberry": { "base": "wildcraft:block/food/meal/group26-blueraspberry" },
		"group27-husktomato": { "base": "wildcraft:block/food/meal/group27-husktomato" },
		"group27-wolfberry": { "base": "wildcraft:block/food/meal/group27-wolfberry" },
		"group28-spindleberry": { "base": "wildcraft:block/food/meal/group28-spindleberry" },
    },
    "file": "expandedfoods:itemtypes/acorns/mixing/acornstuffedpepper.json",
    "side": "server",
    dependsOn: [{ "modid": "wildcraft", "invert": true }, { "modid": "acorns", "invert": true }]
  },
  {
    "op": "add",
    "path": "/texturesByType/*-syrupcharred",
    "value": {
		"group16-elderberry": { "base": "wildcraft:block/food/meal/group16-elderberry" },
		"group17-snowberry": { "base": "wildcraft:block/food/meal/group17-snowberry" },
		"group18-cloudberry": { "base": "wildcraft:block/food/meal/group18-cloudberry" },
		"group19-raspberry": { "base": "wildcraft:block/food/meal/group19-raspberry" },
		"group20-dogrose": { "base": "wildcraft:block/food/meal/group20-dogrose" },
		"group21-brambleberry": { "base": "wildcraft:block/food/meal/group21-brambleberry" },
		"group22-honeysuckle": { "base": "wildcraft:block/food/meal/group22-honeysuckle" },
		"group23-gooseberry": { "base": "wildcraft:block/food/meal/group23-gooseberry" },
		"group24-huckleberry": { "base": "wildcraft:block/food/meal/group24-huckleberry" },
		"group25-strawberry": { "base": "wildcraft:block/food/meal/group25-strawberry" },
		"group26-blueraspberry": { "base": "wildcraft:block/food/meal/group26-blueraspberry" },
		"group27-husktomato": { "base": "wildcraft:block/food/meal/group27-husktomato" },
		"group27-wolfberry": { "base": "wildcraft:block/food/meal/group27-wolfberry" },
		"group28-spindleberry": { "base": "wildcraft:block/food/meal/group28-spindleberry" },
    },
    "file": "expandedfoods:itemtypes/acorns/mixing/acornstuffedpepper.json",
    "side": "server",
    dependsOn: [{ "modid": "wildcraft", "invert": true }, { "modid": "acorns", "invert": true }]
  },
  {
    "op": "add",
    "path": "/texturesByType/*-partbaked",
    "value": {
		"group16-elderberry": { "base": "wildcraft:block/food/meal/group16-elderberry" },
		"group17-snowberry": { "base": "wildcraft:block/food/meal/group17-snowberry" },
		"group18-cloudberry": { "base": "wildcraft:block/food/meal/group18-cloudberry" },
		"group19-raspberry": { "base": "wildcraft:block/food/meal/group19-raspberry" },
		"group20-dogrose": { "base": "wildcraft:block/food/meal/group20-dogrose" },
		"group21-brambleberry": { "base": "wildcraft:block/food/meal/group21-brambleberry" },
		"group22-honeysuckle": { "base": "wildcraft:block/food/meal/group22-honeysuckle" },
		"group23-gooseberry": { "base": "wildcraft:block/food/meal/group23-gooseberry" },
		"group24-huckleberry": { "base": "wildcraft:block/food/meal/group24-huckleberry" },
		"group25-strawberry": { "base": "wildcraft:block/food/meal/group25-strawberry" },
		"group26-blueraspberry": { "base": "wildcraft:block/food/meal/group26-blueraspberry" },
		"group27-husktomato": { "base": "wildcraft:block/food/meal/group27-husktomato" },
		"group27-wolfberry": { "base": "wildcraft:block/food/meal/group27-wolfberry" },
		"group28-spindleberry": { "base": "wildcraft:block/food/meal/group28-spindleberry" },
    },
    "file": "expandedfoods:itemtypes/acorns/mixing/acornstuffedpepper.json",
    "side": "server",
    dependsOn: [{ "modid": "wildcraft", "invert": true }, { "modid": "acorns", "invert": true }]
  },
  {
    "op": "add",
    "path": "/texturesByType/*-cooked",
    "value": {
		"group16-elderberry": { "base": "wildcraft:block/food/meal/group16-elderberry" },
		"group17-snowberry": { "base": "wildcraft:block/food/meal/group17-snowberry" },
		"group18-cloudberry": { "base": "wildcraft:block/food/meal/group18-cloudberry" },
		"group19-raspberry": { "base": "wildcraft:block/food/meal/group19-raspberry" },
		"group20-dogrose": { "base": "wildcraft:block/food/meal/group20-dogrose" },
		"group21-brambleberry": { "base": "wildcraft:block/food/meal/group21-brambleberry" },
		"group22-honeysuckle": { "base": "wildcraft:block/food/meal/group22-honeysuckle" },
		"group23-gooseberry": { "base": "wildcraft:block/food/meal/group23-gooseberry" },
		"group24-huckleberry": { "base": "wildcraft:block/food/meal/group24-huckleberry" },
		"group25-strawberry": { "base": "wildcraft:block/food/meal/group25-strawberry" },
		"group26-blueraspberry": { "base": "wildcraft:block/food/meal/group26-blueraspberry" },
		"group27-husktomato": { "base": "wildcraft:block/food/meal/group27-husktomato" },
		"group27-wolfberry": { "base": "wildcraft:block/food/meal/group27-wolfberry" },
		"group28-spindleberry": { "base": "wildcraft:block/food/meal/group28-spindleberry" },
    },
    "file": "expandedfoods:itemtypes/acorns/mixing/acornstuffedpepper.json",
    "side": "server",
    dependsOn: [{ "modid": "wildcraft", "invert": true }, { "modid": "acorns", "invert": true }]
  },
  {
    "op": "add",
    "path": "/texturesByType/*-charred",
    "value": {
		"group16-elderberry": { "base": "wildcraft:block/food/meal/group16-elderberry" },
		"group17-snowberry": { "base": "wildcraft:block/food/meal/group17-snowberry" },
		"group18-cloudberry": { "base": "wildcraft:block/food/meal/group18-cloudberry" },
		"group19-raspberry": { "base": "wildcraft:block/food/meal/group19-raspberry" },
		"group20-dogrose": { "base": "wildcraft:block/food/meal/group20-dogrose" },
		"group21-brambleberry": { "base": "wildcraft:block/food/meal/group21-brambleberry" },
		"group22-honeysuckle": { "base": "wildcraft:block/food/meal/group22-honeysuckle" },
		"group23-gooseberry": { "base": "wildcraft:block/food/meal/group23-gooseberry" },
		"group24-huckleberry": { "base": "wildcraft:block/food/meal/group24-huckleberry" },
		"group25-strawberry": { "base": "wildcraft:block/food/meal/group25-strawberry" },
		"group26-blueraspberry": { "base": "wildcraft:block/food/meal/group26-blueraspberry" },
		"group27-husktomato": { "base": "wildcraft:block/food/meal/group27-husktomato" },
		"group27-wolfberry": { "base": "wildcraft:block/food/meal/group27-wolfberry" },
		"group28-spindleberry": { "base": "wildcraft:block/food/meal/group28-spindleberry" },
    },
    "file": "expandedfoods:itemtypes/acorns/mixing/acornstuffedpepper.json",
    "side": "server",
    dependsOn: [{ "modid": "wildcraft", "invert": true }, { "modid": "acorns", "invert": true }]
  },
  {
    "op": "add",
    "path": "/texturesByType/*-oiled",
    "value": {
		"group16-elderberry": { "base": "wildcraft:block/food/meal/group16-elderberry" },
		"group17-snowberry": { "base": "wildcraft:block/food/meal/group17-snowberry" },
		"group18-cloudberry": { "base": "wildcraft:block/food/meal/group18-cloudberry" },
		"group19-raspberry": { "base": "wildcraft:block/food/meal/group19-raspberry" },
		"group20-dogrose": { "base": "wildcraft:block/food/meal/group20-dogrose" },
		"group21-brambleberry": { "base": "wildcraft:block/food/meal/group21-brambleberry" },
		"group22-honeysuckle": { "base": "wildcraft:block/food/meal/group22-honeysuckle" },
		"group23-gooseberry": { "base": "wildcraft:block/food/meal/group23-gooseberry" },
		"group24-huckleberry": { "base": "wildcraft:block/food/meal/group24-huckleberry" },
		"group25-strawberry": { "base": "wildcraft:block/food/meal/group25-strawberry" },
		"group26-blueraspberry": { "base": "wildcraft:block/food/meal/group26-blueraspberry" },
		"group27-husktomato": { "base": "wildcraft:block/food/meal/group27-husktomato" },
		"group27-wolfberry": { "base": "wildcraft:block/food/meal/group27-wolfberry" },
		"group28-spindleberry": { "base": "wildcraft:block/food/meal/group28-spindleberry" },
    },
    "file": "expandedfoods:itemtypes/acorns/mixing/acornstuffedpepper.json",
    "side": "server",
    dependsOn: [{ "modid": "wildcraft", "invert": true }, { "modid": "acorns", "invert": true }]
  },
  {
    "op": "add",
    "path": "/texturesByType/*-raw",
    "value": {
		"group16-elderberry": { "base": "wildcraft:block/food/meal/group16-elderberry" },
		"group17-snowberry": { "base": "wildcraft:block/food/meal/group17-snowberry" },
		"group18-cloudberry": { "base": "wildcraft:block/food/meal/group18-cloudberry" },
		"group19-raspberry": { "base": "wildcraft:block/food/meal/group19-raspberry" },
		"group20-dogrose": { "base": "wildcraft:block/food/meal/group20-dogrose" },
		"group21-brambleberry": { "base": "wildcraft:block/food/meal/group21-brambleberry" },
		"group22-honeysuckle": { "base": "wildcraft:block/food/meal/group22-honeysuckle" },
		"group23-gooseberry": { "base": "wildcraft:block/food/meal/group23-gooseberry" },
		"group24-huckleberry": { "base": "wildcraft:block/food/meal/group24-huckleberry" },
		"group25-strawberry": { "base": "wildcraft:block/food/meal/group25-strawberry" },
		"group26-blueraspberry": { "base": "wildcraft:block/food/meal/group26-blueraspberry" },
		"group27-husktomato": { "base": "wildcraft:block/food/meal/group27-husktomato" },
		"group27-wolfberry": { "base": "wildcraft:block/food/meal/group27-wolfberry" },
		"group28-spindleberry": { "base": "wildcraft:block/food/meal/group28-spindleberry" },
    },
    "file": "expandedfoods:itemtypes/acorns/mixing/acornstuffedpepper.json",
    "side": "server",
    dependsOn: [{ "modid": "wildcraft", "invert": true }, { "modid": "acorns", "invert": true }]
  },
 {
   file: "expandedfoods:recipes/kneading/wildcraft/wildacornstuffedpepper.json",
    op: "replace", 
    path: "/0/enabled", 
    value: "true",
    "side": "server",
    dependsOn: [{ "modid": "wildcraft" }, { "modid": "acorns" }]
 },
 {
   file: "expandedfoods:recipes/kneading/wildcraft/wildacornstuffedpepper.json",
    op: "replace", 
    path: "/1/enabled", 
    value: "true",
    "side": "server",
    dependsOn: [{ "modid": "wildcraft" }, { "modid": "acorns" }]
 },
 {
   file: "expandedfoods:recipes/kneading/wildcraft/wildacornstuffedpepper.json",
    op: "replace", 
    path: "/2/enabled", 
    value: "true",
    "side": "server",
    dependsOn: [{ "modid": "wildcraft" }, { "modid": "acorns" }]
 },
 {
   file: "expandedfoods:recipes/kneading/wildcraft/wildacornstuffedpepper.json",
    op: "replace", 
    path: "/3/enabled", 
    value: "true",
    "side": "server",
    dependsOn: [{ "modid": "wildcraft" }, { "modid": "acorns" }]
 },
 {
   file: "expandedfoods:recipes/kneading/wildcraft/wildacornstuffedpepper.json",
    op: "replace", 
    path: "/4/enabled", 
    value: "true",
    "side": "server",
    dependsOn: [{ "modid": "wildcraft" }, { "modid": "acorns" }]
 },
 {
   file: "expandedfoods:recipes/kneading/wildcraft/wildacornstuffedpepper.json",
    op: "replace", 
    path: "/5/enabled", 
    value: "true",
    "side": "server",
    dependsOn: [{ "modid": "wildcraft" }, { "modid": "acorns" }]
 },
 {
   file: "expandedfoods:recipes/kneading/wildcraft/wildacornstuffedpeppersyrup.json",
    op: "replace", 
    path: "/0/enabled", 
    value: "true",
    "side": "server",
    dependsOn: [{ "modid": "wildcraft" }, { "modid": "acorns" }]
 },
 {
   file: "expandedfoods:recipes/kneading/wildcraft/wildacornstuffedpeppersyrup.json",
    op: "replace", 
    path: "/1/enabled", 
    value: "true",
    "side": "server",
    dependsOn: [{ "modid": "wildcraft" }, { "modid": "acorns" }]
 },
 {
   file: "expandedfoods:recipes/kneading/wildcraft/wildacornstuffedpeppersyrup.json",
    op: "replace", 
    path: "/2/enabled", 
    value: "true",
    "side": "server",
    dependsOn: [{ "modid": "wildcraft" }, { "modid": "acorns" }]
 },
 {
   file: "expandedfoods:recipes/kneading/wildcraft/wildacornfishstuffedpepper.json",
    op: "replace", 
    path: "/0/enabled", 
    value: "true",
    "side": "server",
    dependsOn: [{ "modid": "wildcraft" }, { "modid": "acorns" }, { "modid": "primitivesurvival" }]
 },
 {
   file: "expandedfoods:recipes/kneading/wildcraft/wildacornfishstuffedpepper.json",
    op: "replace", 
    path: "/1/enabled", 
    value: "true",
    "side": "server",
    dependsOn: [{ "modid": "wildcraft" }, { "modid": "acorns" }, { "modid": "primitivesurvival" }]
 },
 {
   file: "expandedfoods:recipes/kneading/wildcraft/wildacornfishstuffedpepper.json",
    op: "replace", 
    path: "/2/enabled", 
    value: "true",
    "side": "server",
    dependsOn: [{ "modid": "wildcraft" }, { "modid": "acorns" }, { "modid": "primitivesurvival" }]
 },
 {
   file: "expandedfoods:recipes/kneading/wildcraft/wildacornfishstuffedpepper.json",
    op: "replace", 
    path: "/3/enabled", 
    value: "true",
    "side": "server",
    dependsOn: [{ "modid": "wildcraft" }, { "modid": "acorns" }, { "modid": "primitivesurvival" }]
 },
 {
   file: "expandedfoods:recipes/kneading/wildcraft/wildacornfishstuffedpepper.json",
    op: "replace", 
    path: "/4/enabled", 
    value: "true",
    "side": "server",
    dependsOn: [{ "modid": "wildcraft" }, { "modid": "acorns" }, { "modid": "primitivesurvival" }]
 },
 {
   file: "expandedfoods:recipes/kneading/wildcraft/wildacornfishstuffedpepper.json",
    op: "replace", 
    path: "/5/enabled", 
    value: "true",
    "side": "server",
    dependsOn: [{ "modid": "wildcraft" }, { "modid": "acorns" }, { "modid": "primitivesurvival" }]
 },
 {
   file: "expandedfoods:recipes/kneading/wildcraft/wildacornfishstuffedpeppersyrup.json",
    op: "add", 
    path: "/0/enabled", 
    value: "false",
    "side": "server",
    dependsOn: [{ "modid": "wildcraft", "invert": true }, { "modid": "acorns", "invert": true }]
 },
 {
   file: "expandedfoods:recipes/kneading/wildcraft/wildacornfishstuffedpeppersyrup.json",
    op: "add", 
    path: "/1/enabled", 
    value: "false",
    "side": "server",
    dependsOn: [{ "modid": "wildcraft", "invert": true }, { "modid": "acorns", "invert": true }]
 },
 {
   file: "expandedfoods:recipes/kneading/wildcraft/wildacornfishstuffedpeppersyrup.json",
    op: "add", 
    path: "/2/enabled", 
    value: "false",
    "side": "server",
    dependsOn: [{ "modid": "wildcraft", "invert": true }, { "modid": "acorns", "invert": true }]
 },
]