﻿[
 {
    "file": "expandedfoods:itemtypes/liquid/yogurt.json",
    "side": "server",
    op: "add", 
    path: "/skipVariants",
    value: [ "yogurt-huckleberry", "yogurt-snowberry", "yogurt-brambleberry", "yogurt-honeysuckle", "yogurt-cloudberry", "yogurt-dogrose", "yogurt-elderberry", "yogurt-gooseberry", "yogurt-strawberry", "yogurt-raspberry", "yogurt-blueraspberry", "yogurt-bunchberry", "yogurt-crowberry", "yogurt-husktomato", "yogurt-wolfberry" ],
    dependsOn: [{ "modid": "wildcraft", "invert": true }]
 },
 {
   file: "expandedfoods:recipes/kneading/wildcraft/wildyogurtfruit.json",
    "side": "server",
    op: "add", 
    path: "/0/enabled", 
    value: "false",
    dependsOn: [{ "modid": "wildcraft", "invert": true }]
 },
]