{
  "ingredient": {"type": "item", "code": "game:ingot-iron"},
  "pattern": [
    [
      "________________",
      "_###############",
      "_###############",
      "_###############",
      "________________"
    ],
    [
      "________________",
      "_###############",
      "##______________",
      "_###############",
      "________________"
    ],
    [
      "________________",
      "_###############",
      "_###############",
      "_###############",
      "________________"
    ]
  ],
  "name": "Barrel (arquebus)",
  "output": {"type": "item", "code": "maltiezfirearms:barrel-arquebus-iron"}
}