[
  {
    "ingredient": {"type": "item", "code": "game:ingot-*bronze"},
    "pattern": [
      ["######"]
    ],
    "name": "Ramrod (pistol)",
    "output": {"type": "item", "code": "maltiezfirearms:ramrod-pistol"}
  },
  {
    "ingredient": {"type": "item", "code": "game:ingot-iron"},
    "pattern": [
      ["########"]
    ],
    "name": "Ramrod (arquebus)",
    "output": {"type": "item", "code": "maltiezfirearms:ramrod-arquebus"}
  },
  {
    "ingredient": {"type": "item", "code": "game:ingot-steel"},
    "pattern": [
      ["############"]
    ],
    "name": "Ramrod (carbine)",
    "output": {"type": "item", "code": "maltiezfirearms:ramrod-carbine"}
  },
  {
    "ingredient": {"type": "item", "code": "game:ingot-steel"},
    "pattern": [
      ["################"]
    ],
    "name": "Ramrod (musket)",
    "output": {"type": "item", "code": "maltiezfirearms:ramrod-musket"}
  }
]