[
  {
    "op": "add",
    "path": "/structures/-",
    "value": {
      "code": "abandonedcamp",
      "chance": 0.03,
      "placement": "surface",
      "schematics": ["overground/camp/*"],
      replacewithblocklayers: ["soil-low-normal", "soil-low-none"],
      "offsetY": -1
    },
    "file": "worldgen/structures.json"
  },
	{
    "op": "add",
    "path": "/structures/-",
    "value": {
      "code": "abandoned",
      "chance": 0.04,
      "placement": "surface",
      "schematics": ["overground/abandoned/*"],
      "offsetY": -3
    },
    "file": "worldgen/structures.json"
  },
	{
    "op": "add",
    "path": "/structures/-",
    "value": {
      "code": "basement",
      "chance": 0.02,
      "placement": "surface",
      "schematics": ["overground/basement/*"],
      replacewithblocklayers: ["soil-low-normal", "soil-low-none"],
      "offsetY": -5
    },
    "file": "worldgen/structures.json"
  },
	{
    "op": "add",
    "path": "/structures/-",
    "value": {
      "code": "rock",
      "chance": 0.03,
      "placement": "surface",
      "schematics": ["rock/*"],
      replacewithblocklayers: ["soil-low-normal", "soil-low-none"],
      "offsetY": -3
    },
    "file": "worldgen/structures.json"
  },
  {
    "op": "add",
    "path": "/structures/-",
    "value": {
      "code": "oldship",
      "chance": 0.02,
      "placement": "surface",
      "schematics": ["overground/oldship"],
      "offsetY": -2
    },
    "file": "worldgen/structures.json"
  },
  {
    "op": "add",
    "path": "/structures/-",
    "value": {
      "code": "ant",
      "chance": 0.01,
      "placement": "surface",
      "schematics": ["overground/ant/*"],
      "offsetY": -1
    },
    "file": "worldgen/structures.json"
  },
  {
    "op": "add",
    "path": "/structures/-",
    "value": {
      "code": "shaft",
      "chance": 0.02,
      "placement": "surface",
      "schematics": ["overground/shaft/*"],
      "offsetY": -20
    },
    "file": "worldgen/structures.json"
  },
  {
    "op": "add",
    "path": "/structures/-",
    "value": {
      "code": "traidercamp",
      "chance": 0.02,
      "placement": "surface",
      "schematics": ["overground/traidercamp/*"],
      "buildProtected": true,
			"buildProtectionName": "Trader",
			"buildProtectionDesc": "Trader Perimeter",
      replacewithblocklayers: ["soil-low-normal", "soil-low-none"],
      "minTemp": 5,
      "offsetY": -1
    },
    "file": "worldgen/structures.json"
  }
]