[
	{
    "op": "add",
    "path": "/villageTypes/-",
    "value": {
      "code": "groupofstones",
      "chance": 0.01,
			"generator": "CloselyGrouped-asdf",
			"group": "rock",
			"minGroupDistance": 150,
			"quantityStructures": { avg: 4, var: 2 },
      "schematics": [
				{ path: "rock/rockande1", offsetY: -3, weight: 50 },
				{ path: "rock/rockande2", offsetY: -2, weight: 50 },
				{ path: "rock/rockande3", offsetY: -2, weight: 50 },
				{ path: "rock/rockande4", offsetY: -3, weight: 50 },
				{ path: "rock/rockande5", offsetY: -3, weight: 50 },
				{ path: "rock/rockande6", offsetY: -3, weight: 50 },
				{ path: "rock/rockande7", offsetY: -3, weight: 50 },
				{ path: "rock/rockande8", offsetY: -3, weight: 50 },
				{ path: "rock/rockande9", offsetY: -3, weight: 50 }
      ],

			replacewithblocklayers: ["soil-low-normal", "soil-low-none"],		
    },
    "file": "worldgen/villages.json"
  },
{
    "op": "add",
    "path": "/villageTypes/-",
    "value": {
      "code": "groupofstones",
      "chance": 0.01,
			"generator": "CloselyGrouped-asdf",
			"group": "rock",
			"minGroupDistance": 150,
			"quantityStructures": { avg: 4, var: 2 },
      "schematics": [
				{ path: "rock/rockizv1", offsetY: -3, weight: 50 },
				{ path: "rock/rockizv2", offsetY: -2, weight: 50 },
				{ path: "rock/rockizv3", offsetY: -2, weight: 50 },
				{ path: "rock/rockizv4", offsetY: -3, weight: 50 },
				{ path: "rock/rockizv5", offsetY: -3, weight: 50 },
				{ path: "rock/rockizv6", offsetY: -3, weight: 50 },
				{ path: "rock/rockizv7", offsetY: -3, weight: 50 },
				{ path: "rock/rockizv8", offsetY: -3, weight: 50 },
				{ path: "rock/rockizv9", offsetY: -3, weight: 50 }
      ],

			replacewithblocklayers: ["soil-low-normal", "soil-low-none"],		
    },
    "file": "worldgen/villages.json"
  }
]

