[
  {
    "op": "add",
    "path": "/client/texturesByType/spear-generic-diorite",
    "value": {
      "material": {
        "base": "geoaddons:block/stone/rock/{material}1"
      }
    },
    "file": "game:entities/spear.json"
  },
  {
    "op": "add",
    "path": "/client/texturesByType/spear-generic-gabbro",
    "value": {
      "material": {
        "base": "geoaddons:block/stone/rock/{material}1"
      }
    },
    "file": "game:entities/spear.json"
  },
  {
    "op": "add",
    "path": "/client/texturesByType/spear-generic-quartzite",
    "value": {
      "material": {
        "base": "geoaddons:block/stone/rock/{material}1"
      }
    },
    "file": "game:entities/spear.json"
  },
  {
    "op": "add",
    "path": "/variantgroups/1/states/0",
    "value": "quartzite",
    "file": "game:entities/spear.json"
  },
  {
    "op": "add",
    "path": "/variantgroups/1/states/1",
    "value": "diorite",
    "file": "game:entities/spear.json"
  },
  {
    "op": "add",
    "path": "/variantgroups/1/states/2",
    "value": "gabbro",
    "file": "game:entities/spear.json"
  }
]