{
	"ingredient": { "type": "item", "code": "game:clay-*", "name": "type", "allowedVariants": ["blue", "fire"] },
	"pattern": [[
		"#############",
		"#############",
		"#############",
		"#############",
		"#############",
		"#############",
		"#############",
		"#############",
		"#############",
		"#############",
		"#############",
		"#############",
		"#############"
	],
	[
		"#############",
		"#__#__#__#__#",
		"#__#__#__#__#",
		"#############",
		"#__#__#__#__#",
		"#__#__#__#__#",
		"#############",
		"#__#__#__#__#",
		"#__#__#__#__#",
		"#############",
		"#__#__#__#__#",
		"#__#__#__#__#",
		"#############"
	],
	[
		"#############",
		"#__#__#__#__#",
		"#__#__#__#__#",
		"#############",
		"#__#__#__#__#",
		"#__#__#__#__#",
		"#############",
		"#__#__#__#__#",
		"#__#__#__#__#",
		"#############",
		"#__#__#__#__#",
		"#__#__#__#__#",
		"#############"
	]],
	"name": "Firearms bullets mold",
	"output": { "type": "block", "code": "ammomold-bullet-raw" }
}