{
	code: "landforms",
	"variants": 
	[
		{
			"code":  "largeislands",
			"comment": "lots of water, large island and a few tiny islands",
			"hexcolor": "#79E02E",
			"weight": 12,
			"terrainOctaves":          [  0, 0.5, 1, 0.2, 0.3, 0,  1, 0.3, 0.15],
			"terrainOctaveThresholds": [  0,    0.1,     0.3,   0,   0, 0, 0.4, 0.2, 0.2],
			"terrainYKeyPositions":    [0.271, 0.433, 0.455, 0.460, 0.520, 0.600],
			"terrainYKeyThresholds":   [0.767, 0.368, 0.288, 0.240, 0.165, 0.000]
		},
		{
			"code":  "realisticflatlands",
			"comment": "Very large scale flat lands",
			"hexcolor": "#79E02E",
			"weight": 10,
			"terrainOctaves":          [0.1, 0.8, 1, 0.4, 0.1, 0.1, 0.2, 0.3, 0.30],
			"terrainOctaveThresholds": [0, 0, 0, 0, 0, 0, 0.05, 0.3, 0.4],
			"terrainYKeyPositions":    [0.410, 0.490],
			"terrainYKeyThresholds":   [1.000, 0.000]
		},
		{
			"code":  "realisticmountains-ledged",
			"comment": "Very large scale mountains with ledges",
			"hexcolor": "#79E02E",
			"weight": 3,
			"terrainOctaves":          [0, 0.4, 0.8, 1, 0.7, 0.4, 0.2, 0.2, 0.3],
			"terrainOctaveThresholds": [0, 0.2, 0, 0, 0, 0.1, 0.03, 0.1, 0.25],
			"terrainYKeyPositions":    [0.428, 0.433, 0.468, 0.475, 0.656, 0.680, 0.715, 0.790, 0.840],
			"terrainYKeyThresholds":   [1.000, 0.900, 0.880, 0.700, 0.550, 0.370, 0.250, 0.080, 0.000]
		},
		{
			"code":  "realisticmountains-quintupleledged",
			"comment": "Very large scale mountains with ledges",
			"hexcolor": "#79E02E",
			"weight": 2,
			"terrainOctaves":          [0.1, 0.7, 1, 1, 0.2, 0.1, 0.2, 0.2, 0.2],
			"terrainOctaveThresholds": [0.25, 0, 0.2, 0, 0, 0, 0.03, 0.1, 0.2],
			"terrainYKeyPositions":    [0.345, 0.390, 0.428, 0.433, 0.468, 0.475, 0.500, 0.518, 0.586, 0.646, 0.651, 0.718, 0.797, 0.820, 0.882, ],
			"terrainYKeyThresholds":   [1.000, 0.880, 0.820, 0.800, 0.720, 0.680, 0.600, 0.560, 0.470, 0.410, 0.320, 0.250, 0.150, 0.090, 0.000, ]
		},	
		{
			"code":  "steppedsinkholes",
			"comment": "Stepped sink holes",
			"hexcolor": "#AAAA00",
			"weight": 2,
			"terrainOctaves":          [0, 0.4, 0.6, 1, 0, 1, 1, 0.5, 0.1],
			"terrainOctaveThresholds": [0, 0, 0, 0, 0, 0, 0, 0.4, 0.4],
			"terrainYKeyPositions":    [0.421, 0.436, 0.457, 0.462, 0.474, 0.492],
			"terrainYKeyThresholds":   [1.000, 0.814, 0.720, 0.600, 0.460, 0.000],
			"mutations": [
				{
					"code":  "steppedsinkhold-cavemut",
					"comment": "Cave mutation",
					"chance": 0.10,
					"hexcolor": "#AAAA00",
						"terrainYKeyPositions":    [0.399, 0.419, 0.427, 0.437, 0.457, 0.462, 0.484, 0.490, 0.510, 0.530, 0.560],
						"terrainYKeyThresholds":   [1.000, 0.816, 0.745, 0.808, 0.816, 0.768, 0.740, 0.700, 0.618, 0.480, 0.000]
					}
			]
		},
		{
			"code":  "islandchess",
			"comment": "checkboard of land and water",
			"hexcolor": "#79E02E",
			"weight": 6,
			"minTemp": -4,
			"minRain": 2,
			"useClimateMap": true,
			"terrainOctaves":          [0.1, 0.8, 0.7, 0.5, 0.7, 1,  0.1, 0.1, 0.2],
			"terrainOctaveThresholds": [0, 0, 0, 0.2,   0,   0,0, 0, 0.4],
			"terrainYKeyPositions":    [0.410, 0.465],
			"terrainYKeyThresholds":   [1.000, 0.000]
		},
		{
			"code":  "needledflatlands",
			"comment": "Flat lands with very thin small hills",
			"hexcolor": "#79E02E",
			"weight": 2,
			"terrainOctaves":          [0, 0.6, 0.8, 1, 0.7, 0.1,  0.2, 0.4, 0.2],
			"terrainOctaveThresholds": [0, 0, 0, 0,   0,   0,0, 0.3, 0.5],
			"terrainYKeyPositions":    [0.476, 0.500, 0.530],
			"terrainYKeyThresholds":   [1.000, 0.260, 0.000]
		},
		{
			"code":  "Realistic mountains",
			"comment": "Very large scale mountains",
			"hexcolor": "#84A878",
			"weight": 8,
			"terrainOctaves":          [0.05, 0.8, 0.8, 0.7, 0.4, 0.3, 0.3, 0.2, 0.4],
			"terrainOctaveThresholds": [0.2, 0.1, 0.3, 0, 0, 0.1, 0.2, 0.2, 0.4],
			"terrainYKeyPositions":    [0.332, 0.425, 0.480, 0.530, 0.570, 0.600, 0.630, 0.650, 0.750, 0.850, 0.880, 0.910],
			"terrainYKeyThresholds":   [1.000, 0.8700, 0.800, 0.700, 0.500, 0.440, 0.350, 0.250, 0.180, 0.090, 0.005, 0.000]
		},
		{
			"code":  "siberiansinkholes",
			"comment": "Siberian sink holes",
			"hexcolor": "#AAAA00",
			"weight": 3,
			"terrainOctaves":          [0, 0.3, 0.9, 1, 0, 0.9, 0.6, 0.5, 0.2],
			"terrainOctaveThresholds": [0, 0, 0, 0, 0, 0, 0, 0.4, 0.5],
			"terrainYKeyPositions":    [0.335, 0.468, 0.505, 0.530],
			"terrainYKeyThresholds":   [1.000, 0.978, 0.430, 0.000]
		},
		{
			"code":  "shallowmillionstepmountains",
			"comment": "More shallow Million steps mountain",
			"hexcolor": "#333333",
			"weight": 4,
			"terrainOctaves":          [0.1, 0.6, 0.8, 1, 1, 0.3, 0.2, 0.4, 0.15],
			"terrainOctaveThresholds": [0, 0, 0.1, 0, 0, 0, 0.2, 0.3, 0.3],
			"terrainYKeyPositions":    [0.418, 0.449, 0.474, 0.502, 0.507, 0.526, 0.539, 0.556, 0.563, 0.583, 0.589, 0.605, 0.610, 0.623, 0.630, 0.647, 0.652, 0.670],
			"terrainYKeyThresholds":   [1.000, 0.850, 0.780, 0.750, 0.708, 0.690, 0.660, 0.650, 0.589, 0.564, 0.527, 0.480, 0.440, 0.355, 0.320, 0.220, 0.187, 0.000]
		},
		{
			"code":  "mediummillionstepmountains",
			"comment": "More shallow Million steps mountain",
			"hexcolor": "#333333",
			"weight": 2,
			"terrainOctaves":          [0.1, 0.7, 0.9, 1, 1, 0, 0.4, 0.3, 0.15],
			"terrainOctaveThresholds": [0, 0, 0, 0, 0, 0, 0, 0.2, 0.3],
			"terrainYKeyPositions":    [0.417, 0.458, 0.483, 0.514, 0.520, 0.540, 0.560, 0.590, 0.595, 0.617, 0.623, 0.639, 0.644, 0.657, 0.662, 0.686, 0.701, 0.715],
			"terrainYKeyThresholds":   [1.000, 0.787, 0.740, 0.730, 0.700, 0.680, 0.643, 0.610, 0.557, 0.494, 0.430, 0.384, 0.357, 0.255, 0.222, 0.218, 0.190, 0.000]
		},
		{
			"code":  "tallmillionstepmountains",
			"comment": "Million steps mountain",
			"hexcolor": "#333333",
			"weight": 2,
			"terrainOctaves":          [0.1, 0.6, 0.8, 1, 1, 0, 0, 0.4, 0.1],
			"terrainOctaveThresholds": [0, 0.2, 0, 0.2, 0, 0, 0, 0.2, 0.8],
			"terrainYKeyPositions":    [0.413, 0.498, 0.547, 0.552, 0.582, 0.592, 0.620, 0.630, 0.657, 0.665, 0.687, 0.692, 0.715, 0.722, 0.745, 0.752, 0.782, 0.843, 0.920],
			"terrainYKeyThresholds":   [1.000, 0.732, 0.722, 0.682, 0.580, 0.542, 0.540, 0.402, 0.390, 0.370, 0.370, 0.340, 0.340, 0.307, 0.303, 0.270, 0.270, 0.080, 0.000]
		},
		{
			"code":  "roughflatlands",
			"comment": "midflatlands",
			"hexcolor": "#333333",
			"weight": 4,
			"terrainOctaves":          [0.1, 0.7, 1, 0.5, 1, 0.3, 0.1, 0.3, 0.2],
			"terrainOctaveThresholds": [0, 0, 0.2, 0, 0, 0, 0, 0.3, 0.2],
			"terrainYKeyPositions":    [0.428, 0.480, 0.530, 0.540, 0.560],
			"terrainYKeyThresholds":   [1.000, 0.790, 0.410, 0.200, 0.000]
		},
		{
			"code":  "roughlabyrinth",
			"comment": "highflatlands",
			"hexcolor": "#A9810F",
			"weight": 4,
			"terrainOctaves":          [0.3, 1, 1, 1, 1, 0.5, 0.5, 0.2, 0.15],
			"terrainOctaveThresholds": [0.2, 0, 0, 0, 0, 0, 0, 0, 0.2],
			"terrainYKeyPositions":    [0.428, 0.552, 0.670, 0.690, 0.740, 0.790, 0.830, 0.860],
			"terrainYKeyThresholds":   [1.000, 0.600, 0.370, 0.25, 0.120, 0.105, 0.04, 0.00]
		},
		{
			"code":  "supersmoothills",
			"comment": "Super Smooth mediumhills",
			"hexcolor": "#333333",
			"weight": 4,
			"terrainOctaves":          [0.1, 0.7, 0.8, 0.7, 1, 0, 0.4, 0.3, 0.2],
			"terrainOctaveThresholds": [0.1, 0.2, 0, 0, 0, 0, 0, 0.2, 0.2],
			"terrainYKeyPositions":    [0.443, 0.510, 0.570, 0.590, 0.613, 0.660],
			"terrainYKeyThresholds":   [1.000, 0.610, 0.380, 0.190, 0.150, 0.000]
		},	
		{
			"code":  "largelake",
			"comment": "Just water :P",
			"hexcolor": "#0000FF",
			"weight": 4,
			"minTemp": 0,
			"maxTemp": 50,
			"useClimateMap": true,
			"terrainOctaves":          [0.1, 0.8, 0.7, 1, 1, 0.1, 0.25, 0.3, 0.25],
			"terrainOctaveThresholds": [0, 0, 0, 0, 0,   0,    0,   0,   0.3],
			"terrainYKeyPositions":    [0, 0.36,  0.4, 0.43],
			"terrainYKeyThresholds":   [1,    1,  0.6,  0]
		},	
		{
			"code":  "cold glaciers",
			"comment": "",
			"hexcolor": "#000099",
			"weight": 400,
			"minTemp": -20,
			"maxTemp": -19.5,
			"useClimateMap": true,
			"terrainOctaves":          [0.1, 0.7, 0.7, 1,   1, 1, 0.25, 0.15, 0.2],
			"terrainOctaveThresholds": [0, 0.2, 0.6, 0.5, 0, 0,   0,   0, 0.2],
			"terrainYKeyPositions":    [0.426, 0.431, 0.570, 0.640, 0.850],
			"terrainYKeyThresholds":   [1.000, 0.800, 0.720, 0.410, 0.000]
		},	
		{
			"code":  "cold mountain range",
			"comment": "",
			"hexcolor": "#000099",
			"weight": 200,
			"minTemp": -20,
			"maxTemp": -19.5,
			"useClimateMap": true,
			"terrainOctaves":          [0.1, 0.8, 0.9, 1, 0, 0.5, 0.1, 0.2, 0.2],
			"terrainOctaveThresholds": [0, 0, 0, 0, 0, 0, 0.03, 0.03, 0.3],
			"terrainYKeyPositions":    [0.345, 0.405, 0.500, 0.650, 0.900],
			"terrainYKeyThresholds":   [1.000, 0.800, 0.600, 0.340, 0.000]
		},
		{
			"code":  "humongous mountain",
			"comment": "humongous mountains with caverns in them",
			"hexcolor": "#5BC184",
			"weight": 3,
			"terrainOctaves":          [0.2, 0.8, 1, 1,   1, 1, 0, 0.3, 0.2],
			"terrainOctaveThresholds": [0, 0, 0.2, 0.5, 0, 0,   0,   0.3, 0.2],
			"terrainYKeyPositions":    [0.000, 0.330, 0.370, 0.410, 0.530, 0.610, 0.693, 0.750, 0.840],
			"terrainYKeyThresholds":   [1.000, 0.980, 0.880, 0.780, 0.623, 0.742, 0.480, 0.150, 0.000],
			"mutations": [
				{
					"chance": 0.10,
					"code":  "humongous mountain, cavernless",
					"hexcolor": "#79E02E",
					"terrainYKeyPositions":    [0.000, 0.423, 0.500, 0.683, 0.760],
					"terrainYKeyThresholds":   [1.000, 1.000, 0.760, 0.510, 0.000]
				}
			]
		},
		{
			"code":  "hillplateu",
			"comment": "high plateu with hills on top",
			"hexcolor": "#5BC184",
			"weight": 1,
			"terrainOctaves":          [0.1, 0.9, 1, 1,   1, 0.2, 0.25, 0.20, 0.2],
			"terrainOctaveThresholds": [0.4, 0.5, 0, 0.5, 0, 0,   0,   0.2, 0.3],
			"terrainYKeyPositions":    [0.432, 0.520, 0.560, 0.611, 0.712, 0.730, 0.770, 0.790],
			"terrainYKeyThresholds":   [1.000, 0.820, 0.580, 0.460, 0.400, 0.370, 0.010, 0.000]
		},
		{
			"code":  "smallshallowislands",
			"comment": "Small shallow islands with very small hills and lots of water",
			"hexcolor": "#79E02E",
			"weight": 18,
			"terrainOctaves":          [  0.1, 0.6, 0.5, 1, 1, 0.1,  0.25, 0.3, 0.2],
			"terrainOctaveThresholds": [  0, 0, 0.1,   0, 0,  0, 0, 0, 0.6],
			"terrainYKeyPositions":    [0.000, 0.360, 0.400, 0.430, 0.440, 0.460],
			"terrainYKeyThresholds":   [1.000, 1.000, 0.800, 0.300, 0.130, 0.000]
		},
		{
			"code":  "shallowislands",
			"comment": "Medium sized shallow islands with small bumps and lots of water",
			"hexcolor": "#79E02E",
			"weight": 15,
			"terrainOctaves":          [  0, 0.7, 0.6, 0.7, 1, 0.1,  0.25, 0.25, 0.3],
			"terrainOctaveThresholds": [  0, 0, 0,   0, 0,  0, 0, 0.3, 0.3],
			"terrainYKeyPositions":    [0.000, 0.360, 0.410, 0.430, 0.440, 0.471, 0.480],
			"terrainYKeyThresholds":   [1.000, 1.000, 0.805, 0.300, 0.162, 0.100, 0.000]
		},
		{
			"code":  "cliffy rolling hills",
			"comment": "cliffy rolling hills",
			"hexcolor": "#5BC184",
			"weight": 1,
			"terrainOctaves":          [0.9, 0.81, 0.72, 0.65, 0, 0, 0.5, 0.4, 0.3],
			"terrainOctaveThresholds": [  0,    0,     0,      0, 0, 0,   0,   0.3, 0],
			"terrainYKeyPositions":    [0, 0.43, 0.45, 0.50, 0.56],
			"terrainYKeyThresholds":   [1,    1,  0.6,  0.2, 0]
		},
		{
			"code":  "superflatrarebumps",
			"comment": "very flat lands with occasional bumps",
			"hexcolor": "#79E02E",
			"weight": 8,
			"terrainOctaves":          [  0.1, 1, 1, 0.2, 0.5, 0.2,  1, 0.25, 0.15],
			"terrainOctaveThresholds": [  0,    0,     0.3,   0,   0, 0,0.5, 0.3, 0],
			"terrainYKeyPositions":    [0, 0.425, 0.45, 0.48, 0.52, 0.55],
			"terrainYKeyThresholds":   [1,    1, 0.4, 0.3, 0.07, 0.00]
		},
		{
			"code":  "veryflat",
			"comment": "Very flat lands near sea level",
			"hexcolor": "#79E02E",
			"weight": 12,
			"terrainOctaves":          [0, 0.6, 0.6, 0.4, 0.3, 0.4,  1, 0.3, 0.2],
			"terrainOctaveThresholds": [0, 0, 0,   0,   0, 0,0.4, 0.0, 0.2],
			"terrainYKeyPositions":    [0.000, 0.425, 0.450, 0.485],
			"terrainYKeyThresholds":   [1.000, 1.000, 0.380, 0.000]
		},
		{
			"code":  "flatmanybumps",
			"comment": "Flat land with many bumps",
			"hexcolor": "#5BC184",
			"weight": 15,
			"terrainOctaves":          [0, 0.7, 1, 1, 0.60, 0.60, 0.4, 0.4, 0.2],
			"terrainOctaveThresholds": [  0,    0,     0,   0,   0, 0, 0, 0.2, 0.4],
			"terrainYKeyPositions":    [0, 0.4, 0.43, 0.50],
			"terrainYKeyThresholds":   [1,      1, 0.8, 0],
			"mutations": [
					{
						"chance": 0.25,
						"code":  "rollinghillssubstract",
						"hexcolor": "#79E02E",
						"terrainYKeyPositions":    [0, 0.4, 0.43, 0.48],
						"terrainYKeyThresholds": [1,      1, 0.8, 0]
					}
			]
		},
		{
			"code":  "veryflatmanybumps",
			"comment": "Very flat land with many bumps",
			"hexcolor": "#5BC184",
			"weight": 8,
			"terrainOctaves":          [0.1, 0.6, 1, 1, 0.60, 0.53, 0.4, 0.5, 0.20],
			"terrainOctaveThresholds": [  0,    0,     0,   0,   0, 0, 0, 0.3, 0.3],
			"terrainYKeyPositions":    [0.000, 0.400, 0.420, 0.480],
			"terrainYKeyThresholds":   [1.000, 1.000, 0.800, 0.000],
			"mutations": [
					{
						"chance": 0.3,
						"code":  "rollinghillssubstract",
						"hexcolor": "#79E02E",
						"terrainYKeyPositions":    [0, 0.4, 0.43, 0.45],
						"terrainYKeyThresholds": [1,      1, 0.8, 0],
					}
			]
		},
		{
			"code":  "above sealevel flat grasslands",
			"comment": "above sealevel flat grasslands with a single step",
			"hexcolor": "#79E02E",
			"weight": 2,
			"terrainOctaves":          [  0.1, 0.81, 0.73, 0.5, 0.3, 0,  1, 0.25, 0.2],
			"terrainOctaveThresholds": [  0,    0,     0,   0, 0.1, 0,0.4, 0.3, 0.2],
			"terrainYKeyPositions":    [0, 0.44, 0.47, 0.5, 0.52,   0.56, 0.6],
			"terrainYKeyThresholds":   [1,    1, 0.80, 0.5, 0.45,  0.15, 0.0]
		},
		{
			"code":  "rollinghills",
			"comment": "near sealevel rolling hills",
			"hexcolor": "#5BC184",
			"weight": 2,
			"terrainOctaves": [0.4, 0.81, 0.73, 0.65, 0.58, 0.53, 0.2, 0.2, 0.1],
			"terrainOctaveThresholds": [  0,    0,     0,   0,   0, 0, 0, 0, 0],
			"terrainYKeyPositions":    [0, 0.41, 0.42, 0.5, 0.6, 0.67],
			"terrainYKeyThresholds": [1,      1, 0.8, 0.58, 0.2, 0]
		},
		{
			"code":  "lowrollinghills",
			"comment": "near sealevel low rolling hills",
			"hexcolor": "#5BC184",
			"weight": 10,
			"terrainOctaves": [0.2, 0.81, 0.73, 0.65, 0.59, 0.53, 0.2, 0.4, 0.3],
			"terrainOctaveThresholds": [  0,    0,     0,   0,   0, 0, 0, 0.2, 0],
			"terrainYKeyPositions":    [0, 0.41, 0.43, 0.48, 0.56],
			"terrainYKeyThresholds": [1,      1, 0.8, 0.3, 0],
			"mutations": [
					{
						"chance": 0.15,
						"code":  "rollinghillssubstract",
						"hexcolor": "#79E02E",
						"terrainYKeyPositions":    [0, 0.41, 0.43, 0.50, 0.57],
						"terrainYKeyThresholds": [1,      1, 0.8, 0.25, 0],
					}
			]
		},
		{
			"code":  "cliffislands",
			"comment": "Islands with tall cliffs",
			"hexcolor": "#5BC184",
			"weight": 3,
			"terrainOctaves": [0.2, 0.81, 0.73, 0.65, 0.59, 0.53, 1, 0.2, 0.1],
			"terrainOctaveThresholds": [  0,    0,     0,   0,   0, 0, 0.4, 0.1, 0],
			"terrainYKeyPositions":    [0.000, 0.410, 0.432, 0.440, 0.456, 0.500, 0.560],
			"terrainYKeyThresholds":   [1.000, 1.000, 0.432, 0.402, 0.393, 0.150, 0.000],
			"mutations": [
				{
					"chance": 0.2,
					"code":  "sharp cliff islands",
					"hexcolor": "#79E02E",
		
					"terrainOctaves": [0.9, 0.81, 1, 0.8, 0.6, 0.531, 1, 0.3, 0.3],
				}
			]
		},
		{
			"code":  "smallcliffislands",
			"comment": "Islands with many small cliffs",
			"hexcolor": "#5BC184",
			"weight": 6,
			"terrainOctaves": [0.05, 0.7, 1, 0.7, 0.6, 0.5, 1, 0.2, 0.1],
			"terrainOctaveThresholds": [  0,    0.2,     0.2,   0.2,   0.2, 0.2, 0.2, 0.2, 0.2],
			"terrainYKeyPositions":    [0.188, 0.355, 0.391, 0.427, 0.433, 0.460, 0.476, 0.500],
			"terrainYKeyThresholds":   [1.000, 1.000, 0.900, 0.527, 0.398, 0.393, 0.167, 0.000]
		},
		{
			"code":  "bumplands",
			"comment": "flat with small and big bumps",
			"hexcolor": "#5BC184",
			"weight": 8,
			"terrainOctaves":          [0, 0.7, 1, 1, 1, 1, 0.3, 0.2, 0.1],
			"terrainOctaveThresholds": [0, 0, 0, 0, 0.2, 0.3, 0, 0, 0],
			"terrainYKeyPositions":    [0, 0.43, 0.45, 0.5, 0.56],
			"terrainYKeyThresholds":   [1,  0.7, 0.5, 0.2, 0.00]
		},
		{
			"code":  "roundclifflandshilly",
			"comment": "round clifflands (more hilly, less easily traversable)",
			"hexcolor": "#5BC184",
			"weight": 4,
			"terrainOctaves":          [0, 0.8, 1, 1, 0.3, 1.0, 0, 0.2, 0],
			"terrainOctaveThresholds": [0, 0, 0.2, 0.3, 0, 0.3, 0, 0, 0],
			"terrainYKeyPositions":    [0, 0.40, 0.45, 0.48, 0.52, 0.60, 0.65],
			"terrainYKeyThresholds":   [1,  0.9, 0.7, 0.5, 0.4, 0.20, 0]
		},
		{
			"code":  "sparsecliffyswamplands",
			"comment": "Swamp lands with sparse short 2-stepped cliffs",
			"hexcolor": "#5BC184",
			"weight": 9,
			"terrainOctaves":          [0.1, 0.8, 1, 0.9, 1.0, 0.4, 0.4, 0.4, 0.1],
			"terrainOctaveThresholds": [0.1, 0, 0, 0, 0.3, 0.2, 0, 0.4, 0.1],
			"terrainYKeyPositions":    [0.154, 0.401, 0.430, 0.446, 0.465, 0.470, 0.488, 0.520],
			"terrainYKeyThresholds":   [1.000, 0.990, 0.682, 0.303, 0.297, 0.225, 0.080, 0.000]
		},
		{
			"code":  "densecliffyswamplands",
			"comment": "Swamp lands with dense tall cliffs",
			"hexcolor": "#5BC184",
			"weight": 5,
			"terrainOctaves":          [0.1, 0.6, 0.9, 0.7, 1, 0.6, 0.5, 0.2, 0.10],
			"terrainOctaveThresholds": [0, 0, 0, 0, 0.3, 0, 0, 0, 0.1, 0.1],
			"terrainYKeyPositions":    [0.154, 0.401, 0.430, 0.446, 0.465, 0.470, 0.488, 0.550],
			"terrainYKeyThresholds":   [1.000, 0.990, 0.682, 0.303, 0.297, 0.225, 0.120, 0.000]
		},
		{
			"code":  "deep water step mountains",
			"comment": "Step mountains in deep water",
			"hexcolor": "#84A878",
			"weight": 1,
			"terrainOctaves":          [0.05, 0.81, 0.73, 0.64, 0.54, 0.52, 0.4, 0.2, 0.1],
			"terrainOctaveThresholds": [0.1, 0.2, 0.1, 0, 0.3, 0, 0, 0.2, 0.1],
			"terrainYKeyPositions":    [0, 0.45,   0.5,   0.6, 0.62,  0.68,  0.7],
			"terrainYKeyThresholds":   [1,  0.65,  0.43,   0.25, 0.18,   0.05, 0.0],
		},
		{
			"code":  "step mountains",
			"comment": "Raised terrain with mountains that have several steps in them",
			"hexcolor": "#84A878",
			"weight": 2,
			"terrainOctaves":          [0,2, 0.7, 0.8, 0.65, 0.6, 0.3, 0.3, 0.2, 0.2],
			"terrainOctaveThresholds": [0.1, 0.2, 0.1, 0, 0.3, 0, 0, 0.2, 0.1],
			"terrainYKeyPositions":    [0, 0.43,   0.5,   0.6, 0.62,  0.68,  0.7,  0.8, 0.82, 0.85],
			"terrainYKeyThresholds":   [1,  1,  0.55,   0.45, 0.40,   0.35, 0.26, 0.10, 0.08, 0.0],
		},
		{
			"code":  "flathillvalley",
			"comment": "Flat lands with occasional hills and valleys",
			"hexcolor": "#84A878",
			"weight": 8,
			"terrainOctaves":          [0.1, 1, 1, 1, 0.6, 0.2,  1, 0.3, 0.3,],
			"terrainOctaveThresholds": [0, 0, 0, 0.3, 0.3, 0.3, 0.3, 0.3, 0.2,],
			"terrainYKeyPositions":    [0.443, 0.463, 0.508, 0.548, 0.556, 0.620, 0.65,],
			"terrainYKeyThresholds":   [1.000, 0.573, 0.373, 0.300, 0.270, 0.240, 0.00]
		},
		{
			"code":  "hillsflatsandislands",
			"comment": "A colorful mix of flats, hillgroups and islands",
			"hexcolor": "#84A878",
			"weight": 10,
			"terrainOctaves": [0.1, 0.81, 1, 1, 1, 0.5, 0.2, 0.3, 0.1],
			"terrainOctaveThresholds": [0, 0, 0, 0, 0, 0, 0.5, 0, 0, 0],
			"terrainYKeyPositions":    [0.397, 0.415, 0.438, 0.459, 0.548, 0.602, 0.650],
			"terrainYKeyThresholds":   [1.000, 0.770, 0.517, 0.284, 0.190, 0.110, 0.000]
		},
		{
			"code":  "smallsealevelplateus",
			"comment": "Small many near sea level plateus",
			"hexcolor": "#84A878",
			"weight": 5,
			"terrainOctaves":          [0.1, 1, 1, 0.8, 0.6, 1, 1, 0.2, 0.10],
			"terrainOctaveThresholds": [0, 0, 0, 0, 0, 0, 0, 0.4, 0.3],
			"terrainYKeyPositions":    [0, 0.4, 0.43, 0.45, 0.455, 0.470, 0.500],
			"terrainYKeyThresholds":   [1,   1,    1, 0.63, 0.27, 0.15, 0],
		},
		{
			"code":  "mediumseapillars",
			"comment": "medium stepped pillars in the sea",
			"hexcolor": "#79E02E",
			"weight": 3,
			"terrainOctaves":          [0.1, 0.6, 1, 1, 1, 0.3, 1, 0.4, 0.15],
			"terrainOctaveThresholds": [0, 0, 0, 0, 0,   0, 0,   0.2, 0.15],
			"terrainYKeyPositions":    [0.000, 0.365, 0.430, 0.443, 0.500, 0.520, 0.550, 0.580],
			"terrainYKeyThresholds":   [1.000, 1.000, 0.400, 0.227, 0.200, 0.170, 0.080, 0.000]
		},
		{
			"code":  "mediumlandpillars",
			"comment": "medium stepped pillars on flat land",
			"hexcolor": "#79E02E",
			"weight": 4,
			"terrainOctaves":          [0, 0.8, 1, 0.4, 0.9, 0.7, 0.5, 0.3, 0.2],
			"terrainOctaveThresholds": [0, 0, 0, 0, 0, 0, 0, 0.3, 0.3],
			"terrainYKeyPositions":    [0, 0.435, 0.45, 0.5, 0.52, 0.54, 0.56],
			"terrainYKeyThresholds":   [1,    1, 0.45, 0.22, 0.18, 0.08, 0.00]
		},
		{
			"code":  "marsh",
			"comment": "very flat lands with small rough hills",
			"hexcolor": "#79E02E",
			"weight": 10,
			"terrainOctaves":          [  0.1, 0.8, 0.6, 0.4, 0.2, 0.2,  1, 0.4, 0.2],
			"terrainOctaveThresholds": [  0, 0, 0, 0, 0, 0,0.4, 0.2, 0.2],
			"terrainYKeyPositions":    [0, 0.4, 0.44, 0.52, 0.56],
			"terrainYKeyThresholds":   [1,   1, 0.4, 0.18, 0]
		},
		{
			"code":  "bumpy marsh",
			"comment": "Near sea lavel lakes with small round hills",
			"hexcolor": "#79E02E",
			"weight": 5,
			"terrainOctaves":          [0, 0.7, 1, 1, 0.2, 0.2,  1, 0.5, 0],
			"terrainOctaveThresholds": [0, 0, 0, 0,   0,   0,0.6, 0.6, 0],
			"terrainYKeyPositions":    [0, 0.4, 0.44, 0.50, 0.55],
			"terrainYKeyThresholds":   [1,   1, 0.4, 0.2, 0]
		},
		{
			"code":  "flatmarsh",
			"comment": "very flat lands with rare small bumps",
			"hexcolor": "#79E02E",
			"weight": 16,
			"terrainOctaves":          [0, 0.8, 1, 1, 0.2, 0.2,  1, 0.4, 0.2],
			"terrainOctaveThresholds": [0, 0, 0, 0,   0,   0,0.6, 0.6, 0.1],
			"terrainYKeyPositions":    [0, 0.41, 0.44, 0.50, 0.52],
			"terrainYKeyThresholds":   [1,   1, 0.35, 0.15, 0]
		},
		{
			"code":  "deathmarsh",
			"comment": "some strange pool here",
			"hexcolor": "#79E02E",
			"weight": 3,
			"terrainOctaves":          [  0, 0.4, 1, 1, 0.8, 0.2,  1, 0.3, 0.2],
			"terrainOctaveThresholds": [  0, 0, 0, 0, 0, 0,0.4, 0.3, 0.4],
			"terrainYKeyPositions":    [0, 0.08, 0.4, 0.425, 0.43, 0.44, 0.51, 0.56],
			"terrainYKeyThresholds":   [1, 0.66, 0.55, 0.7, 0.55, 0.35, 0.15, 0],
			"mutations": [
				{
					"chance": 0.2,
					"code":  "deathmarsh hill",
					"hexcolor": "#79E02E",
		
					"terrainOctaves":          [  0, 0.8, 1, 1, 0.2, 0.2,  1, 0.4, 0.2],
					"terrainOctaveThresholds": [  0, 0, 0, 0, 0, 0,0.4, 0.6, 0.4],
					"terrainYKeyPositions":    [0, 0.08, 0.4, 0.42, 0.43, 0.44, 0.51, 0.64],
					"terrainYKeyThresholds":   [1, 0.66, 0.55, 0.7, 0.55, 0.5, 0.38, 0],
				}
			]
		},
	]
}