{
	"editor": {
		"allAngles": false,
		"singleTexture": false
	},
	"textureWidth": 16,
	"textureHeight": 16,
	"textures": {
		"flammable-lit": "block/wood/torch/flammable-lit",
		"wood": "block/wood/torch/wood"
	},
	"elements": [
		{
			"name": "Origin",
			"from": [ 8.0, 1.0, 16.0 ], 
			"to": [ 8.0, 1.0, 16.0 ], 
			"rotationOrigin": [ 8.0, 1.0, 16.0 ],
			"rotationX": -22.5,
			"faces": {
				"north": { "texture": "#flammable-lit", "uv": [ 0.0, 0.0, 0.5, 0.5 ], "enabled": false },
				"east": { "texture": "#flammable-lit", "uv": [ 0.0, 0.0, 0.5, 0.5 ], "enabled": false },
				"south": { "texture": "#flammable-lit", "uv": [ 0.0, 0.0, 0.5, 0.5 ], "enabled": false },
				"west": { "texture": "#flammable-lit", "uv": [ 0.0, 0.0, 0.5, 0.5 ], "enabled": false },
				"up": { "texture": "#flammable-lit", "uv": [ 0.0, 0.0, 0.5, 0.5 ], "enabled": false },
				"down": { "texture": "#flammable-lit", "uv": [ 0.0, 0.0, 0.5, 0.5 ], "enabled": false }
			},
			"children": [
				{
					"name": "handle 1",
					"from": [ -1.3, 7.0, -1.3 ], 
					"to": [ 1.2, 14.0, 1.2 ], 
					"rotationOrigin": [ -0.3, 7.0, -0.3 ],
					"faces": {
						"north": { "texture": "#wood", "uv": [ 11.0, 1.5, 13.5, 8.5 ] },
						"east": { "texture": "#wood", "uv": [ 11.5, 0.5, 14.0, 7.5 ] },
						"south": { "texture": "#wood", "uv": [ 2.5, 9.0, 5.0, 16.0 ] },
						"west": { "texture": "#wood", "uv": [ 4.5, 3.0, 7.0, 10.0 ] },
						"up": { "texture": "#wood", "uv": [ 0.0, 13.5, 2.5, 16.0 ], "enabled": false },
						"down": { "texture": "#wood", "uv": [ 0.0, 13.5, 2.5, 16.0 ] }
					},
					"children": [
						{
							"name": "Cube9",
							"from": [ 0.0, -4.0, 0.0 ], 
							"to": [ 1.0, 0.0, 1.0 ], 
							"rotationOrigin": [ 0.0, -4.0, 0.0 ],
							"faces": {
								"north": { "texture": "#wood", "uv": [ 6.5, 10.0, 7.5, 14.0 ] },
								"east": { "texture": "#wood", "uv": [ 11.0, 10.5, 12.0, 14.5 ] },
								"south": { "texture": "#wood", "uv": [ 2.5, 0.0, 3.5, 4.0 ] },
								"west": { "texture": "#wood", "uv": [ 2.5, 0.5, 3.5, 4.5 ] },
								"up": { "texture": "#wood", "uv": [ 0.0, 0.0, 1.0, 1.0 ], "enabled": false },
								"down": { "texture": "#wood", "uv": [ 0.0, 0.0, 1.0, 1.0 ] }
							}
						},
						{
							"name": "Cube11",
							"from": [ 0.0, -3.0, 1.5 ], 
							"to": [ 0.5, 0.0, 2.5 ], 
							"rotationOrigin": [ 0.0, -3.0, 1.5 ],
							"faces": {
								"north": { "texture": "#wood", "uv": [ 12.0, 11.5, 12.5, 14.5 ] },
								"east": { "texture": "#wood", "uv": [ 4.5, 0.5, 5.5, 3.5 ] },
								"south": { "texture": "#wood", "uv": [ 4.5, 1.5, 5.0, 4.5 ] },
								"west": { "texture": "#wood", "uv": [ 3.0, 1.0, 4.0, 4.0 ] },
								"up": { "texture": "#wood", "uv": [ 0.0, 0.0, 0.5, 1.0 ], "enabled": false },
								"down": { "texture": "#wood", "uv": [ 0.0, 0.0, 0.5, 1.0 ] }
							}
						},
						{
							"name": "Cube12",
							"from": [ 1.0, -2.0, 1.5 ], 
							"to": [ 2.5, 0.0, 2.5 ], 
							"rotationOrigin": [ 1.0, -2.0, 1.5 ],
							"faces": {
								"north": { "texture": "#wood", "uv": [ 9.0, 10.0, 10.5, 12.0 ] },
								"east": { "texture": "#wood", "uv": [ 4.5, 7.5, 5.5, 9.5 ] },
								"south": { "texture": "#wood", "uv": [ 3.5, 0.5, 5.0, 2.5 ] },
								"west": { "texture": "#wood", "uv": [ 6.5, 0.5, 7.5, 2.5 ] },
								"up": { "texture": "#wood", "uv": [ 0.0, 0.0, 1.5, 1.0 ], "enabled": false },
								"down": { "texture": "#wood", "uv": [ 0.0, 0.0, 1.5, 1.0 ] }
							}
						},
						{
							"name": "Cube13",
							"from": [ 1.0, -3.0, 0.0 ], 
							"to": [ 2.5, 0.0, 0.5 ], 
							"rotationOrigin": [ 1.0, -3.0, 0.0 ],
							"faces": {
								"north": { "texture": "#wood", "uv": [ 11.5, 8.5, 13.0, 11.5 ] },
								"east": { "texture": "#wood", "uv": [ 11.5, 3.0, 12.0, 6.0 ] },
								"south": { "texture": "#wood", "uv": [ 3.5, 5.5, 5.0, 8.5 ] },
								"west": { "texture": "#wood", "uv": [ 2.5, 0.5, 3.0, 3.5 ], "enabled": false },
								"up": { "texture": "#wood", "uv": [ 0.0, 0.0, 1.5, 0.5 ], "enabled": false },
								"down": { "texture": "#wood", "uv": [ 0.0, 0.0, 1.5, 0.5 ] }
							}
						},
						{
							"name": "Cube14",
							"from": [ 0.0, -5.0, 0.0 ], 
							"to": [ 0.5, -4.0, 0.5 ], 
							"rotationOrigin": [ 0.0, -5.0, 0.0 ],
							"faces": {
								"north": { "texture": "#wood", "uv": [ 7.0, 5.0, 7.5, 6.0 ] },
								"east": { "texture": "#wood", "uv": [ 11.5, 14.5, 12.0, 15.5 ] },
								"south": { "texture": "#wood", "uv": [ 13.5, 11.5, 14.0, 12.5 ] },
								"west": { "texture": "#wood", "uv": [ 2.5, 2.0, 3.0, 3.0 ] },
								"up": { "texture": "#wood", "uv": [ 0.0, 0.0, 0.5, 0.5 ], "enabled": false },
								"down": { "texture": "#wood", "uv": [ 0.0, 0.0, 0.5, 0.5 ] }
							}
						}
					]
				},
				{
					"name": "string 2",
					"from": [ -1.4, 11.4, -1.4 ], 
					"to": [ 1.5, 12.4, 1.5 ], 
					"rotationOrigin": [ 0.0, 11.4, 0.0 ],
					"rotationX": -3.0,
					"rotationZ": 5.0,
					"faces": {
						"north": { "texture": "#flammable-lit", "uv": [ 11.0, 0.5, 13.5, 1.5 ], "glow": 255 },
						"east": { "texture": "#flammable-lit", "uv": [ 3.5, 0.5, 6.0, 1.5 ], "glow": 255 },
						"south": { "texture": "#flammable-lit", "uv": [ 0.0, 0.5, 2.5, 1.5 ], "glow": 255 },
						"west": { "texture": "#flammable-lit", "uv": [ 11.0, 0.5, 13.5, 1.5 ], "glow": 255 },
						"up": { "texture": "#flammable-lit", "uv": [ 13.5, 13.0, 16.0, 15.5 ], "glow": 255 },
						"down": { "texture": "#flammable-lit", "uv": [ 12.5, 13.0, 15.0, 15.5 ], "glow": 255 }
					}
				},
				{
					"name": "string 1",
					"from": [ -1.6, 12.7, -1.6 ], 
					"to": [ 1.4, 13.2, 1.4 ], 
					"rotationOrigin": [ -0.2, 12.7, -0.2 ],
					"rotationX": 6.0,
					"rotationZ": -13.0,
					"faces": {
						"north": { "texture": "#flammable-lit", "uv": [ 10.5, 0.5, 13.5, 1.0 ], "glow": 255 },
						"east": { "texture": "#flammable-lit", "uv": [ 4.5, 0.5, 7.5, 1.0 ], "glow": 255 },
						"south": { "texture": "#flammable-lit", "uv": [ 5.5, 0.5, 8.5, 1.0 ], "glow": 255 },
						"west": { "texture": "#flammable-lit", "uv": [ 1.5, 0.5, 4.5, 1.0 ], "glow": 255 },
						"up": { "texture": "#flammable-lit", "uv": [ 13.0, 13.0, 16.0, 16.0 ], "glow": 255 },
						"down": { "texture": "#flammable-lit", "uv": [ 12.5, 13.0, 15.5, 16.0 ], "glow": 255 }
					}
				},
				{
					"name": "string 3",
					"from": [ -1.6, 10.8, -1.5 ], 
					"to": [ 1.4, 11.3, 1.5 ], 
					"rotationOrigin": [ -0.2, 10.8, -0.1 ],
					"rotationX": -10.0,
					"rotationZ": -9.0,
					"faces": {
						"north": { "texture": "#flammable-lit", "uv": [ 11.0, 1.0, 14.0, 1.5 ], "glow": 255 },
						"east": { "texture": "#flammable-lit", "uv": [ 4.0, 1.0, 7.0, 1.5 ], "glow": 255 },
						"south": { "texture": "#flammable-lit", "uv": [ 6.0, 1.0, 9.0, 1.5 ], "glow": 255 },
						"west": { "texture": "#flammable-lit", "uv": [ 13.0, 1.0, 16.0, 1.5 ], "glow": 255 },
						"up": { "texture": "#flammable-lit", "uv": [ 12.5, 12.5, 15.5, 15.5 ], "glow": 255 },
						"down": { "texture": "#flammable-lit", "uv": [ 13.0, 12.5, 16.0, 15.5 ], "glow": 255 }
					}
				},
				{
					"name": "string 4",
					"from": [ -1.5, 10.0, -1.6 ], 
					"to": [ 1.5, 10.5, 1.4 ], 
					"rotationOrigin": [ -0.1, 10.0, -0.2 ],
					"rotationX": 11.0,
					"rotationZ": 3.0,
					"faces": {
						"north": { "texture": "#flammable-lit", "uv": [ 3.5, 0.5, 6.5, 1.0 ], "glow": 255 },
						"east": { "texture": "#flammable-lit", "uv": [ 9.5, 0.5, 12.5, 1.0 ], "glow": 255 },
						"south": { "texture": "#flammable-lit", "uv": [ 0.5, 0.5, 3.5, 1.0 ], "glow": 255 },
						"west": { "texture": "#flammable-lit", "uv": [ 8.5, 0.5, 11.5, 1.0 ], "glow": 255 },
						"up": { "texture": "#flammable-lit", "uv": [ 13.0, 13.0, 16.0, 16.0 ], "glow": 255 },
						"down": { "texture": "#flammable-lit", "uv": [ 12.5, 13.0, 15.5, 16.0 ], "glow": 255 }
					}
				},
				{
					"name": "flammable",
					"from": [ -1.4, 9.6, -1.4 ], 
					"to": [ 1.3, 14.1, 1.3 ], 
					"rotationOrigin": [ -1.4, 9.6, -1.4 ],
					"faces": {
						"north": { "texture": "#flammable-lit", "uv": [ 0.0, 0.0, 2.5, 4.5 ], "glow": 255 },
						"east": { "texture": "#flammable-lit", "uv": [ 2.5, 0.0, 5.0, 4.5 ], "glow": 255 },
						"south": { "texture": "#flammable-lit", "uv": [ 4.0, 0.0, 6.5, 4.5 ], "glow": 255 },
						"west": { "texture": "#flammable-lit", "uv": [ 11.0, 0.0, 13.5, 4.5 ], "glow": 255 },
						"up": { "texture": "#flammable-lit", "uv": [ 13.0, 13.0, 15.5, 15.5 ], "glow": 255 },
						"down": { "texture": "#flammable-lit", "uv": [ 13.0, 13.0, 15.5, 15.5 ], "glow": 255 }
					}
				},
				{
					"name": "handle 2",
					"from": [ -1.0, 0.0, -1.0 ], 
					"to": [ 1.0, 7.0, 1.0 ], 
					"rotationOrigin": [ -1.0, 0.0, -1.0 ],
					"faces": {
						"north": { "texture": "#wood", "uv": [ 13.5, 9.0, 15.5, 16.0 ] },
						"east": { "texture": "#wood", "uv": [ 11.5, 7.5, 13.5, 14.5 ] },
						"south": { "texture": "#wood", "uv": [ 12.0, 8.0, 14.0, 15.0 ] },
						"west": { "texture": "#wood", "uv": [ 13.5, 8.5, 15.5, 15.5 ] },
						"up": { "texture": "#wood", "uv": [ 0.0, 0.0, 2.0, 2.0 ], "enabled": false },
						"down": { "texture": "#wood", "uv": [ 13.5, 11.0, 15.5, 13.0 ] }
					}
				}
			]
		}
	]}