{
	"editor": {
		"allAngles": false,
		"entityTextureMode": false
	},
	"textureWidth": 16,
	"textureHeight": 16,
	"textureSizes": {
	},
	"textures": {
		"iron1": "game:block/metal/sheet/iron1",
		"alambic_rond": "lavoisier:block/alembic/alembic_round"
	},
	"elements": [
		{
			"name": "Cube1",
			"from": [ 4.0, 4.0, 4.0 ], 
			"to": [ 12.0, 12.0, 12.0 ], 
			"rotationOrigin": [ 4.0, 4.0, 4.0 ],
			"faces": {
				"north": { "texture": "#alambic_rond", "uv": [ 0.0, 0.0, 16.0, 16.0 ], "autoUv": false },
				"east": { "texture": "#alambic_rond", "uv": [ 0.0, 0.0, 16.0, 16.0 ], "autoUv": false },
				"south": { "texture": "#alambic_rond", "uv": [ 0.0, 0.0, 16.0, 16.0 ], "autoUv": false },
				"west": { "texture": "#alambic_rond", "uv": [ 0.0, 0.0, 16.0, 16.0 ], "autoUv": false },
				"up": { "texture": "#alambic_rond", "uv": [ 0.0, 0.0, 16.0, 16.0 ], "autoUv": false },
				"down": { "texture": "#alambic_rond", "uv": [ 0.0, 0.0, 16.0, 16.0 ], "autoUv": false }
			},
			"children": [
				{
					"name": "Cube2",
					"from": [ 1.0, 8.0, 1.0 ], 
					"to": [ 7.0, 9.0, 7.0 ], 
					"rotationOrigin": [ 1.0, 8.0, 1.0 ],
					"faces": {
						"north": { "texture": "#alambic_rond", "uv": [ 0.0, 0.0, 12.0, 2.0 ], "autoUv": false },
						"east": { "texture": "#alambic_rond", "uv": [ 0.0, 0.0, 12.0, 2.0 ], "autoUv": false },
						"south": { "texture": "#alambic_rond", "uv": [ 0.0, 0.0, 12.0, 2.0 ], "autoUv": false },
						"west": { "texture": "#alambic_rond", "uv": [ 0.0, 0.0, 12.0, 2.0 ], "autoUv": false },
						"up": { "texture": "#alambic_rond", "uv": [ 2.0, 2.0, 14.0, 14.0 ], "autoUv": false },
						"down": { "texture": "#alambic_rond", "uv": [ 2.0, 2.0, 14.0, 14.0 ], "autoUv": false }
					}
				},
				{
					"name": "Cube3",
					"from": [ 1.0, -1.0, 1.0 ], 
					"to": [ 7.0, 0.0, 7.0 ], 
					"rotationOrigin": [ 1.0, -1.0, 1.0 ],
					"faces": {
						"north": { "texture": "#alambic_rond", "uv": [ 0.0, 0.0, 12.0, 2.0 ], "autoUv": false },
						"east": { "texture": "#alambic_rond", "uv": [ 0.0, 0.0, 12.0, 2.0 ], "autoUv": false },
						"south": { "texture": "#alambic_rond", "uv": [ 0.0, 0.0, 12.0, 2.0 ], "autoUv": false },
						"west": { "texture": "#alambic_rond", "uv": [ 0.0, 0.0, 12.0, 2.0 ], "autoUv": false },
						"up": { "texture": "#alambic_rond", "uv": [ 2.0, 2.0, 14.0, 14.0 ], "autoUv": false },
						"down": { "texture": "#alambic_rond", "uv": [ 2.0, 2.0, 14.0, 14.0 ], "autoUv": false }
					}
				},
				{
					"name": "Cube4",
					"from": [ 1.0, 1.0, 0.0 ], 
					"to": [ 7.0, 2.0, 6.0 ], 
					"rotationOrigin": [ 1.0, 1.0, 0.0 ],
					"rotationX": -90.0,
					"faces": {
						"north": { "texture": "#alambic_rond", "uv": [ 0.0, 0.0, 12.0, 2.0 ], "autoUv": false },
						"east": { "texture": "#alambic_rond", "uv": [ 0.0, 0.0, 12.0, 2.0 ], "autoUv": false },
						"south": { "texture": "#alambic_rond", "uv": [ 0.0, 0.0, 12.0, 2.0 ], "autoUv": false },
						"west": { "texture": "#alambic_rond", "uv": [ 0.0, 0.0, 12.0, 2.0 ], "autoUv": false },
						"up": { "texture": "#alambic_rond", "uv": [ 2.0, 2.0, 14.0, 14.0 ], "autoUv": false },
						"down": { "texture": "#alambic_rond", "uv": [ 2.0, 2.0, 14.0, 14.0 ], "autoUv": false }
					}
				},
				{
					"name": "Cube5",
					"from": [ 1.0, 1.0, 9.0 ], 
					"to": [ 7.0, 2.0, 15.0 ], 
					"rotationOrigin": [ 1.0, 1.0, 9.0 ],
					"rotationX": -90.0,
					"faces": {
						"north": { "texture": "#alambic_rond", "uv": [ 0.0, 0.0, 12.0, 2.0 ], "autoUv": false },
						"east": { "texture": "#alambic_rond", "uv": [ 0.0, 0.0, 12.0, 2.0 ], "autoUv": false },
						"south": { "texture": "#alambic_rond", "uv": [ 0.0, 0.0, 12.0, 2.0 ], "autoUv": false },
						"west": { "texture": "#alambic_rond", "uv": [ 0.0, 0.0, 12.0, 2.0 ], "autoUv": false },
						"up": { "texture": "#alambic_rond", "uv": [ 2.0, 2.0, 14.0, 14.0 ], "autoUv": false },
						"down": { "texture": "#alambic_rond", "uv": [ 2.0, 2.0, 14.0, 14.0 ], "autoUv": false }
					}
				},
				{
					"name": "Cube6",
					"from": [ 0.0, 1.0, 1.0 ], 
					"to": [ 6.0, 2.0, 7.0 ], 
					"rotationOrigin": [ 0.0, 1.0, 1.0 ],
					"rotationZ": 90.0,
					"faces": {
						"north": { "texture": "#alambic_rond", "uv": [ 0.0, 0.0, 12.0, 2.0 ], "autoUv": false },
						"east": { "texture": "#alambic_rond", "uv": [ 0.0, 0.0, 12.0, 2.0 ], "autoUv": false },
						"south": { "texture": "#alambic_rond", "uv": [ 0.0, 0.0, 12.0, 2.0 ], "autoUv": false },
						"west": { "texture": "#alambic_rond", "uv": [ 0.0, 0.0, 12.0, 2.0 ], "autoUv": false },
						"up": { "texture": "#alambic_rond", "uv": [ 2.0, 2.0, 14.0, 14.0 ], "autoUv": false },
						"down": { "texture": "#alambic_rond", "uv": [ 2.0, 2.0, 14.0, 14.0 ], "autoUv": false }
					}
				},
				{
					"name": "Cube7",
					"from": [ 9.0, 1.0, 1.0 ], 
					"to": [ 15.0, 2.0, 7.0 ], 
					"rotationOrigin": [ 9.0, 1.0, 1.0 ],
					"rotationZ": 90.0,
					"faces": {
						"north": { "texture": "#alambic_rond", "uv": [ 0.0, 0.0, 12.0, 2.0 ], "autoUv": false },
						"east": { "texture": "#alambic_rond", "uv": [ 0.0, 0.0, 12.0, 2.0 ], "autoUv": false },
						"south": { "texture": "#alambic_rond", "uv": [ 0.0, 0.0, 12.0, 2.0 ], "autoUv": false },
						"west": { "texture": "#alambic_rond", "uv": [ 0.0, 0.0, 12.0, 2.0 ], "autoUv": false },
						"up": { "texture": "#alambic_rond", "uv": [ 2.0, 2.0, 14.0, 14.0 ], "autoUv": false },
						"down": { "texture": "#alambic_rond", "uv": [ 2.0, 2.0, 14.0, 14.0 ], "autoUv": false }
					}
				}
			]
		},
		{
			"name": "Cube8",
			"from": [ 3.5, 4.5, 3.5 ], 
			"to": [ 12.5, 5.0, 12.5 ], 
			"rotationOrigin": [ 4.0, 3.0, 4.0 ],
			"faces": {
				"north": { "texture": "#iron1", "uv": [ 0.0, 0.0, 9.0, 0.5 ] },
				"east": { "texture": "#iron1", "uv": [ 0.0, 0.0, 9.0, 0.5 ] },
				"south": { "texture": "#iron1", "uv": [ 0.0, 0.0, 9.0, 0.5 ] },
				"west": { "texture": "#iron1", "uv": [ 0.0, 0.0, 9.0, 0.5 ] },
				"up": { "texture": "#iron1", "uv": [ 3.0, 3.5, 12.0, 12.5 ] },
				"down": { "texture": "#iron1", "uv": [ 3.0, 3.5, 12.0, 12.5 ], "windMode": [-1,-1,-1,-1], "reflectiveMode": 2 }
			},
			"children": [
				{
					"name": "Cube9",
					"from": [ 4.0, 0.0, 1.0 ], 
					"to": [ 5.0, 5.0, 2.0 ], 
					"rotationOrigin": [ 4.0, 0.0, 1.0 ],
					"rotationX": -157.5,
					"faces": {
						"north": { "texture": "#iron1", "uv": [ 0.0, 0.0, 1.0, 5.0 ] },
						"east": { "texture": "#iron1", "uv": [ 0.0, 0.0, 1.0, 5.0 ] },
						"south": { "texture": "#iron1", "uv": [ 0.0, 0.0, 1.0, 5.0 ] },
						"west": { "texture": "#iron1", "uv": [ 0.0, 0.0, 1.0, 5.0 ] },
						"up": { "texture": "#iron1", "uv": [ 0.0, 0.0, 1.0, 1.0 ] },
						"down": { "texture": "#iron1", "uv": [ 0.0, 0.0, 1.0, 1.0 ] }
					}
				},
				{
					"name": "Cube10",
					"from": [ 5.0, 2.3, 5.6 ], 
					"to": [ 6.0, 7.3, 6.6 ], 
					"rotationOrigin": [ 6.0, 1.3, 13.6 ],
					"rotationY": 45.0,
					"rotationZ": 157.5,
					"faces": {
						"north": { "texture": "#iron1", "uv": [ 0.0, 0.0, 1.0, 5.0 ] },
						"east": { "texture": "#iron1", "uv": [ 0.0, 0.0, 1.0, 5.0 ] },
						"south": { "texture": "#iron1", "uv": [ 0.0, 0.0, 1.0, 5.0 ] },
						"west": { "texture": "#iron1", "uv": [ 0.0, 0.0, 1.0, 5.0 ] },
						"up": { "texture": "#iron1", "uv": [ 0.0, 0.0, 1.0, 1.0 ] },
						"down": { "texture": "#iron1", "uv": [ 0.0, 0.0, 1.0, 1.0 ] }
					}
				},
				{
					"name": "Cube11",
					"from": [ 10.5, 3.0, -0.2 ], 
					"to": [ 11.5, 8.0, 0.8 ], 
					"rotationOrigin": [ 18.5, 3.0, 7.8 ],
					"rotationY": 135.0,
					"rotationZ": 157.5,
					"faces": {
						"north": { "texture": "#iron1", "uv": [ 0.0, 0.0, 1.0, 5.0 ] },
						"east": { "texture": "#iron1", "uv": [ 0.0, 0.0, 1.0, 5.0 ] },
						"south": { "texture": "#iron1", "uv": [ 0.0, 0.0, 1.0, 5.0 ] },
						"west": { "texture": "#iron1", "uv": [ 0.0, 0.0, 1.0, 5.0 ] },
						"up": { "texture": "#iron1", "uv": [ 0.0, 0.0, 1.0, 1.0 ] },
						"down": { "texture": "#iron1", "uv": [ 0.0, 0.0, 1.0, 1.0 ] }
					}
				}
			]
		}
	]}