{
  "textureWidth": 16,
  "textureHeight": 16,
  "textureSizes": {
  },
  "textures": {
    "copper": "block/copper"
  },
  "elements": [
    {
      "name": "Cube",
      "from": [
        7.5,
        -0.5,
        7.5
      ],
      "to": [
        8.5,
        0.5,
        8.5
      ],
      "rotationOrigin": [
        8.0,
        8.0,
        8.0
      ],
      "faces": {
        "north": {
          "texture": "#copper",
          "uv": [
            0.0,
            0.0,
            1.0,
            1.0
          ]
        },
        "east": {
          "texture": "#copper",
          "uv": [
            0.0,
            0.0,
            1.0,
            1.0
          ]
        },
        "south": {
          "texture": "#copper",
          "uv": [
            0.0,
            0.0,
            1.0,
            1.0
          ]
        },
        "west": {
          "texture": "#copper",
          "uv": [
            0.0,
            0.0,
            1.0,
            1.0
          ]
        },
        "up": {
          "texture": "#copper",
          "uv": [
            0.0,
            0.0,
            1.0,
            1.0
          ]
        },
        "down": {
          "texture": "#copper",
          "uv": [
            0.0,
            0.0,
            1.0,
            1.0
          ]
        }
      }
    }
  ]
}