{
  "editor": {
    "allAngles": false,
    "entityTextureMode": false
  },
  "textureWidth": 16,
  "textureHeight": 16,
  "textureSizes": {
  },
  "textures": {
    "glass": "block/lamp-disabled",
    "iron": "block/iron"
  },
  "elements": [
    {
      "name": "Cube2",
      "from": [
        0.0,
        0.0,
        0.0
      ],
      "to": [
        16.0,
        1.0,
        16.0
      ],
      "faces": {
        "north": {
          "texture": "#glass",
          "uv": [
            0.0,
            15.0,
            16.0,
            16.0
          ],
          "autoUv": false
        },
        "east": {
          "texture": "#glass",
          "uv": [
            0.0,
            15.0,
            16.0,
            16.0
          ],
          "autoUv": false
        },
        "south": {
          "texture": "#glass",
          "uv": [
            0.0,
            15.0,
            16.0,
            16.0
          ],
          "autoUv": false
        },
        "west": {
          "texture": "#glass",
          "uv": [
            0.0,
            15.0,
            16.0,
            16.0
          ],
          "autoUv": false
        },
        "up": {
          "texture": "#glass",
          "uv": [
            0.0,
            0.0,
            16.0,
            16.0
          ],
          "autoUv": false
        },
        "down": {
          "texture": "#iron",
          "uv": [
            0.0,
            0.0,
            16.0,
            16.0
          ],
          "autoUv": false
        }
      }
    }
  ]
}