﻿[
  {
    "ingredientPattern": "WLB,MWR",
    "ingredients": {
      "B": {"type": "item", "code": "maltiezfirearms:barrel-arquebus-iron", "quantity": 1},
      "M": {"type": "item", "code": "game:metalplate-iron", "quantity": 1},
      "L": {"type": "item", "code": "maltiezfirearms:lock-matchlock", "quantity": 1},
      "W": {"type": "item", "code": "game:plank-*", "quantity": 1},
      "R": {"type": "item", "code": "maltiezfirearms:ramrod-arquebus", "quantity": 1}
    },
    "width": 3,
    "height": 2,
    "output": {"type": "item", "code": "maltiezfirearms:arquebus-plain"}
  },
  {
    "ingredientPattern": "B",
    "ingredients": {
      "B": {"type": "item", "code": "maltiezfirearms:arquebus", "quantity": 1}
    },
    "width": 1,
    "height": 1,
    "output": {"type": "item", "code": "maltiezfirearms:arquebus-plain"}
  }
]