{
	"code": "glowwormlarvae",
	"shape": { "base": "bettercaveart:resource/glowworm/larvae" },
	"creativeinventory": { "general": ["*"], "items": ["*"] },
	"maxstacksize": 64,
	"attributes": {
		"pigment": {
			"name": "Cyan",
			"color": { "red": 26, "green": 4, "blue": 29 }
		},
	"displaycaseable": true
	},
	"behaviors": [
	{
		"name": "ArtPigment",
		"properties": {
			"decorBlockCodes": ["caveart-cyan-1-*"],
			"paintableOnBlockMaterials": ["Stone", "Wood", "Brick", "Ceramic", "Metal", "Meta" ]
		}
	  }
	],
	"guiTransform": {
		"translation": { "x": 0, "y": 0, "z": 0 },
		"rotation": { "x": 142, "y": 9, "z": 1 },
		"origin": { "x": 0.48, "y": 0.07, "z": 0.5 },
		"scale": 1.0
	},
	"fpHandTransform": {
		"translation": { "x": 0, "y": 0, "z": 0 },
		"rotation": { "x": 6, "y": 49, "z": 20 },
		"scale": 1.0
	},
	"tpHandTransform": {
		"translation": { "x": -1.5, "y": -1.6, "z": -1.85 },
		"rotation": { "x": 3, "y": -81, "z": -92 },
		"scale": 0.37
	},
	"groundTransform": {
		"translation": { "x": 0, "y": 1, "z": 0 },
		"rotation": { "x": -1, "y": 0, "z": 0 },
		"origin": { "x": 0.5, "y": 2, "z": 0.5299 },
		"scale": 1.0
	},
	"lightHsv": [34, 7, 7],

}
