[
    {
        "op": "add",
        "path": "/-",
        "value": {
            
                "ingredientPattern": "PC",
                "width": 2,
                "height": 1,
                "ingredients": {
                  "P": {
                    "type": "item",
                    "code": "game:grain-*",
                    "quantity": 1
                  },
                  "C": {
                    "type": "item",
                    "code": "primitivesurvival:earthworm",
                    "quantity": 1
                  }
                },
                "recipeGroup": 3,
                "output": {
                  "type": "item",
                  "code": "chickenfeed:chickenfeed",
                  "quantity": 4
                }
              
        },
        "file": "chickenfeed:recipes/grid/chicken-feed.json",
        "dependsOn": [ { "modid": "primitivesurvival" } ],
        "side": "Server"
    }
]