[
  {
    "op": "addmerge",
    "path": "/attributes/contentConfig/-",
    "value": {
      "code": "chickenfeed",
      "content": {
        "type": "item",
        "code": "chickenfeed:chickenfeed"
      },
      "quantityPerFillLevel": 1,
      "maxFillLevels": 16,
      "textureCode": "contents-chickenfeed",
      "shapesPerFillLevel": [
        "block/wood/trough/small/grainfill1",
        "block/wood/trough/small/grainfill1",
        "block/wood/trough/small/grainfill1",
        "block/wood/trough/small/grainfill1",
        "block/wood/trough/small/grainfill2",
        "block/wood/trough/small/grainfill2",
        "block/wood/trough/small/grainfill2",
        "block/wood/trough/small/grainfill2",
        "block/wood/trough/small/grainfill3",
        "block/wood/trough/small/grainfill3",
        "block/wood/trough/small/grainfill3",
        "block/wood/trough/small/grainfill3",
        "block/wood/trough/small/grainfill4",
        "block/wood/trough/small/grainfill4",
        "block/wood/trough/small/grainfill4",
        "block/wood/trough/small/grainfill4"
      ]
    },
    "file": "game:blocktypes/wood/trough-small.json",
    "side": "Server"
  },

  {
    "op": "add",
    "path": "/textures/contents-chickenfeed",
    "value": { "base": "chickenfeed:item/chickenfeed" },
    "file": "game:blocktypes/wood/trough-small"

  }
]
