{
	code: "shovel",
	behaviors: [{ 
		name: "GroundStorable",
		properties: {
			layout: 'WallHalves',
			wallOffY: 2,
			sprintKey: true,
			selectionBox: { x1: 0, y1: 0, z1: 0, x2: 1, y2: 0.1, z2: 1 },
			collisionBox: { x1: 0, y1: 0, z1: 0, x2: 0, y2: 0, z2: 0 },
		}
	}],
	attributes: {
		groundStorageTransformByType: {
			"@shovel-(copper|tinbronze|bismuthbronze|blackbronze|gold|silver|iron|meteoriciron|steel)": {
				translation: { x: 0, y: 0.5, z: -0.16 },
				rotation: { x: 13, y: 88, z: -87 },
				scale: 0.88
			},
			"*": {
				translation: { x: 0, y: 0.35, z: -0.135 },
				rotation: { x: 13, y: 88, z: -87 },
				scale: 0.88
			}
		},
		handbook: {
			groupBy: ["shovel-*"]
		},
		toolrackTransform: {
			rotation: { y: 1, z: -1 },
			translation: { x: -0.47, y: 0.6 },
			scale: 1.25,
		}
	},
	variantgroups: [
		{ code: "material", states: ["chert", "granite", "andesite", "basalt", "obsidian", "peridotite","quartzite","gabbro","diorite", "flint", 
																 "copper", "tinbronze", "bismuthbronze", "blackbronze", "gold", "silver", 
																 "iron", "meteoriciron", "steel"
		  ] },
	],
	tool: "shovel",
	damagedby: ["blockbreaking", "attacking"],
	shapeByType: {
		"shovel-chert": { base: "item/tool/shovel-stone" },
		"shovel-quartzite": { base: "item/tool/shovel-stone" },
		"shovel-gabbro": { base: "item/tool/shovel-stone" },
		"shovel-diorite": { base: "item/tool/shovel-stone" },
		"shovel-granite": { base: "item/tool/shovel-stone" },
		"shovel-andesite": { base: "item/tool/shovel-stone" },
		"shovel-basalt": { base: "item/tool/shovel-stone" },
		"shovel-obsidian": { base: "item/tool/shovel-stone" },
		"shovel-peridotite": { base: "item/tool/shovel-stone" },
		"shovel-flint": { base: "item/tool/shovel-stone" },
		"shovel-copper": { base: "item/tool/shovel-copper" },
		"shovel-tinbronze": { base: "item/tool/shovel-copper" },
		"shovel-bismuthbronze": { base: "item/tool/shovel-copper" },
		"shovel-blackbronze": { base: "item/tool/shovel-copper" },
		"shovel-gold": { base: "item/tool/shovel-copper" },
		"shovel-silver": { base: "item/tool/shovel-copper" },
		"shovel-iron": { base: "item/tool/shovel-copper" },
		"shovel-meteoriciron": { base: "item/tool/shovel-copper" },
		"shovel-steel": { base: "item/tool/shovel-copper" }
	},
	heldTpIdleAnimation: "shovelidle",
	heldRightReadyAnimation: "shovelready",
	heldTpHitAnimation: "shoveldig",
	heldTpUseAnimation: "interactStaticLong",
	texturesByType: {
		"shovel-flint": {
			"material": { base: "item/tool/material/{material}" },
		},
		"shovel-chert": {
			"material": { base: "block/stone/rock/{material}1" },
		},
		"shovel-quartzite": {
			"material": { base: "block/stone/rock/{material}1" },
		},
		"shovel-gabbro": {
			"material": { base: "block/stone/rock/{material}1" },
		},
		"shovel-diorite": {
			"material": { base: "block/stone/rock/{material}1" },
		},
		"shovel-granite": {
			"material": { base: "block/stone/rock/{material}1" },
		},
		"shovel-andesite": {
			"material": { base: "block/stone/rock/{material}1" },
		},
		"shovel-basalt": {
			"material": { base: "block/stone/rock/{material}1" },
		},
		"shovel-obsidian": {
			"material": { base: "block/stone/rock/{material}1" },
		},
		"shovel-peridotite": {
			"material": { base: "block/stone/rock/{material}1" },
		},
		"*": {
			"material": { base: "block/metal/ingot/{material}" },
		},
	},
	miningspeedbytype: {
		"shovel-chert": {
			"soil": 2.2,
			"sand": 2.2,
			"gravel": 1.9,
			"snow": 1.9
		},
		"shovel-quartzite": {
			"soil": 2.2,
			"sand": 2.2,
			"gravel": 1.9,
			"snow": 1.9
		},
		"shovel-gabbro": {
			"soil": 2.2,
			"sand": 2.2,
			"gravel": 1.9,
			"snow": 1.9
		},
		"shovel-diorite": {
			"soil": 2.2,
			"sand": 2.2,
			"gravel": 1.9,
			"snow": 1.9
		},
		"shovel-granite": {
			"soil": 2.2,
			"sand": 2.2,
			"gravel": 1.9,
			"snow": 1.9
		},
		"shovel-peridotite": {
			"soil": 2.2,
			"sand": 2.2,
			"gravel": 1.9,
			"snow": 1.9
		},
		"shovel-andesite": {
			"soil": 2.2,
			"sand": 2.2,
			"gravel": 1.9,
			"snow": 1.9
		},
		"shovel-basalt": {
			"soil": 2.2,
			"sand": 2.2,
			"gravel": 1.9,
			"snow": 1.9
		},
		"shovel-obsidian": {
			"soil": 3,
			"sand": 3,
			"gravel": 2.2,
			"snow": 2.2
		},
		"shovel-flint": {
			"soil": 2.5,
			"sand": 2.5,
			"gravel": 2.1,
			"snow": 2.1
		},
		"shovel-copper": {
			"soil": 4,
			"sand": 4,
			"gravel": 2.6,
			"snow": 2.6
		},
		"shovel-bismuthbronze": {
			"soil": 5,
			"sand": 5,
			"gravel": 3.2,
			"snow": 3.2
		},
		"shovel-tinbronze": {
			"soil": 5.4,
			"sand": 5.4,
			"gravel": 3.6,
			"snow": 3.6
		},
		"shovel-gold": {
			"soil": 5.4,
			"sand": 5.4,
			"gravel": 3.6,
			"snow": 3.6
		},
		"shovel-silver": {
			"soil": 5.4,
			"sand": 5.4,
			"gravel": 3.6,
			"snow": 3.6
		},
		"shovel-blackbronze": {
			"soil": 5.5,
			"sand": 5.5,
			"gravel": 3.7,
			"snow": 3.7
		},
		"shovel-iron": {
			"soil": 6,
			"sand": 6,
			"gravel": 4,
			"snow": 4
		},
		"shovel-meteoriciron": {
			"soil": 6.5,
			"sand": 6.5,
			"gravel": 4.2,
			"snow": 4.2
		},
		"shovel-steel": {
			"soil": 7,
			"sand": 7,
			"gravel": 4.4,
			"snow": 4.4
		}
	},
	attackpowerbytype: {
		"shovel-chert": 0.75,
		"shovel-quartzite": 1,
		"shovel-gabbro": 0.75,
		"shovel-diorite": 0.75,
		"shovel-granite": 0.75,
		"shovel-andesite": 0.75,
		"shovel-peridotite": 0.75,
		"shovel-basalt": 0.75,
		"shovel-obsidian": 1.25,
		
		"shovel-flint": 1,
		"shovel-copper": 1.25,
		"shovel-gold": 1.5,
		"shovel-silver": 1.5,
		"shovel-bismuthbronze": 1.5,
		"shovel-tinbronze": 1.75,
		"shovel-blackbronze": 2,
		"shovel-iron": 2.25,
		"shovel-meteoriciron": 2.35,
		"shovel-steel": 2.5
	},
	durabilitybytype: {
		"shovel-chert": 60,
		"shovel-quartzite": 60,
		"shovel-gabbro": 60,
		"shovel-diorite": 60,
		"shovel-granite": 60,
		"shovel-peridotite": 60,
		"shovel-andesite": 60,
		"shovel-basalt": 60,
		"shovel-flint": 90,
		"shovel-obsidian": 100,
		
		"shovel-gold": 200,
		"shovel-silver": 200,
		"shovel-copper": 400,
		"shovel-tinbronze": 600,
		"shovel-bismuthbronze": 650,
		"shovel-blackbronze": 700,
		"shovel-iron": 1200,
		"shovel-meteoriciron": 1400,
		"shovel-steel": 3000
	},
	creativeinventory: { "general": ["*"], "items": ["*"], "tools": ["*"] },
	fpHandTransform: {
		translation: { x: 0.046875, y: -0.2, z: 0 },
		rotation: { x: -15, y: 15, z: 100 },
		scale: 2
	},
	guiTransformByType: {
		"@shovel-(copper|tinbronze|bismuthbronze|blackbronze|gold|silver|iron|meteoriciron|steel)": {
			translation: { x: 0, y: 0, z: 0 },
			rotation: { x: -113, y: -147, z: 139 },
			origin: { x: 0.2, y: 0.7, z: 0.8 }
		},
		"*": {
		translation: { x: 7, y: 0, z: 1 },
		rotation: { x: -112, y: -147, z: 139 },
		origin: { x: 0.3, y: 0.7, z: 0.7 },
		scale: 1.18
		}
	},
	groundTransform: {
		translation: { x: 0, y: 0, z: 0 },
		rotation: { x: 0, y: 0, z: 0 },
		origin: { x: 0.5, y: 0, z: 0.5 },
		scale: 3.6
	},
	tpHandTransform: {
		translation: { x: -1.69, y: -0.29, z: -0.6 },
		rotation: { x: 0, y: 0, z: -10 },
		scale: 0.8
	}
}