{
	code: "torch",
	class: "BlockTorch",
	attributes: {
		handbook: {
			groupBy: ["torch-*"],
			exclude: true
		},
	},
	variantgroups: [
		{ code:"variant", states: ["extinct", "burnedout"] },
		{ code: "orientation", states: ["up"], loadFromProperties: "abstract/horizontalorientation" }
	],
	shapebytype: {
		"*-up": { base: "block/wood/torch-{variant}/ground" },
		"*-north": { base: "block/wood/torch-{variant}/wall", rotateY: 0 },
		"*-east": { base: "block/wood/torch-{variant}/wall", rotateY: 270 },
		"*-south": { base: "block/wood/torch-{variant}/wall", rotateY: 180 },
		"*-west": { base: "block/wood/torch-{variant}/wall", rotateY: 90 }
	},
	doNotRenderAtLod2: true,
	textures: {
		"fire": { base: "block/coal/bituminous" }
	},
	sidesolid: {
		all: false
	},
	sideopaque: {
		all: false
	},
	creativeinventory: { "general": ["*-up"], "decorative": ["*-up"] },
	replaceable: 5001,
	resistance: 0,
	lightAbsorption: 0,
	collisionbox: null,
	selectionboxbytype: {
		"*-up": { x1: 0.375, y1: 0, z1: 0.375, x2: 0.625, y2: 0.8875, z2: 0.625 },
		"*-east":{ x1: 0.4, y1: 0.1875, z1: 0.5625, x2: 0.6125, y2: 0.9, z2: 1, rotateY: 270 },
		"*-south": { x1: 0.4, y1: 0.1875, z1: 0.5625, x2: 0.6125, y2: 0.9, z2: 1, rotateY: 180 },
		"*-west": { x1: 0.4, y1: 0.1875, z1: 0.5625, x2: 0.6125, y2: 0.9, z2: 1, rotateY: 90 },
		"*-north": { x1: 0.4, y1: 0.1875, z1: 0.5625, x2: 0.6125, y2: 0.9, z2: 1, rotateY: 0 }
	},
	blockmaterial: "Other",
	fpHandTransform: {
		translation: { x: 0.29, y: -0.1, z: 0 },
		scale: 1.25
	},
	guiTransform: {
		rotation: { x: -47, y: 30, z: 15 },
		origin: { x: 0.5, y: 0.48, z: 0.5 },
		scale: 2.02
	},
	tpHandTransform: {
		translation: { x: -0.6, y: 0.05, z: -0.7 },
		rotation: { x: 0, y: -176, z: 99 },
		origin: { x: 0.5, y: 0, z: 0.5 },
		scale: 0.7
	},
	groundTransform: {
		rotation: { x: 0, y: -1, z: 90 },
		origin: { x: 0.39, y: 0.25, z: 0.5 },
		scale: 2.8
	},	
	sounds: {
		"place": "block/torch",
		"break": "block/torch",
		"hit": "block/torch"
	},
	rainPermeable: true,
	materialDensity: 600,
	dropsByType: {
		"torch-burnedout-*": []
	},
	combustibleProps: {
		burnTemperature: 700,
		burnDuration: 8,
		
		meltingPoint: 300,
		meltingDuration: 1,
		smeltedRatio: 1,
		smeltingType: "convert",
		smeltedStack: { type: "block", code: "game:torch-basic-lit-up" },
		requiresContainer: false
	}
}