{
	"code": "axehead",
	"variantgroups": [
		{ "code": "material", "states": ["quartzite","diorite","gabbro","chert", "granite", "andesite", "basalt", "obsidian", "peridotite", "flint", "copper", "tinbronze", "bismuthbronze", "blackbronze", "gold", "silver", "iron", "meteoriciron", "steel" ] }
	],
	"heldTpUseAnimation": "interactstatic", "maxstacksize": 4,
	"shapeByType": {
		"*-copper": { "base": "item/tool/axe/copper" },
		"*-tinbronze": { "base": "item/tool/axe/copper" },
		"*-bismuthbronze": { "base": "item/tool/axe/copper" },
		"*-blackbronze": { "base": "item/tool/axe/copper" },
		"*-gold": { "base": "item/tool/axe/iron" },
		"*-silver": { "base": "item/tool/axe/iron" },
		"*-iron": { "base": "item/tool/axe/iron" },
		"*-steel": { "base": "item/tool/axe/iron" },
		"*-meteoriciron": { "base": "item/tool/axe/iron" },
		"*": { "base": "item/tool/axe/stone" }
	},
	"texturesByType": {
		"@axehead-(quartzite|diorite|gabbro|chert|granite|andesite|basalt|obsidian|peridotite)": { 
			"material": { "base": "block/stone/rock/{material}1" },
			"string": { "base": "block/transparent" },
			"handle": { "base": "block/transparent" }
		},
		"axehead-flint": { 
			"material": { "base": "block/stone/{material}" },
			"string": { "base": "block/transparent" },
			"handle": { "base": "block/transparent" }
		},
		"*": {
			"material": { "base": "block/metal/ingot/{material}" },
			"string": { "base": "block/transparent" },
			"handle": { "base": "block/transparent" }
		}
	},
	"creativeinventory": { "general": ["*"], "items": ["*"] },
	"fpHandTransform": {
		"translation": { "x": -0.5, "y": -0.4, "z": 0 },
		"rotation": { "x": 25, "y": 0, "z": 86 },
		"scale": 2.5
	},
	"guiTransformByType": {
		"@*-(gold|silver|iron|meteoriciron|steel)": {
			"translation": { "x": 0, "y": 0, "z": 100 },
			"rotation": { "x": -52, "y": -110, "z": -180 },
			"origin": { "x": 0.56, "y": 0.51, "z": 0.31 },
			"scale": 3			
		},
		"@*-(copper|tinbronze|bismuthbronze|blackbronze)": {
			"translation": { "x": 0, "y": 0, "z": 100 },
			"rotation": { "x": -57, "y": -119, "z": -180 },
			"origin": { "x": 0.78, "y": 0.46, "z": 0.3 },
			"scale": 3.1			
		},
		"*": {
			"translation": { "x": 0, "y": 0, "z": 100 },
			"rotation": { "x": -52, "y": -131, "z": -180 },
			"origin": { "x": 0.73, "y": 0.54, "z": 0.2 },
			"scale": 3.1
		}
	},
	"groundTransform": {
		"translation": { "x": 0, "y": 0.3, "z": 0 },
		"rotation": { "x": 0, "y": 0, "z": 0 },
		"origin": { "x": 0.81, "y": 0.45, "z": 0.42 },
		"scale": 3.5
	},
	"tpHandTransform": {
		"translation": { "x": -0.1, "y": -0.76, "z": -0.04 },
		"rotation": { "x": 90, "y": -29, "z": 0 },
		"scale": 1
	}
}