[
  {
    "code": "amalgamsand",
    "sealHours": 120,
    "ingredients": [
      {
        "type": "item",
        "code": "chemistrylib:mercuryportion",
        "litres": 0.1,
        "consumeLitres": 0.1
      },
      {
        "type": "block",
        "code": "game:sand-*",
        "quantity": 1
      }
    ],
    "output": {
      "type": "item",
      "code": "goldamalgam",
      "quantity": 1
    }
  },
  {
    "code": "amalgamgravel",
    "sealHours": 120,
    "ingredients": [
      {
        "type": "item",
        "code": "chemistrylib:mercuryportion",
        "litres": 0.1,
        "consumeLitres": 0.1
      },
      {
        "type": "block",
        "code": "game:gravel-*",
        "quantity": 1
      }
    ],
    "output": {
      "type": "item",
      "code": "goldamalgam",
      "quantity": 1
    }
  }
]