﻿[
{
	"enabled":  false,
	ingredientPattern: "B",
	ingredients: {
		"B": {
			type: "item",
			code: "game:bread-*-partbaked",
			name: "type",
			allowedVariants: [ "acornbirch", "acornpine" ]
		}
	},
	name: "acornbreadcrumbs",
	width: 1,
	height: 1,
	shapeless: false,
	output: {
		type: "item",
		code: "acornbreadcrumbs-{type}",
		quantity: 4
	}
},
{
	"enabled":  false,
	ingredientPattern: "B",
	ingredients: {
		"B": {
			type: "item",
			code: "game:bread-*-perfect",
			name: "type",
			allowedVariants: [ "acornbirch", "acornpine" ]
		}
	},
	name: "acornbreadcrumbs",
	width: 1,
	height: 1,
	shapeless: false,
	output: {
		type: "item",
		code: "acornbreadcrumbs-{type}",
		quantity: 4
	}
},
{
	"enabled":  false,
	ingredientPattern: "B",
	ingredients: {
		"B": {
			type: "item",
			code: "game:bread-*-charred",
			name: "type",
			allowedVariants: [ "acornbirch", "acornpine" ]
		}
	},
	name: "acornbreadcrumbs",
	width: 1,
	height: 1,
	shapeless: false,
	output: {
		type: "item",
		code: "acornbreadcrumbs-{type}",
		quantity: 4
	}
}

]