{
  "code": "kettle",
  "class": "balancedthirst.BlockKettle",
  "behaviorsByType": {
    "*": [
      { "name": "UnstableFalling" },
      { "name": "RightClickPickup" }
    ]
  },
  "entityClass": "balancedthirst.BlockEntityKettle",
  "variantgroups": [
    { "code": "metal", "states": ["copper", "brass", "tinbronze", "bismuthbronze", "blackbronze", "silver", "iron", "meteoriciron", "steel", "stainlesssteel"] }
  ],
  "attributesByType": {
    "*": {
      "lidSound": "game:sounds/walk/wood",
      "canSeal": true,
      "handbook": { "groupBy": ["kettle-*"] },
      "lidPerishRate": 0.75,
      "maxTemperature": 110,
      "allowHeating": true,
      "minFillY": 1.01,
      "maxFillY": 4.91,
      "storageType": 1,
      "maxContainerSlotStackSize": 3,
      "cookingSlotCapacityLitres": 3,
      "cookingContainerSlots": 4,
      "liquidcontainer": true,
      "capacityLitres": 12,
      "canhold": [ "water-*" ],
      "inFirePitProps": {
        "transform": {
          "translation": {
            "x": 0,
            "y": 0.2,
            "z": 0
          }
        },
        "useFirepitModel": "Wide"
      },
      "shelvable": true
    }
  },
  "shape": { "base": "block/kettle/empty" },
  "doNotRenderAtLod2": true,
  "creativeinventory": { "general": ["*"], "decorative": ["*"] },
  "maxStackSizeByType": {
    "*": 1
  },
  "sidesolid": {
    "all": false
  },
  "sideopaque": {
    "all": false
  },
  "drawtype": "JSON",
  "blockmaterial": "Metal",
  "heldTpUseAnimation": "water",
  "heldRightTpIdleAnimation": "holdinglanternrighthand",
  "heldLeftTpIdleAnimation": "holdinglanternlefthand",
  "texturesbyType": {
    "*-copper": {
      "snout": { "base": "game:block/metal/ingot/copper" },
      "lip": { "base": "game:block/metal/ingot/brass" },
      "lid": { "base": "game:block/wood/debarked/oak" },
      "bottom": {
        "base": "game:block/metal/ingot/copper",
        "overlays": [ "block/kettle/metaloverlay" ]
      },
      "body": {
        "base": "game:block/metal/ingot/copper",
        "overlays": [ "block/kettle/metaloverlaygradient" ]
      }
    },
    "*-brass": {
      "snout": { "base": "game:block/metal/ingot/brass" },
      "lip": { "base": "game:block/metal/sheet/bismuthbronze1" },
      "lid": { "base": "game:block/wood/debarked/oak" },
      "bottom": {
        "base": "game:block/metal/ingot/brass",
        "overlays": [ "block/kettle/metaloverlay" ]
      },
      "body": {
        "base": "game:block/metal/ingot/brass",
        "overlays": [ "block/kettle/metaloverlaygradient" ]
      }
    },
    "*-tinbronze": {
      "snout": { "base": "game:block/metal/ingot/tinbronze" },
      "lip": { "base": "game:block/metal/sheet/bismuth1" },
      "lid": { "base": "game:block/wood/debarked/oak" },
      "bottom": {
        "base": "game:block/metal/ingot/tinbronze",
        "overlays": [ "block/kettle/metaloverlay" ]
      },
      "body": {
        "base": "game:block/metal/ingot/tinbronze",
        "overlays": [ "block/kettle/metaloverlaygradient" ]
      }
    },
    "*-bismuthbronze": {
      "snout": { "base": "game:block/metal/ingot/bismuthbronze" },
      "lip": { "base": "game:block/metal/ingot/tin" },
      "lid": { "base": "game:block/wood/debarked/oak" },
      "bottom": {
        "base": "game:block/metal/ingot/bismuthbronze",
        "overlays": [ "block/kettle/metaloverlay" ]
      },
      "body": {
        "base": "game:block/metal/ingot/bismuthbronze",
        "overlays": [ "block/kettle/metaloverlaygradient" ]
      }
    },
    "*-blackbronze": {
      "snout": { "base": "game:block/metal/ingot/blackbronze" },
      "lip": { "base": "game:block/metal/ingot/zinc" },
      "lid": { "base": "game:block/wood/debarked/oak" },
      "bottom": {
        "base": "game:block/metal/ingot/blackbronze",
        "overlays": [ "block/kettle/metaloverlay" ]
      },
      "body": {
        "base": "game:block/metal/ingot/blackbronze",
        "overlays": [ "block/kettle/metaloverlaygradient" ]
      }
    },
    "*-silver": {
      "snout": { "base": "game:block/metal/ingot/silver" },
      "lip": { "base": "game:block/metal/ingot/electrum" },
      "lid": { "base": "game:block/wood/debarked/oak" },
      "bottom": {
        "base": "game:block/metal/ingot/silver",
        "overlays": [ "block/kettle/metaloverlay" ]
      },
      "body": {
        "base": "game:block/metal/ingot/silver",
        "overlays": [ "block/kettle/metaloverlaygradient" ]
      }
    },
    "*-iron": {
      "snout": { "base": "block/kettle/castiron" },
      "lip": { "base": "game:block/metal/ingot/molybdochalkos" },
      "lid": { "base": "game:block/wood/debarked/oak" },
      "bottom": {
        "base": "block/kettle/castiron",
        "overlays": [ "block/kettle/metaloverlay" ]
      },
      "body": {
        "base": "block/kettle/castiron",
        "overlays": [ "block/kettle/metaloverlaygradient" ]
      }
    },
    "*-meteoriciron": {
      "snout": { "base": "block/kettle/meteoriciron" },
      "lip": { "base": "game:block/metal/ingot/tinbronze" },
      "lid": { "base": "game:block/wood/debarked/oak" },
      "bottom": {
        "base": "block/kettle/meteoriciron",
        "overlays": [ "block/kettle/metaloverlay" ]
      },
      "body": {
        "base": "block/kettle/meteoriciron",
        "overlays": [ "block/kettle/metaloverlaygradient" ]
      }
    },
    "*-steel": {
      "snout": { "base": "game:block/metal/ingot/steel" },
      "lip": { "base": "block/kettle/castiron" },
      "lid": { "base": "game:block/wood/debarked/oak" },
      "bottom": {
        "base": "game:block/metal/ingot/steel",
        "overlays": [ "block/kettle/metaloverlay" ]
      },
      "body": {
        "base": "game:block/metal/ingot/steel",
        "overlays": [ "block/kettle/metaloverlaygradient" ]
      }
    },
    "*-stainlesssteel": {
      "snout": { "base": "game:block/metal/ingot/stainlesssteel" },
      "lip": { "base": "game:block/metal/ingot/titanium" },
      "lid": { "base": "game:block/wood/debarked/oak" },
      "bottom": {
        "base": "game:block/metal/ingot/steel",
        "overlays": [ "block/kettle/metaloverlay" ]
      },
      "body": {
        "base": "game:block/metal/ingot/stainlesssteel",
        "overlays": [ "block/kettle/metaloverlaygradient" ]
      }
    }
  },
  "replaceable": 500,
  "resistance": 1.5,
  "materialDensity": 7870,
  "liquidSelectable": 1,
  "lightAbsorption": 1,
  "sounds": {
    "place": "game:block/ingot",
    "hit": "game:block/ingot",
    "break": "game:block/ingot",
    "walk": "game:walk/ingot"
  },
  "collisionSelectionBoxes": [
    { "x1": 0.28, "y1": 0, "z1": 0.28, "x2": 0.72, "y2": 0.35, "z2": 0.72 }
  ],
  "guiTransform": {
    "translation": { "x": -2, "y": 2, "z": 0 },
    "rotation": { "x": -22, "y": -57, "z": 0 },
    "origin": { "x": 0.5, "y": 0.2, "z": 0.5 },
    "scale": 2.15
  },
  "groundTransform": {
    "scale": 3
  },
  "fpHandTransform": {
    "translation": { "x": 0, "y": 0.1, "z": 0.5 },
    "scale": 2
  },
  "tpHandTransform": {
    "translation": { "x": -0.7, "y": 0.06, "z": -0.47 },
    "rotation": { "x": -52, "y": 20, "z": -110 },
    "origin": { "x": 0.5, "y": 0, "z": 0.5 },
    "scale": 0.76
  }
}