{
	"editor": {
		"allAngles": false,
		"entityTextureMode": false
	},
	"textureWidth": 16,
	"textureHeight": 16,
	"textureSizes": {
	},
	"textures": {
		"wood": "game:block/wood-generic",
		"stone": "game:block/stone/rock-cracked/granite2"
	},
	"elements": [
		{
			"name": "Stand1",
			"from": [ 0.0, 0.0, 0.0 ], 
			"to": [ 6.0, 4.0, 16.0 ], 
			"rotationOrigin": [ 3.25, 0.0, -1.75 ],
			"faces": {
				"north": { "texture": "#wood", "uv": [ 0.0, 0.0, 6.0, 4.0 ] },
				"east": { "texture": "#wood", "uv": [ 0.0, 0.0, 16.0, 4.0 ] },
				"south": { "texture": "#wood", "uv": [ 0.0, 0.0, 6.0, 4.0 ] },
				"west": { "texture": "#wood", "uv": [ 0.0, 0.0, 16.0, 4.0 ] },
				"up": { "texture": "#wood", "uv": [ 0.0, 0.0, 6.0, 16.0 ] },
				"down": { "texture": "#wood", "uv": [ 0.0, 0.0, 6.0, 16.0 ] }
			},
			"children": [
				{
					"name": "Stand1Sub",
					"from": [ 0.0, 4.0, 4.5 ], 
					"to": [ 4.5, 13.0, 10.5 ], 
					"rotationOrigin": [ 0.0, 4.0, 5.0 ],
					"faces": {
						"north": { "texture": "#wood", "uv": [ 0.0, 0.0, 4.5, 9.0 ] },
						"east": { "texture": "#wood", "uv": [ 0.0, 0.0, 6.0, 9.0 ] },
						"south": { "texture": "#wood", "uv": [ 0.0, 0.0, 4.5, 9.0 ] },
						"west": { "texture": "#wood", "uv": [ 0.0, 0.0, 6.0, 9.0 ] },
						"up": { "texture": "#wood", "uv": [ 0.0, 0.0, 4.5, 6.0 ] },
						"down": { "texture": "#wood", "uv": [ 0.0, 0.0, 4.5, 6.0 ] }
					}
				}
			]
		},
		{
			"name": "axle-horizontal",
			"from": [ 4.5, 7.5, 2.5 ], 
			"to": [ 11.5, 14.5, 12.5 ], 
			"rotationOrigin": [ 8.5, 10.75, 7.5 ],
			"faces": {
				"north": { "texture": "#stone", "uv": [ 0.0, 0.0, 7.0, 7.0 ] },
				"east": { "texture": "#stone", "uv": [ 0.0, 0.0, 10.0, 7.0 ] },
				"south": { "texture": "#stone", "uv": [ 0.0, 0.0, 7.0, 7.0 ] },
				"west": { "texture": "#stone", "uv": [ 0.0, 0.0, 10.0, 7.0 ] },
				"up": { "texture": "#stone", "uv": [ 0.0, 0.0, 7.0, 10.0 ] },
				"down": { "texture": "#stone", "uv": [ 0.0, 0.0, 7.0, 10.0 ] }
			},
			"children": [
				{
					"name": "axle-vertical",
					"from": [ 0.01, 0.0, 0.0 ], 
					"to": [ 6.99, 7.0, 10.0 ], 
					"rotationOrigin": [ 3.5, 3.5, 5.0 ],
					"rotationX": -90.0,
					"faces": {
						"north": { "texture": "#stone", "uv": [ 0.0, 0.0, 6.5, 7.0 ] },
						"east": { "texture": "#stone", "uv": [ 0.0, 0.0, 10.0, 7.0 ] },
						"south": { "texture": "#stone", "uv": [ 0.0, 0.0, 6.5, 7.0 ] },
						"west": { "texture": "#stone", "uv": [ 0.0, 0.0, 10.0, 7.0 ] },
						"up": { "texture": "#stone", "uv": [ 0.0, 0.0, 6.5, 10.0 ] },
						"down": { "texture": "#stone", "uv": [ 0.0, 0.0, 6.5, 10.0 ] }
					}
				}
			]
		},
		{
			"name": "Stand2",
			"from": [ 10.0, 0.0, 0.0 ], 
			"to": [ 16.0, 4.0, 16.0 ], 
			"rotationOrigin": [ 13.25, 0.0, 3.25 ],
			"faces": {
				"north": { "texture": "#wood", "uv": [ 0.0, 0.0, 6.0, 4.0 ] },
				"east": { "texture": "#wood", "uv": [ 0.0, 0.0, 16.0, 4.0 ] },
				"south": { "texture": "#wood", "uv": [ 0.0, 0.0, 6.0, 4.0 ] },
				"west": { "texture": "#wood", "uv": [ 0.0, 0.0, 16.0, 4.0 ] },
				"up": { "texture": "#wood", "uv": [ 0.0, 0.0, 6.0, 16.0 ] },
				"down": { "texture": "#wood", "uv": [ 0.0, 0.0, 6.0, 16.0 ] }
			},
			"children": [
				{
					"name": "Stand2Sub",
					"from": [ 6.0, 4.0, 11.5 ], 
					"to": [ 10.5, 13.0, 17.5 ], 
					"rotationOrigin": [ 6.0, 4.0, 11.0 ],
					"rotationY": -180.0,
					"faces": {
						"north": { "texture": "#wood", "uv": [ 0.0, 0.0, 4.5, 9.0 ] },
						"east": { "texture": "#wood", "uv": [ 0.0, 0.0, 6.0, 9.0 ] },
						"south": { "texture": "#wood", "uv": [ 0.0, 0.0, 4.5, 9.0 ] },
						"west": { "texture": "#wood", "uv": [ 0.0, 0.0, 6.0, 9.0 ] },
						"up": { "texture": "#wood", "uv": [ 0.0, 0.0, 4.5, 6.0 ] },
						"down": { "texture": "#wood", "uv": [ 0.0, 0.0, 4.5, 6.0 ] }
					}
				}
			]
		}
	],
	"animations": [
		{
			"name": "Shake",
			"code": "shake",
			"quantityframes": 7,
			"onActivityStopped": "Stop",
			"onAnimationEnd": "Repeat",
			"keyframes": [

			]
		},

		{
			"name": "Stamping",
			"code": "stamping",
			"quantityframes": 60,
			"onActivityStopped": "Rewind",
			"onAnimationEnd": "Repeat",
			"keyframes": [
				{
					"frame": 0,
					"elements": {
						"axle-horizontal": { "rotationX": 0.0, "rotationY": 0.0, "rotationZ": 0.0 }
					}
				},
				{
					"frame": 59,
					"elements": {
						"axle-horizontal": { "rotationX": -180.0, "rotationY": 0.0, "rotationZ": 0.0 }
					}
				}
			]
		}
	]
}