﻿[
 {
   file: "expandedfoods:recipes/kneading/trailmixvegetarian.json",
    op: "add", 
    path: "/0/ingredients/0/inputs/-", 
    value: { type: "item", code: "expandedfoods:acornportion", quantity: 2 },
    "side": "server",
    dependsOn: [{ "modid": "acorns" }]
 },
 {
   file: "expandedfoods:recipes/kneading/trailmixvegetarian.json",
    op: "add", 
    path: "/1/ingredients/0/inputs/-", 
    value: { type: "item", code: "expandedfoods:acornportion", quantity: 2 },
    "side": "server",
    dependsOn: [{ "modid": "acorns" }]
 },
 {
   file: "expandedfoods:recipes/kneading/trailmixvegetarian.json",
    op: "add", 
    path: "/2/ingredients/0/inputs/-", 
    value: { type: "item", code: "expandedfoods:acornportion", quantity: 2 },
    "side": "server",
    dependsOn: [{ "modid": "acorns" }]
 },
 {
   file: "expandedfoods:recipes/kneading/trailmixvegetarian.json",
    op: "add", 
    path: "/2/ingredients/4/inputs/-", 
    value: { type: "item", code: "expandedfoods:acornportion", quantity: 2 },
    "side": "server",
    dependsOn: [{ "modid": "acorns" }]
 },
 {
   file: "expandedfoods:recipes/kneading/trailmixvegetarian.json",
    op: "add", 
    path: "/2/ingredients/5/inputs/-", 
    value: { type: "item", code: "expandedfoods:acornportion", quantity: 2 },
    "side": "server",
    dependsOn: [{ "modid": "acorns" }]
 },
 {
   file: "expandedfoods:recipes/kneading/trailmixvegetarian.json",
    op: "add", 
    path: "/3/ingredients/0/inputs/-", 
    value: { type: "item", code: "expandedfoods:acornportion", quantity: 2 },
    "side": "server",
    dependsOn: [{ "modid": "acorns" }]
 },
 {
   file: "expandedfoods:recipes/kneading/trailmixvegetarian.json",
    op: "add", 
    path: "/3/ingredients/4/inputs/-", 
    value: { type: "item", code: "expandedfoods:acornportion", quantity: 2 },
    "side": "server",
    dependsOn: [{ "modid": "acorns" }]
 },
 {
   file: "expandedfoods:recipes/kneading/trailmixvegetarian.json",
    op: "add", 
    path: "/4/ingredients/0/inputs/-", 
    value: { type: "item", code: "expandedfoods:acornportion", quantity: 2 },
    "side": "server",
    dependsOn: [{ "modid": "acorns" }]
 },
 {
   file: "expandedfoods:recipes/kneading/trailmixvegetarian.json",
    op: "add", 
    path: "/5/ingredients/0/inputs/-", 
    value: { type: "item", code: "expandedfoods:acornportion", quantity: 2 },
    "side": "server",
    dependsOn: [{ "modid": "acorns" }]
 },
 {
   file: "expandedfoods:recipes/kneading/trailmixvegetarian.json",
    op: "add", 
    path: "/6/ingredients/0/inputs/-", 
    value: { type: "item", code: "expandedfoods:acornportion", quantity: 2 },
    "side": "server",
    dependsOn: [{ "modid": "acorns" }]
 },
 {
   file: "expandedfoods:recipes/kneading/trailmixvegetarian.json",
    op: "add", 
    path: "/7/ingredients/0/inputs/-", 
    value: { type: "item", code: "expandedfoods:acornportion", quantity: 2 },
    "side": "server",
    dependsOn: [{ "modid": "acorns" }]
 },
]