{
	"textureWidth": 16,
	"textureHeight": 16,
	"textureSizes": {
		"glass": [32, 32],
		"wicker": [32, 32],
		"handle": [32, 32]
	},
	"elements": [
		{
			"name": "Side2",
			"rotationOrigin": [4.4625, 11, 10.0875],
			"from": [0, 0, 0],
			"to": [0, 0, 0],
			"parent": null,
			"faces": {
				"north": {
					"texture": "#",
					"uv": [0, 0, 0, 0]
				},
				"east": {
					"texture": "#",
					"uv": [0, 0, 0, 0]
				},
				"south": {
					"texture": "#",
					"uv": [0, 0, 0, 0]
				},
				"west": {
					"texture": "#",
					"uv": [0, 0, 0, 0]
				},
				"up": {
					"texture": "#",
					"uv": [0, 0, 0, 0]
				},
				"down": {
					"texture": "#",
					"uv": [0, 0, 0, 0]
				}
			},
			"children": [
				{
					"name": "Handle",
					"rotationOrigin": [4, 11, -2],
					"from": [0, 0, 0],
					"to": [0, 0, 0],
					"parent": "Side2",
					"faces": {
						"north": {
							"texture": "#",
							"uv": [0, 0, 0, 0]
						},
						"east": {
							"texture": "#",
							"uv": [0, 0, 0, 0]
						},
						"south": {
							"texture": "#",
							"uv": [0, 0, 0, 0]
						},
						"west": {
							"texture": "#",
							"uv": [0, 0, 0, 0]
						},
						"up": {
							"texture": "#",
							"uv": [0, 0, 0, 0]
						},
						"down": {
							"texture": "#",
							"uv": [0, 0, 0, 0]
						}
					},
					"children": []
				},
				{
					"name": "Pocket",
					"rotationOrigin": [4, 11, -2],
					"from": [0, 0, 0],
					"to": [0, 0, 0],
					"parent": "Side2",
					"faces": {
						"north": {
							"texture": "#",
							"uv": [0, 0, 0, 0]
						},
						"east": {
							"texture": "#",
							"uv": [0, 0, 0, 0]
						},
						"south": {
							"texture": "#",
							"uv": [0, 0, 0, 0]
						},
						"west": {
							"texture": "#",
							"uv": [0, 0, 0, 0]
						},
						"up": {
							"texture": "#",
							"uv": [0, 0, 0, 0]
						},
						"down": {
							"texture": "#",
							"uv": [0, 0, 0, 0]
						}
					},
					"children": []
				},
				{
					"name": "Handle",
					"rotationOrigin": [4, 11, -2],
					"from": [0, 0, 0],
					"to": [0, 0, 0],
					"parent": "Side2",
					"faces": {
						"north": {
							"texture": "#",
							"uv": [0, 0, 0, 0]
						},
						"east": {
							"texture": "#",
							"uv": [0, 0, 0, 0]
						},
						"south": {
							"texture": "#",
							"uv": [0, 0, 0, 0]
						},
						"west": {
							"texture": "#",
							"uv": [0, 0, 0, 0]
						},
						"up": {
							"texture": "#",
							"uv": [0, 0, 0, 0]
						},
						"down": {
							"texture": "#",
							"uv": [0, 0, 0, 0]
						}
					},
					"children": [
						{
							"name": "cube30",
							"from": [2.55, 10.16213, 7.4035],
							"to": [3.025, 10.63713, 8.591],
							"rotationOrigin": [2.7875, 9.47463, 7.82218],
							"faces": {
								"north": {
									"texture": "#handle",
									"uv": [0, 0, 0.475, 0.475],
									"autoUv": false
								},
								"east": {
									"texture": "#handle",
									"uv": [0, 0, 1.1875, 0.475],
									"autoUv": false
								},
								"south": {
									"texture": "#handle",
									"uv": [0, 0, 0.475, 0.475],
									"autoUv": false
								},
								"west": {
									"texture": "#handle",
									"uv": [0, 0, 1.1875, 0.475],
									"autoUv": false
								},
								"up": {
									"texture": "#handle",
									"uv": [0, 0, 0.475, 1.1875],
									"autoUv": false
								},
								"down": {
									"texture": "#handle",
									"uv": [0, 0, 0.475, 1.1875],
									"autoUv": false
								}
							},
							"parent": "Handle",
							"children": []
						},
						{
							"name": "cube31",
							"from": [2.552, 10.19963, 7.651],
							"to": [3.023, 10.67063, 8.8635],
							"rotationOrigin": [2.7875, 9.51213, 8.08468],
							"faces": {
								"north": {
									"texture": "#handle",
									"uv": [0, 0, 0.471, 0.471],
									"autoUv": false
								},
								"east": {
									"texture": "#handle",
									"uv": [0, 0, 1.2125, 0.471],
									"autoUv": false
								},
								"south": {
									"texture": "#handle",
									"uv": [0, 0, 0.471, 0.471],
									"autoUv": false
								},
								"west": {
									"texture": "#handle",
									"uv": [0, 0, 1.2125, 0.471],
									"autoUv": false
								},
								"up": {
									"texture": "#handle",
									"uv": [0, 0, 0.471, 1.2125],
									"autoUv": false
								},
								"down": {
									"texture": "#handle",
									"uv": [0, 0, 0.471, 1.2125],
									"autoUv": false
								}
							},
							"parent": "Handle",
							"rotationX": 45,
							"children": []
						},
						{
							"name": "cube32",
							"from": [2.552, 10.19963, 7.1365],
							"to": [3.023, 10.67063, 8.349],
							"rotationOrigin": [2.7875, 9.51213, 7.91532],
							"faces": {
								"north": {
									"texture": "#handle",
									"uv": [0.471, 0, 0, 0.471],
									"autoUv": false
								},
								"east": {
									"texture": "#handle",
									"uv": [1.2125, 0, 0, 0.471],
									"autoUv": false
								},
								"south": {
									"texture": "#handle",
									"uv": [0.471, 0, 0, 0.471],
									"autoUv": false
								},
								"west": {
									"texture": "#handle",
									"uv": [1.2125, 0, 0, 0.471],
									"autoUv": false
								},
								"up": {
									"texture": "#handle",
									"uv": [0, 1.2125, 0.471, 0],
									"autoUv": false
								},
								"down": {
									"texture": "#handle",
									"uv": [0, 1.2125, 0.471, 0],
									"autoUv": false
								}
							},
							"parent": "Handle",
							"rotationX": -45,
							"children": []
						},
						{
							"name": "cube33",
							"from": [2.55, 8.99331, 8.98],
							"to": [3.025, 9.78081, 9.455],
							"rotationOrigin": [2.7875, 9.36213, 8.29718],
							"faces": {
								"north": {
									"texture": "#handle",
									"uv": [0, 0, 0.475, 0.7875],
									"autoUv": false,
									"rotation": 180
								},
								"east": {
									"texture": "#handle",
									"uv": [0, 0, 0.7875, 0.475],
									"autoUv": false,
									"rotation": 270
								},
								"south": {
									"texture": "#handle",
									"uv": [0, 0, 0.475, 0.7875],
									"autoUv": false
								},
								"west": {
									"texture": "#handle",
									"uv": [0, 0, 0.7875, 0.475],
									"autoUv": false,
									"rotation": 90
								},
								"up": {
									"texture": "#handle",
									"uv": [0, 0, 0.475, 0.475],
									"autoUv": false,
									"rotation": 180
								},
								"down": {
									"texture": "#handle",
									"uv": [0, 0, 0.475, 0.475],
									"autoUv": false
								}
							},
							"parent": "Handle",
							"children": []
						},
						{
							"name": "cube34",
							"from": [2.55, 8.99331, 6.545],
							"to": [3.025, 9.78081, 7.02],
							"rotationOrigin": [2.7875, 9.36213, 7.70282],
							"faces": {
								"north": {
									"texture": "#handle",
									"uv": [0.475, 0, 0, 0.7875],
									"autoUv": false
								},
								"east": {
									"texture": "#handle",
									"uv": [0, 0.475, 0.7875, 0],
									"autoUv": false,
									"rotation": 270
								},
								"south": {
									"texture": "#handle",
									"uv": [0.475, 0, 0, 0.7875],
									"autoUv": false,
									"rotation": 180
								},
								"west": {
									"texture": "#handle",
									"uv": [0, 0.475, 0.7875, 0],
									"autoUv": false,
									"rotation": 90
								},
								"up": {
									"texture": "#handle",
									"uv": [0, 0.475, 0.475, 0],
									"autoUv": false,
									"rotation": 180
								},
								"down": {
									"texture": "#handle",
									"uv": [0, 0.475, 0.475, 0],
									"autoUv": false
								}
							},
							"parent": "Handle",
							"children": []
						},
						{
							"name": "cube40",
							"from": [12.975, 10.16213, 7.4035],
							"to": [13.45, 10.63713, 8.591],
							"rotationOrigin": [13.2125, 9.47463, 7.82218],
							"faces": {
								"north": {
									"texture": "#handle",
									"uv": [0.475, 0, 0, 0.475],
									"autoUv": false
								},
								"east": {
									"texture": "#handle",
									"uv": [1.1875, 0, 0, 0.475],
									"autoUv": false
								},
								"south": {
									"texture": "#handle",
									"uv": [0.475, 0, 0, 0.475],
									"autoUv": false
								},
								"west": {
									"texture": "#handle",
									"uv": [1.1875, 0, 0, 0.475],
									"autoUv": false
								},
								"up": {
									"texture": "#handle",
									"uv": [0.475, 0, 0, 1.1875],
									"autoUv": false
								},
								"down": {
									"texture": "#handle",
									"uv": [0.475, 0, 0, 1.1875],
									"autoUv": false
								}
							},
							"parent": "Handle",
							"children": []
						},
						{
							"name": "cube41",
							"from": [12.975, 8.99331, 8.98],
							"to": [13.45, 9.78081, 9.455],
							"rotationOrigin": [13.2125, 9.36213, 8.29718],
							"faces": {
								"north": {
									"texture": "#handle",
									"uv": [0.475, 0, 0, 0.7875],
									"autoUv": false,
									"rotation": 180
								},
								"east": {
									"texture": "#handle",
									"uv": [0, 0.475, 0.7875, 0],
									"autoUv": false,
									"rotation": 90
								},
								"south": {
									"texture": "#handle",
									"uv": [0.475, 0, 0, 0.7875],
									"autoUv": false
								},
								"west": {
									"texture": "#handle",
									"uv": [0, 0.475, 0.7875, 0],
									"autoUv": false,
									"rotation": 270
								},
								"up": {
									"texture": "#handle",
									"uv": [0.475, 0, 0, 0.475],
									"autoUv": false,
									"rotation": 180
								},
								"down": {
									"texture": "#handle",
									"uv": [0.475, 0, 0, 0.475],
									"autoUv": false
								}
							},
							"parent": "Handle",
							"children": []
						},
						{
							"name": "cube42",
							"from": [12.975, 8.99331, 6.545],
							"to": [13.45, 9.78081, 7.02],
							"rotationOrigin": [13.2125, 9.36213, 7.70282],
							"faces": {
								"north": {
									"texture": "#handle",
									"uv": [0, 0, 0.475, 0.7875],
									"autoUv": false
								},
								"east": {
									"texture": "#handle",
									"uv": [0, 0, 0.7875, 0.475],
									"autoUv": false,
									"rotation": 90
								},
								"south": {
									"texture": "#handle",
									"uv": [0, 0, 0.475, 0.7875],
									"autoUv": false,
									"rotation": 180
								},
								"west": {
									"texture": "#handle",
									"uv": [0, 0, 0.7875, 0.475],
									"autoUv": false,
									"rotation": 270
								},
								"up": {
									"texture": "#handle",
									"uv": [0.475, 0.475, 0, 0],
									"autoUv": false,
									"rotation": 180
								},
								"down": {
									"texture": "#handle",
									"uv": [0.475, 0.475, 0, 0],
									"autoUv": false
								}
							},
							"parent": "Handle",
							"children": []
						},
						{
							"name": "cube43",
							"from": [12.977, 10.19963, 7.651],
							"to": [13.448, 10.67063, 8.8635],
							"rotationOrigin": [13.2125, 9.51213, 8.08468],
							"faces": {
								"north": {
									"texture": "#handle",
									"uv": [0.471, 0, 0, 0.471],
									"autoUv": false
								},
								"east": {
									"texture": "#handle",
									"uv": [1.2125, 0, 0, 0.471],
									"autoUv": false
								},
								"south": {
									"texture": "#handle",
									"uv": [0.471, 0, 0, 0.471],
									"autoUv": false
								},
								"west": {
									"texture": "#handle",
									"uv": [1.2125, 0, 0, 0.471],
									"autoUv": false
								},
								"up": {
									"texture": "#handle",
									"uv": [0.471, 0, 0, 1.2125],
									"autoUv": false
								},
								"down": {
									"texture": "#handle",
									"uv": [0.471, 0, 0, 1.2125],
									"autoUv": false
								}
							},
							"parent": "Handle",
							"rotationX": 45,
							"children": []
						},
						{
							"name": "cube44",
							"from": [12.977, 10.19963, 7.1365],
							"to": [13.448, 10.67063, 8.349],
							"rotationOrigin": [13.2125, 9.51213, 7.91532],
							"faces": {
								"north": {
									"texture": "#handle",
									"uv": [0, 0, 0.471, 0.471],
									"autoUv": false
								},
								"east": {
									"texture": "#handle",
									"uv": [0, 0, 1.2125, 0.471],
									"autoUv": false
								},
								"south": {
									"texture": "#handle",
									"uv": [0, 0, 0.471, 0.471],
									"autoUv": false
								},
								"west": {
									"texture": "#handle",
									"uv": [0, 0, 1.2125, 0.471],
									"autoUv": false
								},
								"up": {
									"texture": "#handle",
									"uv": [0.471, 1.2125, 0, 0],
									"autoUv": false
								},
								"down": {
									"texture": "#handle",
									"uv": [0.471, 1.2125, 0, 0],
									"autoUv": false
								}
							},
							"parent": "Handle",
							"rotationX": -45,
							"children": []
						}
					]
				},
				{
					"name": "Pocket",
					"rotationOrigin": [4, 11, -2],
					"from": [0, 0, 0],
					"to": [0, 0, 0],
					"parent": "Side2",
					"faces": {
						"north": {
							"texture": "#",
							"uv": [0, 0, 0, 0]
						},
						"east": {
							"texture": "#",
							"uv": [0, 0, 0, 0]
						},
						"south": {
							"texture": "#",
							"uv": [0, 0, 0, 0]
						},
						"west": {
							"texture": "#",
							"uv": [0, 0, 0, 0]
						},
						"up": {
							"texture": "#",
							"uv": [0, 0, 0, 0]
						},
						"down": {
							"texture": "#",
							"uv": [0, 0, 0, 0]
						}
					},
					"children": [
						{
							"name": "cube35",
							"from": [2.55, 7.36287, 7.4035],
							"to": [3.025, 9.00037, 8.591],
							"rotationOrigin": [2.7875, 8.52537, 7.82218],
							"faces": {
								"north": {
									"texture": "#handle",
									"uv": [0, 1.6375, 0.475, 0],
									"autoUv": false
								},
								"east": {
									"texture": "#handle",
									"uv": [0, 1.6375, 1.1875, 0],
									"autoUv": false
								},
								"south": {
									"texture": "#handle",
									"uv": [0, 1.6375, 0.475, 0],
									"autoUv": false
								},
								"west": {
									"texture": "#handle",
									"uv": [0, 1.6375, 1.1875, 0],
									"autoUv": false
								},
								"up": {
									"texture": "#handle",
									"uv": [0, 1.1875, 0.475, 0],
									"autoUv": false
								},
								"down": {
									"texture": "#handle",
									"uv": [0, 1.1875, 0.475, 0],
									"autoUv": false
								}
							},
							"parent": "Pocket",
							"children": []
						},
						{
							"name": "cube36",
							"from": [2.55, 8.21919, 8.5925],
							"to": [3.025, 9.00669, 9.455],
							"rotationOrigin": [2.7875, 8.63787, 8.29718],
							"faces": {
								"north": {
									"texture": "#handle",
									"uv": [0, 0.7875, 0.475, 0],
									"autoUv": false,
									"rotation": 180
								},
								"east": {
									"texture": "#handle",
									"uv": [0.7875, 0, 0, 0.8625],
									"autoUv": false,
									"rotation": 270
								},
								"south": {
									"texture": "#handle",
									"uv": [0, 0.7875, 0.475, 0],
									"autoUv": false
								},
								"west": {
									"texture": "#handle",
									"uv": [0.7875, 0, 0, 0.8625],
									"autoUv": false,
									"rotation": 90
								},
								"up": {
									"texture": "#handle",
									"uv": [0, 0.8625, 0.475, 0],
									"autoUv": false
								},
								"down": {
									"texture": "#handle",
									"uv": [0, 0.8625, 0.475, 0],
									"autoUv": false,
									"rotation": 180
								}
							},
							"parent": "Pocket",
							"children": []
						},
						{
							"name": "cube37",
							"from": [2.55, 8.21919, 6.545],
							"to": [3.025, 9.00669, 7.395],
							"rotationOrigin": [2.7875, 8.63787, 7.70282],
							"faces": {
								"north": {
									"texture": "#handle",
									"uv": [0.475, 0.7875, 0, 0],
									"autoUv": false
								},
								"east": {
									"texture": "#handle",
									"uv": [0.7875, 0.85, 0, 0],
									"autoUv": false,
									"rotation": 270
								},
								"south": {
									"texture": "#handle",
									"uv": [0.475, 0.7875, 0, 0],
									"autoUv": false,
									"rotation": 180
								},
								"west": {
									"texture": "#handle",
									"uv": [0.7875, 0.85, 0, 0],
									"autoUv": false,
									"rotation": 90
								},
								"up": {
									"texture": "#handle",
									"uv": [0, 0, 0.475, 0.85],
									"autoUv": false
								},
								"down": {
									"texture": "#handle",
									"uv": [0, 0, 0.475, 0.85],
									"autoUv": false,
									"rotation": 180
								}
							},
							"parent": "Pocket",
							"children": []
						},
						{
							"name": "cube38",
							"from": [2.552, 7.32937, 7.651],
							"to": [3.023, 7.93787, 8.8635],
							"rotationOrigin": [2.7875, 8.48787, 8.08468],
							"faces": {
								"north": {
									"texture": "#handle",
									"uv": [0, 0.6085, 0.471, 0],
									"autoUv": false
								},
								"east": {
									"texture": "#handle",
									"uv": [0, 0.6085, 1.2125, 0],
									"autoUv": false
								},
								"south": {
									"texture": "#handle",
									"uv": [0, 0.6085, 0.471, 0],
									"autoUv": false
								},
								"west": {
									"texture": "#handle",
									"uv": [0, 0.6085, 1.2125, 0],
									"autoUv": false
								},
								"up": {
									"texture": "#handle",
									"uv": [0, 1.2125, 0.471, 0],
									"autoUv": false
								},
								"down": {
									"texture": "#handle",
									"uv": [0, 1.2125, 0.471, 0],
									"autoUv": false
								}
							},
							"parent": "Pocket",
							"rotationX": -45,
							"children": []
						},
						{
							"name": "cube39",
							"from": [2.552, 7.32937, 7.1365],
							"to": [3.023, 7.95037, 8.349],
							"rotationOrigin": [2.7875, 8.48787, 7.91532],
							"faces": {
								"north": {
									"texture": "#handle",
									"uv": [0.471, 0.621, 0, 0],
									"autoUv": false
								},
								"east": {
									"texture": "#handle",
									"uv": [1.2125, 0.621, 0, 0],
									"autoUv": false
								},
								"south": {
									"texture": "#handle",
									"uv": [0.471, 0.621, 0, 0],
									"autoUv": false
								},
								"west": {
									"texture": "#handle",
									"uv": [1.2125, 0.621, 0, 0],
									"autoUv": false
								},
								"up": {
									"texture": "#handle",
									"uv": [0, 0, 0.471, 1.2125],
									"autoUv": false
								},
								"down": {
									"texture": "#handle",
									"uv": [0, 0, 0.471, 1.2125],
									"autoUv": false
								}
							},
							"parent": "Pocket",
							"rotationX": 45,
							"children": []
						},
						{
							"name": "cube45",
							"from": [12.975, 7.36287, 7.4035],
							"to": [13.45, 9.00037, 8.591],
							"rotationOrigin": [13.2125, 8.52537, 7.82218],
							"faces": {
								"north": {
									"texture": "#handle",
									"uv": [0.475, 1.6375, 0, 0],
									"autoUv": false
								},
								"east": {
									"texture": "#handle",
									"uv": [1.1875, 1.6375, 0, 0],
									"autoUv": false
								},
								"south": {
									"texture": "#handle",
									"uv": [0.475, 1.6375, 0, 0],
									"autoUv": false
								},
								"west": {
									"texture": "#handle",
									"uv": [1.1875, 1.6375, 0, 0],
									"autoUv": false
								},
								"up": {
									"texture": "#handle",
									"uv": [0.475, 1.1875, 0, 0],
									"autoUv": false
								},
								"down": {
									"texture": "#handle",
									"uv": [0.475, 1.1875, 0, 0],
									"autoUv": false
								}
							},
							"parent": "Pocket",
							"children": []
						},
						{
							"name": "cube46",
							"from": [12.975, 8.21919, 8.5925],
							"to": [13.45, 9.00669, 9.455],
							"rotationOrigin": [13.2125, 8.63787, 8.29718],
							"faces": {
								"north": {
									"texture": "#handle",
									"uv": [0.475, 0.7875, 0, 0],
									"autoUv": false,
									"rotation": 180
								},
								"east": {
									"texture": "#handle",
									"uv": [0.7875, 0.8625, 0, 0],
									"autoUv": false,
									"rotation": 90
								},
								"south": {
									"texture": "#handle",
									"uv": [0.475, 0.7875, 0, 0],
									"autoUv": false
								},
								"west": {
									"texture": "#handle",
									"uv": [0.7875, 0.8625, 0, 0],
									"autoUv": false,
									"rotation": 270
								},
								"up": {
									"texture": "#handle",
									"uv": [0.475, 0.8625, 0, 0],
									"autoUv": false
								},
								"down": {
									"texture": "#handle",
									"uv": [0.475, 0.8625, 0, 0],
									"autoUv": false,
									"rotation": 180
								}
							},
							"parent": "Pocket",
							"children": []
						},
						{
							"name": "cube47",
							"from": [12.975, 8.21919, 6.545],
							"to": [13.45, 9.00669, 7.395],
							"rotationOrigin": [13.2125, 8.63787, 7.70282],
							"faces": {
								"north": {
									"texture": "#handle",
									"uv": [0, 0.7875, 0.475, 0],
									"autoUv": false
								},
								"east": {
									"texture": "#handle",
									"uv": [0.7875, 0, 0, 0.85],
									"autoUv": false,
									"rotation": 90
								},
								"south": {
									"texture": "#handle",
									"uv": [0, 0.7875, 0.475, 0],
									"autoUv": false,
									"rotation": 180
								},
								"west": {
									"texture": "#handle",
									"uv": [0.7875, 0, 0, 0.85],
									"autoUv": false,
									"rotation": 270
								},
								"up": {
									"texture": "#handle",
									"uv": [0.475, 0, 0, 0.85],
									"autoUv": false
								},
								"down": {
									"texture": "#handle",
									"uv": [0.475, 0, 0, 0.85],
									"autoUv": false,
									"rotation": 180
								}
							},
							"parent": "Pocket",
							"children": []
						},
						{
							"name": "cube48",
							"from": [12.977, 7.32937, 7.651],
							"to": [13.448, 7.93787, 8.8635],
							"rotationOrigin": [13.2125, 8.48787, 8.08468],
							"faces": {
								"north": {
									"texture": "#handle",
									"uv": [0.471, 0.6085, 0, 0],
									"autoUv": false
								},
								"east": {
									"texture": "#handle",
									"uv": [1.2125, 0.6085, 0, 0],
									"autoUv": false
								},
								"south": {
									"texture": "#handle",
									"uv": [0.471, 0.6085, 0, 0],
									"autoUv": false
								},
								"west": {
									"texture": "#handle",
									"uv": [1.2125, 0.6085, 0, 0],
									"autoUv": false
								},
								"up": {
									"texture": "#handle",
									"uv": [0.471, 1.2125, 0, 0],
									"autoUv": false
								},
								"down": {
									"texture": "#handle",
									"uv": [0.471, 1.2125, 0, 0],
									"autoUv": false
								}
							},
							"parent": "Pocket",
							"rotationX": -45,
							"children": []
						},
						{
							"name": "cube49",
							"from": [12.977, 7.32937, 7.1365],
							"to": [13.448, 7.95037, 8.349],
							"rotationOrigin": [13.2125, 8.48787, 7.91532],
							"faces": {
								"north": {
									"texture": "#handle",
									"uv": [0, 0.621, 0.471, 0],
									"autoUv": false
								},
								"east": {
									"texture": "#handle",
									"uv": [0, 0.621, 1.2125, 0],
									"autoUv": false
								},
								"south": {
									"texture": "#handle",
									"uv": [0, 0.621, 0.471, 0],
									"autoUv": false
								},
								"west": {
									"texture": "#handle",
									"uv": [0, 0.621, 1.2125, 0],
									"autoUv": false
								},
								"up": {
									"texture": "#handle",
									"uv": [0.471, 0, 0, 1.2125],
									"autoUv": false
								},
								"down": {
									"texture": "#handle",
									"uv": [0.471, 0, 0, 1.2125],
									"autoUv": false
								}
							},
							"parent": "Pocket",
							"rotationX": 45,
							"children": []
						}
					]
				},
				{
					"name": "cube8",
					"from": [11.975, 4, 5.975],
					"to": [12.975, 9, 10.1],
					"rotationOrigin": [12.975, 4, 7.0375],
					"faces": {
						"north": {
							"texture": "#wicker",
							"uv": [3, 6, 4, 12],
							"autoUv": false
						},
						"east": {
							"texture": "#wicker",
							"uv": [5.9125, 6, 10.0375, 12],
							"autoUv": false
						},
						"south": {
							"texture": "#wicker",
							"uv": [12, 6, 13, 12],
							"autoUv": false
						},
						"west": {
							"texture": "#wicker",
							"uv": [5.9375, 6, 10.0625, 12],
							"autoUv": false
						},
						"up": {
							"texture": "#wicker",
							"uv": [12, 5.9375, 13, 10.0625],
							"autoUv": false,
							"rotation": 180
						},
						"down": {
							"texture": "#wicker",
							"uv": [12, 5.9125, 13, 10.0375],
							"autoUv": false,
							"rotation": 180
						}
					},
					"parent": "Side2",
					"children": []
				},
				{
					"name": "cube9",
					"from": [9.8125, 4.001, 2.75],
					"to": [10.8125, 8.999, 6.875],
					"rotationOrigin": [10.8125, 4, 3.8125],
					"faces": {
						"north": {
							"texture": "#wicker",
							"uv": [3, 6, 4, 11.998],
							"autoUv": false
						},
						"east": {
							"texture": "#wicker",
							"uv": [5.9125, 6, 10.0375, 11.998],
							"autoUv": false
						},
						"south": {
							"texture": "#wicker",
							"uv": [12, 6, 13, 11.998],
							"autoUv": false
						},
						"west": {
							"texture": "#wicker",
							"uv": [5.9375, 6, 10.0625, 11.998],
							"autoUv": false
						},
						"up": {
							"texture": "#wicker",
							"uv": [12, 5.9375, 13, 10.0625],
							"autoUv": false,
							"rotation": 180
						},
						"down": {
							"texture": "#wicker",
							"uv": [12, 5.9125, 13, 10.0375],
							"autoUv": false,
							"rotation": 180
						}
					},
					"parent": "Side2",
					"rotationY": 45,
					"children": []
				},
				{
					"name": "cube10",
					"from": [5.9375, 4, 3.0625],
					"to": [10.0625, 9, 4.0625],
					"rotationOrigin": [9, 4, 4.0625],
					"faces": {
						"north": {
							"texture": "#wicker",
							"uv": [5.9375, 6, 10.0625, 12],
							"autoUv": false
						},
						"east": {
							"texture": "#wicker",
							"uv": [3, 6, 4, 12],
							"autoUv": false
						},
						"south": {
							"texture": "#wicker",
							"uv": [5.9125, 6, 10.0375, 12],
							"autoUv": false
						},
						"west": {
							"texture": "#wicker",
							"uv": [12, 6, 13, 12],
							"autoUv": false
						},
						"up": {
							"texture": "#wicker",
							"uv": [12, 5.9375, 13, 10.0625],
							"autoUv": false,
							"rotation": 270
						},
						"down": {
							"texture": "#wicker",
							"uv": [12, 5.9125, 13, 10.0375],
							"autoUv": false,
							"rotation": 90
						}
					},
					"parent": "Side2",
					"children": []
				},
				{
					"name": "cube11",
					"from": [5.1875, 4.001, 2.75],
					"to": [6.1875, 8.999, 6.875],
					"rotationOrigin": [5.1875, 4, 3.8125],
					"faces": {
						"north": {
							"texture": "#wicker",
							"uv": [4, 6, 3, 11.998],
							"autoUv": false
						},
						"east": {
							"texture": "#wicker",
							"uv": [10.0625, 6, 5.9375, 11.998],
							"autoUv": false
						},
						"south": {
							"texture": "#wicker",
							"uv": [13, 6, 12, 11.998],
							"autoUv": false
						},
						"west": {
							"texture": "#wicker",
							"uv": [10.0375, 6, 5.9125, 11.998],
							"autoUv": false
						},
						"up": {
							"texture": "#wicker",
							"uv": [13, 5.9375, 12, 10.0625],
							"autoUv": false,
							"rotation": 180
						},
						"down": {
							"texture": "#wicker",
							"uv": [13, 5.9125, 12, 10.0375],
							"autoUv": false,
							"rotation": 180
						}
					},
					"parent": "Side2",
					"rotationY": -45,
					"children": []
				},
				{
					"name": "cube12",
					"from": [3.025, 4, 5.975],
					"to": [4.025, 9, 10.1],
					"rotationOrigin": [3.025, 4, 7.0375],
					"faces": {
						"north": {
							"texture": "#wicker",
							"uv": [4, 6, 3, 12],
							"autoUv": false
						},
						"east": {
							"texture": "#wicker",
							"uv": [10.0625, 6, 5.9375, 12],
							"autoUv": false
						},
						"south": {
							"texture": "#wicker",
							"uv": [13, 6, 12, 12],
							"autoUv": false
						},
						"west": {
							"texture": "#wicker",
							"uv": [10.0375, 6, 5.9125, 12],
							"autoUv": false
						},
						"up": {
							"texture": "#wicker",
							"uv": [13, 5.9375, 12, 10.0625],
							"autoUv": false,
							"rotation": 180
						},
						"down": {
							"texture": "#wicker",
							"uv": [13, 5.9125, 12, 10.0375],
							"autoUv": false,
							"rotation": 180
						}
					},
					"parent": "Side2",
					"children": []
				},
				{
					"name": "cube13",
					"from": [5.1875, 4.001, 9.2],
					"to": [6.1875, 8.999, 13.325],
					"rotationOrigin": [5.1875, 4, 12.2625],
					"faces": {
						"north": {
							"texture": "#wicker",
							"uv": [12, 6, 13, 11.998],
							"autoUv": false
						},
						"east": {
							"texture": "#wicker",
							"uv": [5.9375, 6, 10.0625, 11.998],
							"autoUv": false
						},
						"south": {
							"texture": "#wicker",
							"uv": [3, 6, 4, 11.998],
							"autoUv": false
						},
						"west": {
							"texture": "#wicker",
							"uv": [5.9125, 6, 10.0375, 11.998],
							"autoUv": false
						},
						"up": {
							"texture": "#wicker",
							"uv": [13, 10.0625, 12, 5.9375],
							"autoUv": false,
							"rotation": 180
						},
						"down": {
							"texture": "#wicker",
							"uv": [13, 10.0375, 12, 5.9125],
							"autoUv": false,
							"rotation": 180
						}
					},
					"parent": "Side2",
					"rotationY": 45,
					"children": []
				},
				{
					"name": "cube14",
					"from": [5.9375, 4, 12.0125],
					"to": [10.0625, 9, 13.0125],
					"rotationOrigin": [9, 4, 12.0125],
					"faces": {
						"north": {
							"texture": "#wicker",
							"uv": [10.0375, 6, 5.9125, 12],
							"autoUv": false
						},
						"east": {
							"texture": "#wicker",
							"uv": [4, 6, 3, 12],
							"autoUv": false
						},
						"south": {
							"texture": "#wicker",
							"uv": [10.0625, 6, 5.9375, 12],
							"autoUv": false
						},
						"west": {
							"texture": "#wicker",
							"uv": [13, 6, 12, 12],
							"autoUv": false
						},
						"up": {
							"texture": "#wicker",
							"uv": [13, 5.9375, 12, 10.0625],
							"autoUv": false,
							"rotation": 270
						},
						"down": {
							"texture": "#wicker",
							"uv": [13, 5.9125, 12, 10.0375],
							"autoUv": false,
							"rotation": 90
						}
					},
					"parent": "Side2",
					"children": []
				},
				{
					"name": "cube15",
					"from": [9.8125, 4.001, 9.2],
					"to": [10.8125, 8.999, 13.325],
					"rotationOrigin": [10.8125, 4, 12.2625],
					"faces": {
						"north": {
							"texture": "#wicker",
							"uv": [13, 6, 12, 11.998],
							"autoUv": false
						},
						"east": {
							"texture": "#wicker",
							"uv": [10.0375, 6, 5.9125, 11.998],
							"autoUv": false
						},
						"south": {
							"texture": "#wicker",
							"uv": [4, 6, 3, 11.998],
							"autoUv": false
						},
						"west": {
							"texture": "#wicker",
							"uv": [10.0625, 6, 5.9375, 11.998],
							"autoUv": false
						},
						"up": {
							"texture": "#wicker",
							"uv": [12, 10.0625, 13, 5.9375],
							"autoUv": false,
							"rotation": 180
						},
						"down": {
							"texture": "#wicker",
							"uv": [12, 10.0375, 13, 5.9125],
							"autoUv": false,
							"rotation": 180
						}
					},
					"parent": "Side2",
					"rotationY": -45,
					"children": []
				}
			]
		},
		{
			"name": "Side1",
			"rotationOrigin": [4.1125, 0, 10.4625],
			"from": [0, 0, 0],
			"to": [0, 0, 0],
			"parent": null,
			"faces": {
				"north": {
					"texture": "#",
					"uv": [0, 0, 0, 0]
				},
				"east": {
					"texture": "#",
					"uv": [0, 0, 0, 0]
				},
				"south": {
					"texture": "#",
					"uv": [0, 0, 0, 0]
				},
				"west": {
					"texture": "#",
					"uv": [0, 0, 0, 0]
				},
				"up": {
					"texture": "#",
					"uv": [0, 0, 0, 0]
				},
				"down": {
					"texture": "#",
					"uv": [0, 0, 0, 0]
				}
			},
			"children": [
				{
					"name": "cube0",
					"from": [6.1375, 1, 3.5125],
					"to": [9.8625, 4, 4.5125],
					"rotationOrigin": [7, 0, 4.5125],
					"faces": {
						"north": {
							"texture": "#wicker",
							"uv": [6.1375, 12, 9.8625, 15],
							"autoUv": false
						},
						"east": {
							"texture": "#wicker",
							"uv": [11.4875, 12, 12.4875, 15],
							"autoUv": false
						},
						"south": {
							"texture": "#wicker",
							"uv": [6.1375, 12, 9.8625, 15],
							"autoUv": false
						},
						"west": {
							"texture": "#wicker",
							"uv": [3.5125, 12, 4.5125, 15],
							"autoUv": false
						},
						"up": {
							"texture": "#wicker",
							"uv": [6.1375, 3.5125, 7.1375, 7.2375],
							"autoUv": false,
							"rotation": 90
						},
						"down": {
							"texture": "#wicker",
							"uv": [6.1375, 11.4875, 7.1375, 15.2125],
							"autoUv": false,
							"rotation": 270
						}
					},
					"parent": "Side1",
					"children": []
				},
				{
					"name": "cube1",
					"from": [10.8875, 1.001, 9.6],
					"to": [11.8875, 3.999, 13.325],
					"rotationOrigin": [11.8875, 0, 10.4625],
					"faces": {
						"north": {
							"texture": "#wicker",
							"uv": [4.1125, 12.001, 5.1125, 14.999],
							"autoUv": false
						},
						"east": {
							"texture": "#wicker",
							"uv": [2.675, 12.001, 6.4, 14.999],
							"autoUv": false
						},
						"south": {
							"texture": "#wicker",
							"uv": [10.8875, 12.001, 11.8875, 14.999],
							"autoUv": false
						},
						"west": {
							"texture": "#wicker",
							"uv": [9.6, 12.001, 13.325, 14.999],
							"autoUv": false
						},
						"up": {
							"texture": "#wicker",
							"uv": [10.8875, 9.6, 11.8875, 13.325],
							"autoUv": false
						},
						"down": {
							"texture": "#wicker",
							"uv": [10.8875, 2.675, 11.8875, 6.4],
							"autoUv": false
						}
					},
					"parent": "Side1",
					"rotationY": -45,
					"children": []
				},
				{
					"name": "cube2",
					"from": [4.1125, 1.001, 2.675],
					"to": [5.1125, 3.999, 6.4],
					"rotationOrigin": [4.1125, 0, 5.5375],
					"faces": {
						"north": {
							"texture": "#wicker",
							"uv": [10.8875, 12.001, 11.8875, 14.999],
							"autoUv": false
						},
						"east": {
							"texture": "#wicker",
							"uv": [9.6, 12.001, 13.325, 14.999],
							"autoUv": false
						},
						"south": {
							"texture": "#wicker",
							"uv": [4.1125, 12.001, 5.1125, 14.999],
							"autoUv": false
						},
						"west": {
							"texture": "#wicker",
							"uv": [2.675, 12.001, 6.4, 14.999],
							"autoUv": false
						},
						"up": {
							"texture": "#wicker",
							"uv": [4.1125, 2.675, 5.1125, 6.4],
							"autoUv": false
						},
						"down": {
							"texture": "#wicker",
							"uv": [4.1125, 9.6, 5.1125, 13.325],
							"autoUv": false
						}
					},
					"parent": "Side1",
					"rotationY": -45,
					"children": []
				},
				{
					"name": "cube3",
					"from": [11.5, 1, 6.1375],
					"to": [12.5, 4, 9.8625],
					"rotationOrigin": [12.5, 0, 7],
					"faces": {
						"north": {
							"texture": "#wicker",
							"uv": [3.5, 12, 4.5, 15],
							"autoUv": false
						},
						"east": {
							"texture": "#wicker",
							"uv": [6.1375, 12, 9.8625, 15],
							"autoUv": false
						},
						"south": {
							"texture": "#wicker",
							"uv": [11.5, 12, 12.5, 15],
							"autoUv": false
						},
						"west": {
							"texture": "#wicker",
							"uv": [6.1375, 12, 9.8625, 15],
							"autoUv": false
						},
						"up": {
							"texture": "#wicker",
							"uv": [11.5, 6.1375, 12.5, 9.8625],
							"autoUv": false
						},
						"down": {
							"texture": "#wicker",
							"uv": [11.5, 6.1375, 12.5, 9.8625],
							"autoUv": false
						}
					},
					"parent": "Side1",
					"children": []
				},
				{
					"name": "cube4",
					"from": [3.5, 1, 6.1375],
					"to": [4.5, 4, 9.8625],
					"rotationOrigin": [3.5, 0, 7],
					"faces": {
						"north": {
							"texture": "#wicker",
							"uv": [11.5, 12, 12.5, 15],
							"autoUv": false
						},
						"east": {
							"texture": "#wicker",
							"uv": [6.1375, 12, 9.8625, 15],
							"autoUv": false
						},
						"south": {
							"texture": "#wicker",
							"uv": [3.5, 12, 4.5, 15],
							"autoUv": false
						},
						"west": {
							"texture": "#wicker",
							"uv": [6.1375, 12, 9.8625, 15],
							"autoUv": false
						},
						"up": {
							"texture": "#wicker",
							"uv": [3.5, 6.1375, 4.5, 9.8625],
							"autoUv": false
						},
						"down": {
							"texture": "#wicker",
							"uv": [3.5, 6.1375, 4.5, 9.8625],
							"autoUv": false
						}
					},
					"parent": "Side1",
					"children": []
				},
				{
					"name": "cube5",
					"from": [10.8875, 1.001, 2.675],
					"to": [11.8875, 3.999, 6.4],
					"rotationOrigin": [11.8875, 0, 5.5375],
					"faces": {
						"north": {
							"texture": "#wicker",
							"uv": [4.1125, 12.001, 5.1125, 14.999],
							"autoUv": false
						},
						"east": {
							"texture": "#wicker",
							"uv": [9.6, 12.001, 13.325, 14.999],
							"autoUv": false
						},
						"south": {
							"texture": "#wicker",
							"uv": [10.8875, 12.001, 11.8875, 14.999],
							"autoUv": false
						},
						"west": {
							"texture": "#wicker",
							"uv": [2.675, 12.001, 6.4, 14.999],
							"autoUv": false
						},
						"up": {
							"texture": "#wicker",
							"uv": [10.8875, 2.675, 11.8875, 6.4],
							"autoUv": false
						},
						"down": {
							"texture": "#wicker",
							"uv": [10.8875, 9.6, 11.8875, 13.325],
							"autoUv": false
						}
					},
					"parent": "Side1",
					"rotationY": 45,
					"children": []
				},
				{
					"name": "cube6",
					"from": [4.1125, 1.001, 9.6],
					"to": [5.1125, 3.999, 13.325],
					"rotationOrigin": [4.1125, 0, 10.4625],
					"faces": {
						"north": {
							"texture": "#wicker",
							"uv": [10.8875, 12.001, 11.8875, 14.999],
							"autoUv": false
						},
						"east": {
							"texture": "#wicker",
							"uv": [2.675, 12.001, 6.4, 14.999],
							"autoUv": false
						},
						"south": {
							"texture": "#wicker",
							"uv": [4.1125, 12.001, 5.1125, 14.999],
							"autoUv": false
						},
						"west": {
							"texture": "#wicker",
							"uv": [9.6, 12.001, 13.325, 14.999],
							"autoUv": false
						},
						"up": {
							"texture": "#wicker",
							"uv": [4.1125, 9.6, 5.1125, 13.325],
							"autoUv": false
						},
						"down": {
							"texture": "#wicker",
							"uv": [4.1125, 2.675, 5.1125, 6.4],
							"autoUv": false
						}
					},
					"parent": "Side1",
					"rotationY": 45,
					"children": []
				},
				{
					"name": "cube7",
					"from": [6.1375, 1, 11.4875],
					"to": [9.8625, 4, 12.4875],
					"rotationOrigin": [7, 0, 11.4875],
					"faces": {
						"north": {
							"texture": "#wicker",
							"uv": [6.1375, 12, 9.8625, 15],
							"autoUv": false
						},
						"east": {
							"texture": "#wicker",
							"uv": [3.5125, 12, 4.5125, 15],
							"autoUv": false
						},
						"south": {
							"texture": "#wicker",
							"uv": [6.1375, 12, 9.8625, 15],
							"autoUv": false
						},
						"west": {
							"texture": "#wicker",
							"uv": [11.4875, 12, 12.4875, 15],
							"autoUv": false
						},
						"up": {
							"texture": "#wicker",
							"uv": [6.1375, 11.4875, 7.1375, 15.2125],
							"autoUv": false,
							"rotation": 90
						},
						"down": {
							"texture": "#wicker",
							"uv": [6.1375, 3.5125, 7.1375, 7.2375],
							"autoUv": false,
							"rotation": 270
						}
					},
					"parent": "Side1",
					"children": []
				}
			]
		},
		{
			"name": "Neck",
			"rotationOrigin": [4.5, 8, 7],
			"from": [0, 0, 0],
			"to": [0, 0, 0],
			"parent": null,
			"faces": {
				"north": {
					"texture": "#",
					"uv": [0, 0, 0, 0]
				},
				"east": {
					"texture": "#",
					"uv": [0, 0, 0, 0]
				},
				"south": {
					"texture": "#",
					"uv": [0, 0, 0, 0]
				},
				"west": {
					"texture": "#",
					"uv": [0, 0, 0, 0]
				},
				"up": {
					"texture": "#",
					"uv": [0, 0, 0, 0]
				},
				"down": {
					"texture": "#",
					"uv": [0, 0, 0, 0]
				}
			},
			"children": [
				{
					"name": "neck",
					"rotationOrigin": [7.0125, 10, 7.0375],
					"from": [0, 0, 0],
					"to": [0, 0, 0],
					"parent": "Neck",
					"faces": {
						"north": {
							"texture": "#",
							"uv": [0, 0, 0, 0]
						},
						"east": {
							"texture": "#",
							"uv": [0, 0, 0, 0]
						},
						"south": {
							"texture": "#",
							"uv": [0, 0, 0, 0]
						},
						"west": {
							"texture": "#",
							"uv": [0, 0, 0, 0]
						},
						"up": {
							"texture": "#",
							"uv": [0, 0, 0, 0]
						},
						"down": {
							"texture": "#",
							"uv": [0, 0, 0, 0]
						}
					},
					"children": [
						{
							"name": "cube59",
							"from": [8.4, 11.001, 6.0875],
							"to": [9, 13.499, 6.9625],
							"rotationOrigin": [6.9375, 10, 5.525],
							"faces": {
								"north": {
									"texture": "#glass",
									"uv": [10.5, 5, 11.1, 7.498],
									"autoUv": false
								},
								"east": {
									"texture": "#glass",
									"uv": [6.5625, 5, 7.4375, 7.498],
									"autoUv": false
								},
								"south": {
									"texture": "#glass",
									"uv": [4.5, 5, 5.1, 7.498],
									"autoUv": false
								},
								"west": {
									"texture": "#glass",
									"uv": [6.5625, 5, 7.4375, 7.498],
									"autoUv": false
								},
								"up": {
									"texture": "#glass",
									"uv": [4.5, 6.5625, 5.1, 7.4375],
									"autoUv": false
								},
								"down": {
									"texture": "#glass",
									"uv": [4.5, 6.5625, 5.1, 7.4375],
									"autoUv": false
								}
							},
							"parent": "neck",
							"rotationY": -45,
							"children": []
						},
						{
							"name": "cube60",
							"from": [6.95, 11, 7.5625],
							"to": [7.55, 13.5, 8.4375],
							"rotationOrigin": [5.4875, 10, 7],
							"faces": {
								"north": {
									"texture": "#glass",
									"uv": [10.5, 5, 11.1, 7.5],
									"autoUv": false
								},
								"east": {
									"texture": "#glass",
									"uv": [6.5625, 5, 7.4375, 7.5],
									"autoUv": false
								},
								"south": {
									"texture": "#glass",
									"uv": [4.5, 5, 5.1, 7.5],
									"autoUv": false
								},
								"west": {
									"texture": "#glass",
									"uv": [6.5625, 5, 7.4375, 7.5],
									"autoUv": false
								},
								"up": {
									"texture": "#glass",
									"uv": [4.5, 6.5625, 5.1, 7.4375],
									"autoUv": false
								},
								"down": {
									"texture": "#glass",
									"uv": [4.5, 6.5625, 5.1, 7.4375],
									"autoUv": false
								}
							},
							"parent": "neck",
							"children": []
						},
						{
							"name": "cube61",
							"from": [7.0125, 11.001, 6.0875],
							"to": [7.6125, 13.499, 6.9625],
							"rotationOrigin": [9.075, 10, 5.525],
							"faces": {
								"north": {
									"texture": "#glass",
									"uv": [11.1, 5, 10.5, 7.498],
									"autoUv": false
								},
								"east": {
									"texture": "#glass",
									"uv": [7.4375, 5, 6.5625, 7.498],
									"autoUv": false
								},
								"south": {
									"texture": "#glass",
									"uv": [5.1, 5, 4.5, 7.498],
									"autoUv": false
								},
								"west": {
									"texture": "#glass",
									"uv": [7.4375, 5, 6.5625, 7.498],
									"autoUv": false
								},
								"up": {
									"texture": "#glass",
									"uv": [5.1, 6.5625, 4.5, 7.4375],
									"autoUv": false
								},
								"down": {
									"texture": "#glass",
									"uv": [5.1, 6.5625, 4.5, 7.4375],
									"autoUv": false
								}
							},
							"parent": "neck",
							"rotationY": 45,
							"children": []
						},
						{
							"name": "cube62",
							"from": [8.4, 11.001, 9.05],
							"to": [9, 13.499, 9.925],
							"rotationOrigin": [6.9375, 10, 10.4875],
							"faces": {
								"north": {
									"texture": "#glass",
									"uv": [5.1, 5, 4.5, 7.498],
									"autoUv": false
								},
								"east": {
									"texture": "#glass",
									"uv": [7.4375, 5, 6.5625, 7.498],
									"autoUv": false
								},
								"south": {
									"texture": "#glass",
									"uv": [11.1, 5, 10.5, 7.498],
									"autoUv": false
								},
								"west": {
									"texture": "#glass",
									"uv": [7.4375, 5, 6.5625, 7.498],
									"autoUv": false
								},
								"up": {
									"texture": "#glass",
									"uv": [4.5, 7.4375, 5.1, 6.5625],
									"autoUv": false
								},
								"down": {
									"texture": "#glass",
									"uv": [4.5, 7.4375, 5.1, 6.5625],
									"autoUv": false
								}
							},
							"parent": "neck",
							"rotationY": 45,
							"children": []
						},
						{
							"name": "cube63",
							"from": [7.025, 11.001, 9.0625],
							"to": [7.625, 13.499, 9.9375],
							"rotationOrigin": [9.0875, 10, 10.5],
							"faces": {
								"north": {
									"texture": "#glass",
									"uv": [4.5, 5, 5.1, 7.498],
									"autoUv": false
								},
								"east": {
									"texture": "#glass",
									"uv": [6.5625, 5, 7.4375, 7.498],
									"autoUv": false
								},
								"south": {
									"texture": "#glass",
									"uv": [10.5, 5, 11.1, 7.498],
									"autoUv": false
								},
								"west": {
									"texture": "#glass",
									"uv": [6.5625, 5, 7.4375, 7.498],
									"autoUv": false
								},
								"up": {
									"texture": "#glass",
									"uv": [5.1, 7.4375, 4.5, 6.5625],
									"autoUv": false
								},
								"down": {
									"texture": "#glass",
									"uv": [5.1, 7.4375, 4.5, 6.5625],
									"autoUv": false
								}
							},
							"parent": "neck",
							"rotationY": -45,
							"children": []
						},
						{
							"name": "cube64",
							"from": [8.4625, 11, 7.575],
							"to": [9.0625, 13.5, 8.45],
							"rotationOrigin": [10.525, 10, 7.0125],
							"faces": {
								"north": {
									"texture": "#glass",
									"uv": [11.1, 5, 10.5, 7.5],
									"autoUv": false
								},
								"east": {
									"texture": "#glass",
									"uv": [7.4375, 5, 6.5625, 7.5],
									"autoUv": false
								},
								"south": {
									"texture": "#glass",
									"uv": [5.1, 5, 4.5, 7.5],
									"autoUv": false
								},
								"west": {
									"texture": "#glass",
									"uv": [7.4375, 5, 6.5625, 7.5],
									"autoUv": false
								},
								"up": {
									"texture": "#glass",
									"uv": [5.1, 6.5625, 4.5, 7.4375],
									"autoUv": false
								},
								"down": {
									"texture": "#glass",
									"uv": [5.1, 6.5625, 4.5, 7.4375],
									"autoUv": false
								}
							},
							"parent": "neck",
							"children": []
						},
						{
							"name": "cube65",
							"from": [7.575, 11, 8.4625],
							"to": [8.45, 13.5, 9.0625],
							"rotationOrigin": [7.0125, 10, 7],
							"faces": {
								"north": {
									"texture": "#glass",
									"uv": [7.4375, 5, 6.5625, 7.5],
									"autoUv": false
								},
								"east": {
									"texture": "#glass",
									"uv": [5.1, 5, 4.5, 7.5],
									"autoUv": false
								},
								"south": {
									"texture": "#glass",
									"uv": [7.4375, 5, 6.5625, 7.5],
									"autoUv": false
								},
								"west": {
									"texture": "#glass",
									"uv": [11.1, 5, 10.5, 7.5],
									"autoUv": false
								},
								"up": {
									"texture": "#glass",
									"uv": [5.1, 6.5625, 4.5, 7.4375],
									"autoUv": false,
									"rotation": 270
								},
								"down": {
									"texture": "#glass",
									"uv": [5.1, 6.5625, 4.5, 7.4375],
									"autoUv": false,
									"rotation": 90
								}
							},
							"parent": "neck",
							"children": []
						},
						{
							"name": "cube66",
							"from": [7.575, 11, 6.9625],
							"to": [8.45, 13.5, 7.5625],
							"rotationOrigin": [7.0125, 10, 9.025],
							"faces": {
								"north": {
									"texture": "#glass",
									"uv": [6.5625, 5, 7.4375, 7.5],
									"autoUv": false
								},
								"east": {
									"texture": "#glass",
									"uv": [4.5, 5, 5.1, 7.5],
									"autoUv": false
								},
								"south": {
									"texture": "#glass",
									"uv": [6.5625, 5, 7.4375, 7.5],
									"autoUv": false
								},
								"west": {
									"texture": "#glass",
									"uv": [10.5, 5, 11.1, 7.5],
									"autoUv": false
								},
								"up": {
									"texture": "#glass",
									"uv": [4.5, 6.5625, 5.1, 7.4375],
									"autoUv": false,
									"rotation": 270
								},
								"down": {
									"texture": "#glass",
									"uv": [4.5, 6.5625, 5.1, 7.4375],
									"autoUv": false,
									"rotation": 90
								}
							},
							"parent": "neck",
							"children": []
						}
					]
				},
				{
					"name": "cube51",
					"from": [5.5125, 10, 6.9875],
					"to": [6.9625, 11, 9.0125],
					"rotationOrigin": [4.5, 9, 7],
					"faces": {
						"north": {
							"texture": "#glass",
							"uv": [10.5, 5, 11.95, 6],
							"autoUv": false
						},
						"east": {
							"texture": "#glass",
							"uv": [6.5625, 5, 8.5875, 6],
							"autoUv": false
						},
						"south": {
							"texture": "#glass",
							"uv": [4.5, 5, 5.95, 6],
							"autoUv": false
						},
						"west": {
							"texture": "#glass",
							"uv": [6.5625, 5, 8.5875, 6],
							"autoUv": false
						},
						"up": {
							"texture": "#glass",
							"uv": [4.5, 6.5625, 5.95, 8.5875],
							"autoUv": false
						},
						"down": {
							"texture": "#glass",
							"uv": [4.5, 6.5625, 5.95, 8.5875],
							"autoUv": false
						}
					},
					"parent": "Neck",
					"children": []
				},
				{
					"name": "cube52",
					"from": [6.225, 10.001, 4.4],
					"to": [8.6875, 10.999, 7.275],
					"rotationOrigin": [6.225, 9, 4.8375],
					"faces": {
						"north": {
							"texture": "#glass",
							"uv": [8.775, 5.001, 11.2375, 5.999],
							"autoUv": false
						},
						"east": {
							"texture": "#glass",
							"uv": [8.725, 5.001, 11.6, 5.999],
							"autoUv": false
						},
						"south": {
							"texture": "#glass",
							"uv": [6.225, 5.001, 8.6875, 5.999],
							"autoUv": false
						},
						"west": {
							"texture": "#glass",
							"uv": [4.4, 5.001, 7.275, 5.999],
							"autoUv": false
						},
						"up": {
							"texture": "#glass",
							"uv": [6.225, 4.4, 8.6875, 7.275],
							"autoUv": false
						},
						"down": {
							"texture": "#glass",
							"uv": [6.225, 8.725, 8.6875, 11.6],
							"autoUv": false
						}
					},
					"parent": "Neck",
					"rotationY": -45,
					"children": []
				},
				{
					"name": "cube53",
					"from": [9.0375, 10, 7],
					"to": [10.05, 11, 9],
					"rotationOrigin": [11.5, 9, 7],
					"faces": {
						"north": {
							"texture": "#glass",
							"uv": [4.5, 5, 5.5125, 6],
							"autoUv": false
						},
						"east": {
							"texture": "#glass",
							"uv": [6.5625, 5, 8.5625, 6],
							"autoUv": false
						},
						"south": {
							"texture": "#glass",
							"uv": [10.5, 5, 11.5125, 6],
							"autoUv": false
						},
						"west": {
							"texture": "#glass",
							"uv": [6.5625, 5, 8.5625, 6],
							"autoUv": false
						},
						"up": {
							"texture": "#glass",
							"uv": [10.5, 6.5625, 11.5125, 8.5625],
							"autoUv": false
						},
						"down": {
							"texture": "#glass",
							"uv": [10.5, 6.5625, 11.5125, 8.5625],
							"autoUv": false
						}
					},
					"parent": "Neck",
					"children": []
				},
				{
					"name": "cube54",
					"from": [7.3375, 10.001, 4.4],
					"to": [9.775, 10.999, 7.275],
					"rotationOrigin": [9.775, 9, 4.8375],
					"faces": {
						"north": {
							"texture": "#glass",
							"uv": [6.225, 5.001, 8.6625, 5.999],
							"autoUv": false
						},
						"east": {
							"texture": "#glass",
							"uv": [8.725, 5.001, 11.6, 5.999],
							"autoUv": false
						},
						"south": {
							"texture": "#glass",
							"uv": [8.775, 5.001, 11.2125, 5.999],
							"autoUv": false
						},
						"west": {
							"texture": "#glass",
							"uv": [4.4, 5.001, 7.275, 5.999],
							"autoUv": false
						},
						"up": {
							"texture": "#glass",
							"uv": [8.775, 4.4, 11.2125, 7.275],
							"autoUv": false
						},
						"down": {
							"texture": "#glass",
							"uv": [8.775, 8.725, 11.2125, 11.6],
							"autoUv": false
						}
					},
					"parent": "Neck",
					"rotationY": 45,
					"children": []
				},
				{
					"name": "cube55",
					"from": [7.3375, 10.001, 8.725],
					"to": [9.775, 10.999, 11.6],
					"rotationOrigin": [9.775, 9, 11.1625],
					"faces": {
						"north": {
							"texture": "#glass",
							"uv": [6.225, 5.001, 8.6625, 5.999],
							"autoUv": false
						},
						"east": {
							"texture": "#glass",
							"uv": [4.4, 5.001, 7.275, 5.999],
							"autoUv": false
						},
						"south": {
							"texture": "#glass",
							"uv": [8.775, 5.001, 11.2125, 5.999],
							"autoUv": false
						},
						"west": {
							"texture": "#glass",
							"uv": [8.725, 5.001, 11.6, 5.999],
							"autoUv": false
						},
						"up": {
							"texture": "#glass",
							"uv": [8.775, 8.725, 11.2125, 11.6],
							"autoUv": false
						},
						"down": {
							"texture": "#glass",
							"uv": [8.775, 4.4, 11.2125, 7.275],
							"autoUv": false
						}
					},
					"parent": "Neck",
					"rotationY": -45,
					"children": []
				},
				{
					"name": "cube56",
					"from": [6.225, 10.001, 8.725],
					"to": [8.6875, 10.999, 11.6],
					"rotationOrigin": [6.225, 9, 11.1625],
					"faces": {
						"north": {
							"texture": "#glass",
							"uv": [8.775, 5.001, 11.2375, 5.999],
							"autoUv": false
						},
						"east": {
							"texture": "#glass",
							"uv": [4.4, 5.001, 7.275, 5.999],
							"autoUv": false
						},
						"south": {
							"texture": "#glass",
							"uv": [6.225, 5.001, 8.6875, 5.999],
							"autoUv": false
						},
						"west": {
							"texture": "#glass",
							"uv": [8.725, 5.001, 11.6, 5.999],
							"autoUv": false
						},
						"up": {
							"texture": "#glass",
							"uv": [6.225, 8.725, 8.6875, 11.6],
							"autoUv": false
						},
						"down": {
							"texture": "#glass",
							"uv": [6.225, 4.4, 8.6875, 7.275],
							"autoUv": false
						}
					},
					"parent": "Neck",
					"rotationY": 45,
					"children": []
				},
				{
					"name": "cube57",
					"from": [6.5375, 10, 9.0125],
					"to": [9.4625, 11, 11.475],
					"rotationOrigin": [7, 9, 10.475],
					"faces": {
						"north": {
							"texture": "#glass",
							"uv": [6.5375, 5, 9.4625, 6],
							"autoUv": false
						},
						"east": {
							"texture": "#glass",
							"uv": [4.525, 5, 6.9875, 6],
							"autoUv": false
						},
						"south": {
							"texture": "#glass",
							"uv": [6.5375, 5, 9.4625, 6],
							"autoUv": false
						},
						"west": {
							"texture": "#glass",
							"uv": [10.475, 5, 12.9375, 6],
							"autoUv": false
						},
						"up": {
							"texture": "#glass",
							"uv": [6.5375, 10.475, 9, 13.4],
							"autoUv": false,
							"rotation": 90
						},
						"down": {
							"texture": "#glass",
							"uv": [6.5375, 4.525, 9, 7.45],
							"autoUv": false,
							"rotation": 270
						}
					},
					"parent": "Neck",
					"children": []
				},
				{
					"name": "cube58",
					"from": [6.5375, 10, 4.525],
					"to": [9.4625, 11, 6.9875],
					"rotationOrigin": [7, 9, 10.475],
					"faces": {
						"north": {
							"texture": "#glass",
							"uv": [6.5375, 5, 9.4625, 6],
							"autoUv": false
						},
						"east": {
							"texture": "#glass",
							"uv": [4.525, 5, 6.9875, 6],
							"autoUv": false
						},
						"south": {
							"texture": "#glass",
							"uv": [6.5375, 5, 9.4625, 6],
							"autoUv": false
						},
						"west": {
							"texture": "#glass",
							"uv": [10.475, 5, 12.9375, 6],
							"autoUv": false
						},
						"up": {
							"texture": "#glass",
							"uv": [6.5375, 10.475, 9, 13.4],
							"autoUv": false,
							"rotation": 90
						},
						"down": {
							"texture": "#glass",
							"uv": [6.5375, 4.525, 9, 7.45],
							"autoUv": false,
							"rotation": 270
						}
					},
					"parent": "Neck",
					"children": []
				},
				{
					"name": "cube67",
					"from": [10.05, 10, 6.5625],
					"to": [11.5, 11, 9.4375],
					"rotationOrigin": [11.5, 9, 7],
					"faces": {
						"north": {
							"texture": "#glass",
							"uv": [4.5, 5, 5.95, 6],
							"autoUv": false
						},
						"east": {
							"texture": "#glass",
							"uv": [6.5625, 5, 9.4375, 6],
							"autoUv": false
						},
						"south": {
							"texture": "#glass",
							"uv": [10.5, 5, 11.95, 6],
							"autoUv": false
						},
						"west": {
							"texture": "#glass",
							"uv": [6.5625, 5, 9.4375, 6],
							"autoUv": false
						},
						"up": {
							"texture": "#glass",
							"uv": [10.5, 6.5625, 11.95, 9.4375],
							"autoUv": false
						},
						"down": {
							"texture": "#glass",
							"uv": [10.5, 6.5625, 11.95, 9.4375],
							"autoUv": false
						}
					},
					"parent": "Neck",
					"children": []
				},
				{
					"name": "cube68",
					"from": [4.0625, 10, 6.5625],
					"to": [5.5125, 11, 9.4375],
					"rotationOrigin": [5.5125, 9, 7],
					"faces": {
						"north": {
							"texture": "#glass",
							"uv": [4.5, 5, 5.95, 6],
							"autoUv": false
						},
						"east": {
							"texture": "#glass",
							"uv": [6.5625, 5, 9.4375, 6],
							"autoUv": false
						},
						"south": {
							"texture": "#glass",
							"uv": [10.5, 5, 11.95, 6],
							"autoUv": false
						},
						"west": {
							"texture": "#glass",
							"uv": [6.5625, 5, 9.4375, 6],
							"autoUv": false
						},
						"up": {
							"texture": "#glass",
							"uv": [10.5, 6.5625, 11.95, 9.4375],
							"autoUv": false
						},
						"down": {
							"texture": "#glass",
							"uv": [10.5, 6.5625, 11.95, 9.4375],
							"autoUv": false
						}
					},
					"parent": "Neck",
					"children": []
				}
			]
		},
		{
			"name": "Lip",
			"rotationOrigin": [4.1125, 0, 10.4625],
			"from": [0, 0, 0],
			"to": [0, 0, 0],
			"parent": null,
			"faces": {
				"north": {
					"texture": "#",
					"uv": [0, 0, 0, 0]
				},
				"east": {
					"texture": "#",
					"uv": [0, 0, 0, 0]
				},
				"south": {
					"texture": "#",
					"uv": [0, 0, 0, 0]
				},
				"west": {
					"texture": "#",
					"uv": [0, 0, 0, 0]
				},
				"up": {
					"texture": "#",
					"uv": [0, 0, 0, 0]
				},
				"down": {
					"texture": "#",
					"uv": [0, 0, 0, 0]
				}
			},
			"children": [
				{
					"name": "cube23",
					"from": [6.1375, 9, 11.4875],
					"to": [9.8625, 10, 12.4875],
					"rotationOrigin": [7, 8, 11.4875],
					"faces": {
						"north": {
							"texture": "#wicker",
							"uv": [6.1375, 12, 9.8625, 13],
							"autoUv": false
						},
						"east": {
							"texture": "#wicker",
							"uv": [3.5125, 12, 4.5125, 13],
							"autoUv": false
						},
						"south": {
							"texture": "#wicker",
							"uv": [6.1375, 12, 9.8625, 13],
							"autoUv": false
						},
						"west": {
							"texture": "#wicker",
							"uv": [11.4875, 12, 12.4875, 13],
							"autoUv": false
						},
						"up": {
							"texture": "#wicker",
							"uv": [6.1375, 11.4875, 7.1375, 15.2125],
							"autoUv": false,
							"rotation": 90
						},
						"down": {
							"texture": "#wicker",
							"uv": [6.1375, 3.5125, 7.1375, 7.2375],
							"autoUv": false,
							"rotation": 270
						}
					},
					"parent": "Lip",
					"children": []
				},
				{
					"name": "cube24",
					"from": [4.1125, 9.001, 2.675],
					"to": [5.1125, 9.999, 6.4],
					"rotationOrigin": [4.1125, 8, 5.5375],
					"faces": {
						"north": {
							"texture": "#wicker",
							"uv": [10.8875, 12.001, 11.8875, 12.999],
							"autoUv": false
						},
						"east": {
							"texture": "#wicker",
							"uv": [9.6, 12.001, 13.325, 12.999],
							"autoUv": false
						},
						"south": {
							"texture": "#wicker",
							"uv": [4.1125, 12.001, 5.1125, 12.999],
							"autoUv": false
						},
						"west": {
							"texture": "#wicker",
							"uv": [2.675, 12.001, 6.4, 12.999],
							"autoUv": false
						},
						"up": {
							"texture": "#wicker",
							"uv": [4.1125, 2.675, 5.1125, 6.4],
							"autoUv": false
						},
						"down": {
							"texture": "#wicker",
							"uv": [4.1125, 9.6, 5.1125, 13.325],
							"autoUv": false
						}
					},
					"parent": "Lip",
					"rotationY": -45,
					"children": []
				},
				{
					"name": "cube25",
					"from": [10.8875, 9.001, 9.6],
					"to": [11.8875, 9.999, 13.325],
					"rotationOrigin": [11.8875, 8, 10.4625],
					"faces": {
						"north": {
							"texture": "#wicker",
							"uv": [4.1125, 12.001, 5.1125, 12.999],
							"autoUv": false
						},
						"east": {
							"texture": "#wicker",
							"uv": [2.675, 12.001, 6.4, 12.999],
							"autoUv": false
						},
						"south": {
							"texture": "#wicker",
							"uv": [10.8875, 12.001, 11.8875, 12.999],
							"autoUv": false
						},
						"west": {
							"texture": "#wicker",
							"uv": [9.6, 12.001, 13.325, 12.999],
							"autoUv": false
						},
						"up": {
							"texture": "#wicker",
							"uv": [10.8875, 9.6, 11.8875, 13.325],
							"autoUv": false
						},
						"down": {
							"texture": "#wicker",
							"uv": [10.8875, 2.675, 11.8875, 6.4],
							"autoUv": false
						}
					},
					"parent": "Lip",
					"rotationY": -45,
					"children": []
				},
				{
					"name": "cube26",
					"from": [10.8875, 9.001, 2.675],
					"to": [11.8875, 9.999, 6.4],
					"rotationOrigin": [11.8875, 8, 5.5375],
					"faces": {
						"north": {
							"texture": "#wicker",
							"uv": [4.1125, 12.001, 5.1125, 12.999],
							"autoUv": false
						},
						"east": {
							"texture": "#wicker",
							"uv": [9.6, 12.001, 13.325, 12.999],
							"autoUv": false
						},
						"south": {
							"texture": "#wicker",
							"uv": [10.8875, 12.001, 11.8875, 12.999],
							"autoUv": false
						},
						"west": {
							"texture": "#wicker",
							"uv": [2.675, 12.001, 6.4, 12.999],
							"autoUv": false
						},
						"up": {
							"texture": "#wicker",
							"uv": [10.8875, 2.675, 11.8875, 6.4],
							"autoUv": false
						},
						"down": {
							"texture": "#wicker",
							"uv": [10.8875, 9.6, 11.8875, 13.325],
							"autoUv": false
						}
					},
					"parent": "Lip",
					"rotationY": 45,
					"children": []
				},
				{
					"name": "cube27",
					"from": [11.5, 9, 6.1375],
					"to": [12.5, 10, 9.8625],
					"rotationOrigin": [12.5, 8, 7],
					"faces": {
						"north": {
							"texture": "#wicker",
							"uv": [3.5, 12, 4.5, 13],
							"autoUv": false
						},
						"east": {
							"texture": "#wicker",
							"uv": [6.1375, 12, 9.8625, 13],
							"autoUv": false
						},
						"south": {
							"texture": "#wicker",
							"uv": [11.5, 12, 12.5, 13],
							"autoUv": false
						},
						"west": {
							"texture": "#wicker",
							"uv": [6.1375, 12, 9.8625, 13],
							"autoUv": false
						},
						"up": {
							"texture": "#wicker",
							"uv": [11.5, 6.1375, 12.5, 9.8625],
							"autoUv": false
						},
						"down": {
							"texture": "#wicker",
							"uv": [11.5, 6.1375, 12.5, 9.8625],
							"autoUv": false
						}
					},
					"parent": "Lip",
					"children": []
				},
				{
					"name": "cube28",
					"from": [3.5, 9, 6.1375],
					"to": [4.5, 10, 9.8625],
					"rotationOrigin": [3.5, 8, 7],
					"faces": {
						"north": {
							"texture": "#wicker",
							"uv": [11.5, 12, 12.5, 13],
							"autoUv": false
						},
						"east": {
							"texture": "#wicker",
							"uv": [6.1375, 12, 9.8625, 13],
							"autoUv": false
						},
						"south": {
							"texture": "#wicker",
							"uv": [3.5, 12, 4.5, 13],
							"autoUv": false
						},
						"west": {
							"texture": "#wicker",
							"uv": [6.1375, 12, 9.8625, 13],
							"autoUv": false
						},
						"up": {
							"texture": "#wicker",
							"uv": [3.5, 6.1375, 4.5, 9.8625],
							"autoUv": false
						},
						"down": {
							"texture": "#wicker",
							"uv": [3.5, 6.1375, 4.5, 9.8625],
							"autoUv": false
						}
					},
					"parent": "Lip",
					"children": []
				},
				{
					"name": "cube29",
					"from": [4.1125, 9.001, 9.6],
					"to": [5.1125, 9.999, 13.325],
					"rotationOrigin": [4.1125, 8, 10.4625],
					"faces": {
						"north": {
							"texture": "#wicker",
							"uv": [10.8875, 12.001, 11.8875, 12.999],
							"autoUv": false
						},
						"east": {
							"texture": "#wicker",
							"uv": [2.675, 12.001, 6.4, 12.999],
							"autoUv": false
						},
						"south": {
							"texture": "#wicker",
							"uv": [4.1125, 12.001, 5.1125, 12.999],
							"autoUv": false
						},
						"west": {
							"texture": "#wicker",
							"uv": [9.6, 12.001, 13.325, 12.999],
							"autoUv": false
						},
						"up": {
							"texture": "#wicker",
							"uv": [4.1125, 9.6, 5.1125, 13.325],
							"autoUv": false
						},
						"down": {
							"texture": "#wicker",
							"uv": [4.1125, 2.675, 5.1125, 6.4],
							"autoUv": false
						}
					},
					"parent": "Lip",
					"rotationY": 45,
					"children": []
				},
				{
					"name": "cube50",
					"from": [6.1375, 9, 3.5125],
					"to": [9.8625, 10, 4.5125],
					"rotationOrigin": [7, 8, 4.5125],
					"faces": {
						"north": {
							"texture": "#wicker",
							"uv": [6.1375, 12, 9.8625, 13],
							"autoUv": false
						},
						"east": {
							"texture": "#wicker",
							"uv": [11.4875, 12, 12.4875, 13],
							"autoUv": false
						},
						"south": {
							"texture": "#wicker",
							"uv": [6.1375, 12, 9.8625, 13],
							"autoUv": false
						},
						"west": {
							"texture": "#wicker",
							"uv": [3.5125, 12, 4.5125, 13],
							"autoUv": false
						},
						"up": {
							"texture": "#wicker",
							"uv": [6.1375, 3.5125, 7.1375, 7.2375],
							"autoUv": false,
							"rotation": 90
						},
						"down": {
							"texture": "#wicker",
							"uv": [6.1375, 11.4875, 7.1375, 15.2125],
							"autoUv": false,
							"rotation": 270
						}
					},
					"parent": "Lip",
					"children": []
				}
			]
		},
		{
			"name": "Bottom",
			"rotationOrigin": [4.1125, 0, 10.4625],
			"from": [0, 0, 0],
			"to": [0, 0, 0],
			"parent": null,
			"faces": {
				"north": {
					"texture": "#",
					"uv": [0, 0, 0, 0]
				},
				"east": {
					"texture": "#",
					"uv": [0, 0, 0, 0]
				},
				"south": {
					"texture": "#",
					"uv": [0, 0, 0, 0]
				},
				"west": {
					"texture": "#",
					"uv": [0, 0, 0, 0]
				},
				"up": {
					"texture": "#",
					"uv": [0, 0, 0, 0]
				},
				"down": {
					"texture": "#",
					"uv": [0, 0, 0, 0]
				}
			},
			"children": [
				{
					"name": "cube16",
					"from": [6.1375, 0, 3.5125],
					"to": [9.8625, 1, 12.4875],
					"rotationOrigin": [7, 0, 4.5125],
					"faces": {
						"north": {
							"texture": "#wicker",
							"uv": [6.1375, 15, 9.8625, 16],
							"autoUv": false
						},
						"east": {
							"texture": "#wicker",
							"uv": [7.025, 15, 16, 16],
							"autoUv": false
						},
						"south": {
							"texture": "#wicker",
							"uv": [6.1375, 15, 9.8625, 16],
							"autoUv": false
						},
						"west": {
							"texture": "#wicker",
							"uv": [3.5125, 15, 12.4875, 16],
							"autoUv": false
						},
						"up": {
							"texture": "#wicker",
							"uv": [6.1375, 3.5125, 15.1125, 7.2375],
							"autoUv": false,
							"rotation": 90
						},
						"down": {
							"texture": "#wicker",
							"uv": [6.1375, 3.5125, 15.1125, 7.2375],
							"autoUv": false,
							"rotation": 270
						}
					},
					"parent": "Bottom",
					"children": []
				},
				{
					"name": "cube17",
					"from": [4.1125, 0.001, 2.675],
					"to": [5.875, 0.999, 6.4],
					"rotationOrigin": [4.1125, 0, 5.5375],
					"faces": {
						"north": {
							"texture": "#wicker",
							"uv": [10.8875, 15.001, 12.65, 15.999],
							"autoUv": false
						},
						"east": {
							"texture": "#wicker",
							"uv": [9.6, 15.001, 13.325, 15.999],
							"autoUv": false
						},
						"south": {
							"texture": "#wicker",
							"uv": [4.1125, 15.001, 5.875, 15.999],
							"autoUv": false
						},
						"west": {
							"texture": "#wicker",
							"uv": [2.675, 15.001, 6.4, 15.999],
							"autoUv": false
						},
						"up": {
							"texture": "#wicker",
							"uv": [4.1125, 2.675, 5.875, 6.4],
							"autoUv": false
						},
						"down": {
							"texture": "#wicker",
							"uv": [4.1125, 9.6, 5.875, 13.325],
							"autoUv": false
						}
					},
					"parent": "Bottom",
					"rotationY": -45,
					"children": []
				},
				{
					"name": "cube18",
					"from": [10.125, 0.001, 9.6],
					"to": [11.8875, 0.999, 13.325],
					"rotationOrigin": [11.8875, 0, 10.4625],
					"faces": {
						"north": {
							"texture": "#wicker",
							"uv": [4.1125, 15.001, 5.875, 15.999],
							"autoUv": false
						},
						"east": {
							"texture": "#wicker",
							"uv": [2.675, 15.001, 6.4, 15.999],
							"autoUv": false
						},
						"south": {
							"texture": "#wicker",
							"uv": [10.8875, 15.001, 12.65, 15.999],
							"autoUv": false
						},
						"west": {
							"texture": "#wicker",
							"uv": [9.6, 15.001, 13.325, 15.999],
							"autoUv": false
						},
						"up": {
							"texture": "#wicker",
							"uv": [10.8875, 9.6, 12.65, 13.325],
							"autoUv": false
						},
						"down": {
							"texture": "#wicker",
							"uv": [10.8875, 2.675, 12.65, 6.4],
							"autoUv": false
						}
					},
					"parent": "Bottom",
					"rotationY": -45,
					"children": []
				},
				{
					"name": "cube19",
					"from": [10.125, 0.001, 2.675],
					"to": [11.8875, 0.999, 6.4],
					"rotationOrigin": [11.8875, 0, 5.5375],
					"faces": {
						"north": {
							"texture": "#wicker",
							"uv": [4.1125, 15.001, 5.875, 15.999],
							"autoUv": false
						},
						"east": {
							"texture": "#wicker",
							"uv": [9.6, 15.001, 13.325, 15.999],
							"autoUv": false
						},
						"south": {
							"texture": "#wicker",
							"uv": [10.8875, 15.001, 12.65, 15.999],
							"autoUv": false
						},
						"west": {
							"texture": "#wicker",
							"uv": [2.675, 15.001, 6.4, 15.999],
							"autoUv": false
						},
						"up": {
							"texture": "#wicker",
							"uv": [10.8875, 2.675, 12.65, 6.4],
							"autoUv": false
						},
						"down": {
							"texture": "#wicker",
							"uv": [10.8875, 9.6, 12.65, 13.325],
							"autoUv": false
						}
					},
					"parent": "Bottom",
					"rotationY": 45,
					"children": []
				},
				{
					"name": "cube20",
					"from": [9.8625, 0, 6.1375],
					"to": [12.5, 1, 9.8625],
					"rotationOrigin": [12.5, 0, 7],
					"faces": {
						"north": {
							"texture": "#wicker",
							"uv": [3.5, 15, 6.1375, 16],
							"autoUv": false
						},
						"east": {
							"texture": "#wicker",
							"uv": [6.1375, 15, 9.8625, 16],
							"autoUv": false
						},
						"south": {
							"texture": "#wicker",
							"uv": [11.5, 15, 14.1375, 16],
							"autoUv": false
						},
						"west": {
							"texture": "#wicker",
							"uv": [6.1375, 15, 9.8625, 16],
							"autoUv": false
						},
						"up": {
							"texture": "#wicker",
							"uv": [11.5, 6.1375, 14.1375, 9.8625],
							"autoUv": false
						},
						"down": {
							"texture": "#wicker",
							"uv": [11.5, 6.1375, 14.1375, 9.8625],
							"autoUv": false
						}
					},
					"parent": "Bottom",
					"children": []
				},
				{
					"name": "cube21",
					"from": [3.5, 0, 6.1375],
					"to": [6.1375, 1, 9.8625],
					"rotationOrigin": [3.5, 0, 7],
					"faces": {
						"north": {
							"texture": "#wicker",
							"uv": [11.5, 15, 14.1375, 16],
							"autoUv": false
						},
						"east": {
							"texture": "#wicker",
							"uv": [6.1375, 15, 9.8625, 16],
							"autoUv": false
						},
						"south": {
							"texture": "#wicker",
							"uv": [3.5, 15, 6.1375, 16],
							"autoUv": false
						},
						"west": {
							"texture": "#wicker",
							"uv": [6.1375, 15, 9.8625, 16],
							"autoUv": false
						},
						"up": {
							"texture": "#wicker",
							"uv": [3.5, 6.1375, 6.1375, 9.8625],
							"autoUv": false
						},
						"down": {
							"texture": "#wicker",
							"uv": [3.5, 6.1375, 6.1375, 9.8625],
							"autoUv": false
						}
					},
					"parent": "Bottom",
					"children": []
				},
				{
					"name": "cube22",
					"from": [4.1125, 0.001, 9.6],
					"to": [5.875, 0.999, 13.325],
					"rotationOrigin": [4.1125, 0, 10.4625],
					"faces": {
						"north": {
							"texture": "#wicker",
							"uv": [10.8875, 15.001, 12.65, 15.999],
							"autoUv": false
						},
						"east": {
							"texture": "#wicker",
							"uv": [2.675, 15.001, 6.4, 15.999],
							"autoUv": false
						},
						"south": {
							"texture": "#wicker",
							"uv": [4.1125, 15.001, 5.875, 15.999],
							"autoUv": false
						},
						"west": {
							"texture": "#wicker",
							"uv": [9.6, 15.001, 13.325, 15.999],
							"autoUv": false
						},
						"up": {
							"texture": "#wicker",
							"uv": [4.1125, 9.6, 5.875, 13.325],
							"autoUv": false
						},
						"down": {
							"texture": "#wicker",
							"uv": [4.1125, 2.675, 5.875, 6.4],
							"autoUv": false
						}
					},
					"parent": "Bottom",
					"rotationY": 45,
					"children": []
				}
			]
		}
	],
	"animations": []
}