[
  {
    "op": "replace",
    "path": "/server/behaviors/3/hoursToDecay",
    "value": 4,
    "file": "game:entities/land/locust.json"
  },
  {
    "op": "add",
    "path": "/dropsByType/*-bronze",
    "value": [
      {
        "type": "block",
        "code": "game:metal-scraps",
        "quantity": {
          "avg": 0.1,
          "var": 0.0
        }
      },
      {
        "type": "block",
        "code": "game:metal-parts",
        "quantity": {
          "avg": 0.05,
          "var": 0.0
        }
      },
      {
        "type": "item",
        "code": "game:gear-rusty",
        "quantity": {
          "avg": 0.08,
          "var": 0
        }
      },
	  {
        "type": "item",
        "code": "locustmod:bulb",
        "quantity": {
          "avg": 0.15,
          "var": 0
        }
      },
	  {
        "type": "item",
        "code": "locustmod:plating",
        "quantity": {
          "avg": 0.012,
          "var": 0
        }
      },
      {
        "type": "block",
        "code": "locustmod:ancientparts",
        "quantity": {
          "avg": 0.07,
          "var": 0
        }
      }
    ],
    "file": "game:entities/land/locust.json"
  },
  {
    "op": "add",
    "path": "/dropsByType/*-corrupt",
    "value": [
      {
        "type": "block",
        "code": "game:metal-scraps",
        "quantity": {
          "avg": 0.15,
          "var": 0
        }
      },
      {
        "type": "block",
        "code": "game:metal-parts",
        "quantity": {
          "avg": 0.08,
          "var": 0
        }
      },
      {
        "type": "item",
        "code": "game:gear-rusty",
        "quantity": {
          "avg": 0.1,
          "var": 0
        }
      },
	  {
        "type": "item",
        "code": "locustmod:bulb",
        "quantity": {
          "avg": 0.2,
          "var": 0
        }
      },
	  {
        "type": "item",
        "code": "locustmod:plating",
        "quantity": {
          "avg": 0.025,
          "var": 0
        }
      },
      {
        "type": "block",
        "code": "locustmod:ancientparts",
        "quantity": {
          "avg": 0.09,
          "var": 0
        }
      }
    ],
    "file": "game:entities/land/locust.json"
  },
  {
    "op": "replace",
    "path": "/dropsByType/locust-corrupt-sawblade",
    "value": [
      {
        "type": "item",
        "code": "gear-rusty",
        "quantity": {
          "avg": 1,
          "var": 1
        }
      },
      {
        "type": "block",
        "code": "metal-parts",
        "quantity": {
          "avg": 0.5,
          "var": 0.25
        }
      },
      {
        "type": "block",
        "code": "metal-scraps",
        "quantity": {
          "avg": 0.75,
          "var": 0.5
        }
      },
	  {
        "type": "item",
        "code": "locustmod:plating",
        "quantity": {
          "avg": 0.1,
          "var": 0
        }
      },
      {
        "type": "block",
        "code": "locustmod:ancientparts",
        "quantity": {
          "avg": 0.8,
          "var": 0
        }
      }
    ],
    "file": "game:entities/land/locust.json"
  }
]