﻿[

  {
    "op": "addeach",
    "path": "/ingredients/1/validStacks/-",
    "value": [
        {
            "type": "item",
            "code": "expandedfoods:wilddryfruit-elderberry",
            "shapeElement": "bowl/fruit 1/*",
            "textureMapping": [
                "fruit",
                "group16"
            ]
        },
        {
            "type": "item",
            "code": "expandedfoods:wilddryfruit-snowberry",
            "shapeElement": "bowl/fruit 1/*",
            "textureMapping": [
                "fruit",
                "group17"
            ]
        },
        {
            "type": "item",
            "code": "expandedfoods:wilddryfruit-cloudberry",
            "shapeElement": "bowl/fruit 1/*",
            "textureMapping": [
                "fruit",
                "group18"
            ]
        },
        {
            "type": "item",
            "code": "expandedfoods:wilddryfruit-raspberry",
            "shapeElement": "bowl/fruit 1/*",
            "textureMapping": [
                "fruit",
                "group19"
            ]
        },
        {
            "type": "item",
            "code": "expandedfoods:wilddryfruit-dogrose",
            "shapeElement": "bowl/fruit 1/*",
            "textureMapping": [
                "fruit",
                "group20"
            ]
        },
        {
            "type": "item",
            "code": "expandedfoods:wilddryfruit-brambleberry",
            "shapeElement": "bowl/fruit 1/*",
            "textureMapping": [
                "fruit",
                "group21"
            ]
        },
        {
            "type": "item",
            "code": "expandedfoods:wilddryfruit-honeysuckle",
            "shapeElement": "bowl/fruit 1/*",
            "textureMapping": [
                "fruit",
                "group22"
            ]
        },
        {
            "type": "item",
            "code": "expandedfoods:wilddryfruit-gooseberry",
            "shapeElement": "bowl/fruit 1/*",
            "textureMapping": [
                "fruit",
                "group23"
            ]
        },   
        {
            "type": "item",
            "code": "expandedfoods:wilddryfruit-huckleberry",
            "shapeElement": "bowl/fruit 1/*",
            "textureMapping": [
                "fruit",
                "group24"
            ]
        },
        {
            "type": "item",
            "code": "expandedfoods:wilddryfruit-strawberry",
            "shapeElement": "bowl/fruit 1/*",
            "textureMapping": [
                "fruit",
                "group25"
            ]
        },
        {
            "type": "item",
            "code": "expandedfoods:wilddryfruit-blueraspberry",
            "shapeElement": "bowl/fruit 1/*",
            "textureMapping": [
                "fruit",
                "fill-blueraspberry"
            ]
        },
        {
            "type": "item",
            "code": "expandedfoods:wilddryfruit-crowberry",
            "shapeElement": "bowl/fruit 1/*",
            "textureMapping": [
                "fruit",
                "fill-crowberry"
            ]
        },
        {
            "type": "item",
            "code": "expandedfoods:wilddryfruit-bunchberry",
            "shapeElement": "bowl/fruit 1/*",
            "textureMapping": [
                "fruit",
                "fill-bunchberry"
            ]
        },
        {
            "type": "item",
            "code": "expandedfoods:wilddryfruit-husktomato",
            "shapeElement": "bowl/fruit 1/*",
            "textureMapping": [
                "fruit",
                "fill-husktomato"
            ]
        },
        {
            "type": "item",
            "code": "expandedfoods:wilddryfruit-wolfberry",
            "shapeElement": "bowl/fruit 1/*",
            "textureMapping": [
                "fruit",
                "fill-wolfberry"
            ]
        },
        {
            "type": "item",
            "code": "expandedfoods:wilddehydratedfruit-elderberry",
            "shapeElement": "bowl/fruit 1/*",
            "textureMapping": [
                "fruit",
                "group16"
            ]
        },
        {
            "type": "item",
            "code": "expandedfoods:wilddehydratedfruit-snowberry",
            "shapeElement": "bowl/fruit 1/*",
            "textureMapping": [
                "fruit",
                "group17"
            ]
        },
        {
            "type": "item",
            "code": "expandedfoods:wilddehydratedfruit-cloudberry",
            "shapeElement": "bowl/fruit 1/*",
            "textureMapping": [
                "fruit",
                "group18"
            ]
        },
        {
            "type": "item",
            "code": "expandedfoods:wilddehydratedfruit-raspberry",
            "shapeElement": "bowl/fruit 1/*",
            "textureMapping": [
                "fruit",
                "group19"
            ]
        },
        {
            "type": "item",
            "code": "expandedfoods:wilddehydratedfruit-dogrose",
            "shapeElement": "bowl/fruit 1/*",
            "textureMapping": [
                "fruit",
                "group20"
            ]
        },
        {
            "type": "item",
            "code": "expandedfoods:wilddehydratedfruit-brambleberry",
            "shapeElement": "bowl/fruit 1/*",
            "textureMapping": [
                "fruit",
                "group21"
            ]
        },
        {
            "type": "item",
            "code": "expandedfoods:wilddehydratedfruit-honeysuckle",
            "shapeElement": "bowl/fruit 1/*",
            "textureMapping": [
                "fruit",
                "group22"
            ]
        },
        {
            "type": "item",
            "code": "expandedfoods:wilddehydratedfruit-gooseberry",
            "shapeElement": "bowl/fruit 1/*",
            "textureMapping": [
                "fruit",
                "group23"
            ]
        },   
        {
            "type": "item",
            "code": "expandedfoods:wilddehydratedfruit-huckleberry",
            "shapeElement": "bowl/fruit 1/*",
            "textureMapping": [
                "fruit",
                "group24"
            ]
        },
        {
            "type": "item",
            "code": "expandedfoods:wilddehydratedfruit-strawberry",
            "shapeElement": "bowl/fruit 1/*",
            "textureMapping": [
                "fruit",
                "group25"
            ]
        },
        {
            "type": "item",
            "code": "expandedfoods:wilddehydratedfruit-blueraspberry",
            "shapeElement": "bowl/fruit 1/*",
            "textureMapping": [
                "fruit",
                "fill-blueraspberry"
            ]
        },
        {
            "type": "item",
            "code": "expandedfoods:wilddehydratedfruit-crowberry",
            "shapeElement": "bowl/fruit 1/*",
            "textureMapping": [
                "fruit",
                "fill-crowberry"
            ]
        },
        {
            "type": "item",
            "code": "expandedfoods:wilddehydratedfruit-bunchberry",
            "shapeElement": "bowl/fruit 1/*",
            "textureMapping": [
                "fruit",
                "fill-bunchberry"
            ]
        },
        {
            "type": "item",
            "code": "expandedfoods:wilddehydratedfruit-husktomato",
            "shapeElement": "bowl/fruit 1/*",
            "textureMapping": [
                "fruit",
                "fill-husktomato"
            ]
        },
        {
            "type": "item",
            "code": "expandedfoods:wilddehydratedfruit-wolfberry",
            "shapeElement": "bowl/fruit 1/*",
            "textureMapping": [
                "fruit",
                "fill-wolfberry"
            ]
        },
    ],
    "file": "game:recipes/cooking/porridge.json",
    "side": "server",
    dependsOn: [{ "modid": "wildcraft" }]
  },
  {
    "op": "addeach",
    "path": "/ingredients/2/validStacks/-",
    "value": [
        {
            "type": "item",
            "code": "expandedfoods:wilddryfruit-elderberry",
            "shapeElement": "bowl/fruit 2/*",
            "textureMapping": [
                "fruit",
                "group16"
            ]
        },
        {
            "type": "item",
            "code": "expandedfoods:wilddryfruit-snowberry",
            "shapeElement": "bowl/fruit 2/*",
            "textureMapping": [
                "fruit",
                "group17"
            ]
        },
        {
            "type": "item",
            "code": "expandedfoods:wilddryfruit-cloudberry",
            "shapeElement": "bowl/fruit 2/*",
            "textureMapping": [
                "fruit",
                "group18"
            ]
        },
        {
            "type": "item",
            "code": "expandedfoods:wilddryfruit-raspberry",
            "shapeElement": "bowl/fruit 2/*",
            "textureMapping": [
                "fruit",
                "group19"
            ]
        },
        {
            "type": "item",
            "code": "expandedfoods:wilddryfruit-dogrose",
            "shapeElement": "bowl/fruit 2/*",
            "textureMapping": [
                "fruit",
                "group20"
            ]
        },
        {
            "type": "item",
            "code": "expandedfoods:wilddryfruit-brambleberry",
            "shapeElement": "bowl/fruit 2/*",
            "textureMapping": [
                "fruit",
                "group21"
            ]
        },
        { 
            "type": "item",
            "code": "expandedfoods:wilddryfruit-honeysuckle",
            "shapeElement": "bowl/fruit 2/*",
            "textureMapping": [
                "fruit",
                "group22"
            ]
        },
        {
            "type": "item",
            "code": "expandedfoods:wilddryfruit-gooseberry",
            "shapeElement": "bowl/fruit 2/*",
            "textureMapping": [
                "fruit",
                "group23"
            ]
        },
        {
            "type": "item",
            "code": "expandedfoods:wilddryfruit-huckleberry",
            "shapeElement": "bowl/fruit 2/*",
            "textureMapping": [
                "fruit",
                "group24"
            ]
        },
        {
            "type": "item",
            "code": "expandedfoods:wilddryfruit-strawberry",
            "shapeElement": "bowl/fruit 2/*",
            "textureMapping": [
                "fruit",
                "group25"
            ]
        },
        {
            "type": "item",
            "code": "expandedfoods:wilddryfruit-blueraspberry",
            "shapeElement": "bowl/fruit 2/*",
            "textureMapping": [
                "fruit",
                "fill-blueraspberry"
            ]
        },
        {
            "type": "item",
            "code": "expandedfoods:wilddryfruit-crowberry",
            "shapeElement": "bowl/fruit 2/*",
            "textureMapping": [
                "fruit",
                "fill-crowberry"
            ]
        },
        {
            "type": "item",
            "code": "expandedfoods:wilddryfruit-bunchberry",
            "shapeElement": "bowl/fruit 2/*",
            "textureMapping": [
                "fruit",
                "fill-bunchberry"
            ]
        },
        {
            "type": "item",
            "code": "expandedfoods:wilddryfruit-husktomato",
            "shapeElement": "bowl/fruit 2/*",
            "textureMapping": [
                "fruit",
                "fill-husktomato"
            ]
        },
        {
            "type": "item",
            "code": "expandedfoods:wilddryfruit-wolfberry",
            "shapeElement": "bowl/fruit 2/*",
            "textureMapping": [
                "fruit",
                "fill-wolfberry"
            ]
        },
        {
            "type": "item",
            "code": "expandedfoods:wilddehydratedfruit-elderberry",
            "shapeElement": "bowl/fruit 2/*",
            "textureMapping": [
                "fruit",
                "group16"
            ]
        },
        {
            "type": "item",
            "code": "expandedfoods:wilddehydratedfruit-snowberry",
            "shapeElement": "bowl/fruit 2/*",
            "textureMapping": [
                "fruit",
                "group17"
            ]
        },
        {
            "type": "item",
            "code": "expandedfoods:wilddehydratedfruit-cloudberry",
            "shapeElement": "bowl/fruit 2/*",
            "textureMapping": [
                "fruit",
                "group18"
            ]
        },
        {
            "type": "item",
            "code": "expandedfoods:wilddehydratedfruit-raspberry",
            "shapeElement": "bowl/fruit 2/*",
            "textureMapping": [
                "fruit",
                "group19"
            ]
        },
        {
            "type": "item",
            "code": "expandedfoods:wilddehydratedfruit-dogrose",
            "shapeElement": "bowl/fruit 2/*",
            "textureMapping": [
                "fruit",
                "group20"
            ]
        },
        {
            "type": "item",
            "code": "expandedfoods:wilddehydratedfruit-brambleberry",
            "shapeElement": "bowl/fruit 2/*",
            "textureMapping": [
                "fruit",
                "group21"
            ]
        },
        {
            "type": "item",
            "code": "expandedfoods:wilddehydratedfruit-honeysuckle",
            "shapeElement": "bowl/fruit 2/*",
            "textureMapping": [
                "fruit",
                "group22"
            ]
        },
        {
            "type": "item",
            "code": "expandedfoods:wilddehydratedfruit-gooseberry",
            "shapeElement": "bowl/fruit 2/*",
            "textureMapping": [
                "fruit",
                "group23"
            ]
        },
        {
            "type": "item",
            "code": "expandedfoods:wilddehydratedfruit-huckleberry",
            "shapeElement": "bowl/fruit 2/*",
            "textureMapping": [
                "fruit",
                "group24"
            ]
        },
        {
            "type": "item",
            "code": "expandedfoods:wilddehydratedfruit-strawberry",
            "shapeElement": "bowl/fruit 2/*",
            "textureMapping": [
                "fruit",
                "group25"
            ]
        },
        {
            "type": "item",
            "code": "expandedfoods:wilddehydratedfruit-blueraspberry",
            "shapeElement": "bowl/fruit 2/*",
            "textureMapping": [
                "fruit",
                "fill-blueraspberry"
            ]
        },
        {
            "type": "item",
            "code": "expandedfoods:wilddehydratedfruit-crowberry",
            "shapeElement": "bowl/fruit 2/*",
            "textureMapping": [
                "fruit",
                "fill-crowberry"
            ]
        },
        {
            "type": "item",
            "code": "expandedfoods:wilddehydratedfruit-bunchberry",
            "shapeElement": "bowl/fruit 2/*",
            "textureMapping": [
                "fruit",
                "fill-bunchberry"
            ]
        },
        {
            "type": "item",
            "code": "expandedfoods:wilddehydratedfruit-husktomato",
            "shapeElement": "bowl/fruit 2/*",
            "textureMapping": [
                "fruit",
                "fill-husktomato"
            ]
        },
        {
            "type": "item",
            "code": "expandedfoods:wilddehydratedfruit-wolfberry",
            "shapeElement": "bowl/fruit 2/*",
            "textureMapping": [
                "fruit",
                "fill-wolfberry"
            ]
        },
    ],
    "file": "game:recipes/cooking/porridge.json",
    "side": "server",
    dependsOn: [{ "modid": "wildcraft" }]
  },
]