[
  {
    "op": "replace",
    "path": "/",
    "value": [
      {
        "ingredientPattern": "LLL,LCL,LLL",
        "ingredients": {
          "L": {
            "type": "item",
            "code": "stone-*",
            "name": "rock",
            "allowedVariants": [
              "andesite",
              "chalk",
              "chert",
              "conglomerate",
              "limestone",
              "claystone",
              "granite",
              "sandstone",
              "shale",
              "basalt",
              "peridotite",
              "phyllite",
              "slate",
              "bauxite",
              "rhyolite",
              "dolostone",
              "siltstone",
              "quartzite",
              "gneiss",
              "schist",
              "migmatite",
              "amphibolite",
              "pumice",
              "diorite",
              "gabbro",
              "mudstone",
              "jade",
              "jasper"
            ]
          },
          "C": {
            "type": "item",
            "code": "stonebrick-*",
            "name": "rock",
            "allowedVariants": [
              "andesite",
              "chalk",
              "chert",
              "conglomerate",
              "limestone",
              "claystone",
              "granite",
              "sandstone",
              "shale",
              "basalt",
              "peridotite",
              "phyllite",
              "slate",
              "bauxite",
              "rhyolite",
              "dolostone",
              "siltstone",
              "quartzite",
              "gneiss",
              "schist",
              "migmatite",
              "amphibolite",
              "pumice",
              "diorite",
              "gabbro",
              "mudstone",
              "jade",
              "jasper"
            ]
          },
          "width": 3,
          "height": 3,
          "output": {
            "type": "block",
            "code": "drystone-{rock}",
            "quantity": 1
          }
        }
      }
    ],
    "file": "game:recipes/grid/drystone.json"
  }
]