[
  {
    "ingredientPattern": "OSH,ZPA,ICE",
    "width": 3,
    "height": 3,
    "ingredients": {
      "P": {
        "type": "item",
        "code": "game:plank-*",
        "quantity": 4
      },
      "S": {
        "type": "item",
        "code": "game:saw-*",
        "isTool": true,
        "toolDurabilityCost": 32
      },
      "H": {
        "type": "item",
        "code": "game:hammer-*",
        "isTool": true,
        "toolDurabilityCost": 8
      },
      "I": {
        "type": "item",
        "code": "game:metalplate-iron",
        "quantity": 8
      },
      "O": {
        "type": "item",
        "code": "game:metalplate-copper",
        "quantity": 8
      },
      "Z": {
        "type": "item",
        "code": "game:metalplate-zinc",
        "quantity": 8
      },
      "C": {
        "type": "block",
        "code": "electricity:cable-*",
        "quantity": 16
      },
      "E": {
        "type": "item",
        "code": "game:ore-bituminouscoal",
        "quantity": 16
      },
	  "A": {
        "type": "block",
        "code": "game:bowl-fired"
      }
    },
	"attributes": {
      "liquidContainerProps": {
        "requiresContent": {
          "type": "item",
          "code": "chemistrylib:mineralacidportion-sulfuric"
        },
        "requiresLitres": 0.25
      }
    },
    "output": {
      "type": "block",
      "code": "electricityaddon:largeaccumulator",
      "quantity": 1
    }
  }
]