{
  "ingredient": { "type": "item", "code": "game:clay-*", "name": "type", "allowedVariants": ["blue", "fire"] },
  "pattern": [[
    "#######",
    "#######",
    "#######",
    "#######",
    "#######",
    "#######",
    "#######"
  ],
    [
      "#######",
      "#_____#",
      "#_____#",
      "#_____#",
      "#_____#",
      "#_____#",
      "#######"
    ],
    [
      "#######",
      "#_____#",
      "#_____#",
      "#_____#",
      "#_____#",
      "#_____#",
      "#######"
    ],
    [
      "#######",
      "#_____#",
      "#_____#",
      "#_____#",
      "#_____#",
      "#_____#",
      "#######"
    ],
    [
      "#######",
      "#_____#",
      "#_____#",
      "#_____#",
      "#_____#",
      "#_____#",
      "#######"
    ],
    [
      "_______",
      "_#####_",
      "_#___#_",
      "_#___#_",
      "_#___#_",
      "_#####_",
      "_______"
    ]],
  "name": "Kettle",
  "output": { "type": "block", "code": "balancedthirst:kettle-clay-raw"  }
}