{
  "code": "edrill",
  "class": "EDrill",
  "attributes": {
    "rechargeable": true,
    "maxcapacity": 20000,
    "consume": 20
  },
  "shape": { "base": "item/electricalgdrill" },
  "heldTpIdleAnimation": "holdbothhandslarge", "heldRightReadyAnimation": "holdbothhandslarge", "heldTpUseAnimation": "twohandplaceblock","heldTpHitAnimation": "twohandplaceblock",
  "creativeinventory": {
    "general": [ "*" ],
    "electricity": [ "*" ]
  },
  "tool": "pickaxe",
  "enabled": true,
  "miningtierbytype": {
	"*": 5
  },
  "miningspeedbytype": {
	"*": {
		"stone": 10,
		"ore": 10,
		"metal": 10,
		"ice": 4,
		"soil": 5,
		"sand": 5,
		"gravel": 5,
		"snow": 5
		}
	},
  "attacktierbytype": {
	"*": 3
  },
  "attackpowerbytype": {
	"*": 2.0
  },
  "attackRange": 1.5,
  "fpHandTransform": {
    "translation": { "x": -1.09, "y": 0.4, "z": 0.2 },
    "rotation": { "x": 6, "y": 0, "z": 0 },
    "scale": 2.6
  },
  "guiTransform": {
    "rotation": { "x": -46, "y": -137, "z": -180 },
    "origin": { "x": 0.6, "y": 0.1, "z": 0.62 },
    "scale": 2.3
  },
  "tpHandTransform": {
    "translation": { "x": -0.3, "y": -0.35, "z": -0.1 },
    "rotation": { "x": -80, "y": -172, "z": 101 },
    "origin": { "x": 0.8, "y": -0.6, "z": -0.3 },
    "scale": 0.86
  },
  "groundTransform": {
    "translation": { "x": 0, "y": 0, "z": 0 },
    "rotation": { "x": -180, "y": 0, "z": -180 },
    "origin": { "x": 0.5, "y": 0.1, "z": 0.5299 },
    "scale": 6
  }
}