{
  "ingredientPattern": "S,C",
  "ingredients": {
    "S": { "type": "item", "code": "game:saw-*", "isTool": true },
    "C": {
      "type": "block",
      "code": "game:labeledchest-east",
      "attributes": { "type": "normal-labeled" },
      "returnedStack": { "type": "block", "code": "game:sign-ground-north" }
    }
  },
  "recipeGroup": 2,
  "shapeless": true,
  "width": 1,
  "height": 2,
  "output": { "type": "block", "code": "game:chest-east", "attributes": { "type": "normal-generic" } }
}
