﻿[
  {
    "op": "add",
    "path": "/attributes/tradeProps/selling/list/-",
    "value": {"code": "maltiezfirearms:lock-wheellock", "type": "item", "stacksize": 1, "stock": {"avg": 0.6, "var": 0.5}, "price": {"avg": 35, "var": 5}},
    "file": "game:entities/humanoid/trader-treasurehunter.json"
  },
  {
    "op": "add",
    "path": "/attributes/tradeProps/selling/list/-",
    "value": {"code": "maltiezfirearms:bayonet-plug-decorated", "type": "item", "stacksize": 1, "stock": {"avg": 1.5, "var": 0.75}, "price": {"avg": 25, "var": 3}},
    "file": "game:entities/humanoid/trader-luxuries.json"
  },
  {
    "op": "add",
    "path": "/attributes/tradeProps/selling/list/-",
    "value": {"code": "maltiezfirearms:bayonet-socket-decorated", "type": "item", "stacksize": 1, "stock": {"avg": 1, "var": 0.5}, "price": {"avg": 40, "var": 5}},
    "file": "game:entities/humanoid/trader-luxuries.json"
  }
]