{
	"editor": {
		"allAngles": true,
		"entityTextureMode": true
	},
	"textureWidth": 64,
	"textureHeight": 64,
	"textureSizes": {
	},
	"textures": {
		"forcefield": "armor/forcefield"
	},
	"elements": [
		{
			"name": "BACK",
			"stepParentName": "UpperTorso",
			"from": [ 4.7, 0.0, 1.0 ], 
			"to": [ 6.7, 3.4, 5.0 ], 
			"uv": [ 1.0, 1.0 ],
			"rotationOrigin": [ 4.7, 0.0, 0.7 ],
			"faces": {
				"north": { "texture": "#forcefield", "uv": [ 1.0, 5.0, 3.0, 8.0 ] },
				"east": { "texture": "#forcefield", "uv": [ 3.0, 5.0, 7.0, 8.0 ] },
				"south": { "texture": "#forcefield", "uv": [ 7.0, 5.0, 9.0, 8.0 ] },
				"west": { "texture": "#forcefield", "uv": [ 9.0, 5.0, 13.0, 8.0 ] },
				"up": { "texture": "#forcefield", "uv": [ 1.0, 1.0, 3.0, 5.0 ] },
				"down": { "texture": "#forcefield", "uv": [ 3.0, 1.0, 5.0, 5.0 ] }
			},
			"children": [
				{
					"name": "BACK1",
					"from": [ 0.1, 2.5, 1.0 ], 
					"to": [ 2.1, 5.0, 3.0 ], 
					"uv": [ 1.0, 8.5 ],
					"rotationOrigin": [ 0.1, 2.5, 0.7 ],
					"rotationZ": 25.0,
					"faces": {
						"north": { "texture": "#forcefield", "uv": [ 1.0, 10.5, 3.0, 13.0 ] },
						"east": { "texture": "#forcefield", "uv": [ 3.0, 10.5, 5.0, 13.0 ] },
						"south": { "texture": "#forcefield", "uv": [ 5.0, 10.5, 7.0, 13.0 ] },
						"west": { "texture": "#forcefield", "uv": [ 7.0, 10.5, 9.0, 13.0 ] },
						"up": { "texture": "#forcefield", "uv": [ 1.0, 8.5, 3.0, 10.5 ] },
						"down": { "texture": "#forcefield", "uv": [ 3.0, 8.5, 5.0, 10.5 ] }
					}
				},
				{
					"name": "BACK2",
					"from": [ -0.9, -1.4, 1.0 ], 
					"to": [ 1.1, 1.1, 3.0 ], 
					"uv": [ 9.5, 8.5 ],
					"rotationOrigin": [ -0.9, -1.4, 0.7 ],
					"rotationZ": -25.0,
					"faces": {
						"north": { "texture": "#forcefield", "uv": [ 9.5, 10.5, 11.5, 13.0 ] },
						"east": { "texture": "#forcefield", "uv": [ 11.5, 10.5, 13.5, 13.0 ] },
						"south": { "texture": "#forcefield", "uv": [ 13.5, 10.5, 15.5, 13.0 ] },
						"west": { "texture": "#forcefield", "uv": [ 15.5, 10.5, 17.5, 13.0 ] },
						"up": { "texture": "#forcefield", "uv": [ 9.5, 8.5, 11.5, 10.5 ] },
						"down": { "texture": "#forcefield", "uv": [ 11.5, 8.5, 13.5, 10.5 ] }
					}
				},
				{
					"name": "FRONT",
					"from": [ -5.2, 1.0, 1.0 ], 
					"to": [ -4.7, 3.0, 3.0 ], 
					"uv": [ 6.0, 0.5 ],
					"rotationOrigin": [ -5.2, 1.0, 0.7 ],
					"faces": {
						"north": { "texture": "#forcefield", "uv": [ 6.0, 2.5, 6.5, 4.5 ] },
						"east": { "texture": "#forcefield", "uv": [ 6.5, 2.5, 8.5, 4.5 ] },
						"south": { "texture": "#forcefield", "uv": [ 8.5, 2.5, 9.0, 4.5 ] },
						"west": { "texture": "#forcefield", "uv": [ 9.0, 2.5, 11.0, 4.5 ] },
						"up": { "texture": "#forcefield", "uv": [ 6.0, 0.5, 6.5, 2.5 ] },
						"down": { "texture": "#forcefield", "uv": [ 6.5, 0.5, 7.0, 2.5 ] }
					},
					"children": [
						{
							"name": "FRONTBAR",
							"from": [ 0.2, 0.5, -1.4 ], 
							"to": [ 0.5, 1.5, 3.6 ], 
							"uv": [ 2.5, 16.0 ],
							"rotationOrigin": [ 0.2, 1.5, -0.4 ],
							"faces": {
								"north": { "texture": "#forcefield", "uv": [ 2.5, 20.0, 3.0, 21.0 ] },
								"east": { "texture": "#forcefield", "uv": [ 3.0, 20.0, 8.0, 21.0 ] },
								"south": { "texture": "#forcefield", "uv": [ 8.0, 20.0, 8.5, 21.0 ] },
								"west": { "texture": "#forcefield", "uv": [ 8.5, 20.0, 13.5, 21.0 ] },
								"up": { "texture": "#forcefield", "uv": [ 2.5, 15.0, 3.0, 20.0 ] },
								"down": { "texture": "#forcefield", "uv": [ 3.0, 15.0, 3.5, 20.0 ] }
							}
						},
						{
							"name": "FRONTGEM",
							"from": [ -0.2, 0.5, 0.5 ], 
							"to": [ 0.0, 1.5, 1.5 ], 
							"uv": [ 38.0, 14.5 ],
							"rotationOrigin": [ -0.2, 0.0, -0.3 ],
							"faces": {
								"north": { "texture": "#forcefield", "uv": [ 38.0, 15.5, 38.5, 16.5 ], "glow": 135 },
								"east": { "texture": "#forcefield", "uv": [ 38.5, 15.5, 39.5, 16.5 ], "glow": 135 },
								"south": { "texture": "#forcefield", "uv": [ 39.5, 15.5, 40.0, 16.5 ], "glow": 135 },
								"west": { "texture": "#forcefield", "uv": [ 40.0, 15.5, 41.0, 16.5 ], "glow": 135 },
								"up": { "texture": "#forcefield", "uv": [ 38.0, 14.5, 38.5, 15.5 ], "glow": 135 },
								"down": { "texture": "#forcefield", "uv": [ 38.5, 14.5, 39.0, 15.5 ], "glow": 135 }
							}
						},
						{
							"name": "BACKBAR",
							"from": [ 5.5, 0.2, -1.5 ], 
							"to": [ 5.8, 1.2, 3.7 ], 
							"uv": [ 1.0, 17.5 ],
							"rotationOrigin": [ 5.5, 1.2, -0.5 ],
							"faces": {
								"north": { "texture": "#forcefield", "uv": [ 1.0, 22.5, 1.5, 23.5 ] },
								"east": { "texture": "#forcefield", "uv": [ 1.5, 22.5, 6.5, 23.5 ] },
								"south": { "texture": "#forcefield", "uv": [ 6.5, 22.5, 7.0, 23.5 ] },
								"west": { "texture": "#forcefield", "uv": [ 7.0, 22.5, 12.0, 23.5 ] },
								"up": { "texture": "#forcefield", "uv": [ 1.0, 17.5, 1.5, 22.5 ] },
								"down": { "texture": "#forcefield", "uv": [ 1.5, 17.5, 2.0, 22.5 ] }
							}
						}
					]
				},
				{
					"name": "EMITTER",
					"from": [ 2.0, 1.25, 1.5 ], 
					"to": [ 3.0, 2.25, 2.5 ], 
					"uv": [ 44.0, 14.5 ],
					"rotationOrigin": [ 2.0, 1.2, 1.2 ],
					"faces": {
						"north": { "texture": "#forcefield", "uv": [ 44.0, 15.5, 45.0, 16.5 ], "glow": 135 },
						"east": { "texture": "#forcefield", "uv": [ 45.0, 15.5, 46.0, 16.5 ], "glow": 135 },
						"south": { "texture": "#forcefield", "uv": [ 46.0, 15.5, 47.0, 16.5 ], "glow": 135 },
						"west": { "texture": "#forcefield", "uv": [ 47.0, 15.5, 48.0, 16.5 ], "glow": 135 },
						"up": { "texture": "#forcefield", "uv": [ 44.0, 14.5, 45.0, 15.5 ], "glow": 135 },
						"down": { "texture": "#forcefield", "uv": [ 45.0, 14.5, 46.0, 15.5 ], "glow": 135 }
					},
					"children": [
						{
							"name": "EMITTERCAP",
							"from": [ 1.0, -0.5, -0.5 ], 
							"to": [ 1.5, 1.5, 1.5 ], 
							"uv": [ 42.5, 15.0 ],
							"rotationOrigin": [ -1.0, 0.5, 0.5 ],
							"rotationX": 45.0,
							"faces": {
								"north": { "texture": "#forcefield", "uv": [ 42.5, 17.0, 43.0, 19.0 ] },
								"east": { "texture": "#forcefield", "uv": [ 43.0, 17.0, 45.0, 19.0 ] },
								"south": { "texture": "#forcefield", "uv": [ 45.0, 17.0, 45.5, 19.0 ] },
								"west": { "texture": "#forcefield", "uv": [ 45.5, 17.0, 47.5, 19.0 ] },
								"up": { "texture": "#forcefield", "uv": [ 42.5, 15.0, 43.0, 17.0 ] },
								"down": { "texture": "#forcefield", "uv": [ 43.0, 15.0, 43.5, 17.0 ] }
							}
						}
					]
				},
				{
					"name": "STRAPTOP R",
					"from": [ -4.8, 1.5, -0.5 ], 
					"to": [ 0.4, 5.1, 0.5 ], 
					"uv": [ 26.0, 0.0 ],
					"rotationOrigin": [ 0.0, 0.0, -0.2 ],
					"rotationX": 4.0,
					"faces": {
						"north": { "texture": "#forcefield", "uv": [ 26.0, 1.0, 31.0, 4.5 ] },
						"east": { "texture": "#forcefield", "uv": [ 31.0, 1.0, 32.0, 4.5 ] },
						"south": { "texture": "#forcefield", "uv": [ 32.0, 1.0, 37.0, 4.5 ] },
						"west": { "texture": "#forcefield", "uv": [ 37.0, 1.0, 38.0, 4.5 ] },
						"up": { "texture": "#forcefield", "uv": [ 26.0, 0.0, 31.0, 1.0 ] },
						"down": { "texture": "#forcefield", "uv": [ 31.0, 0.0, 36.0, 1.0 ] }
					},
					"children": [
						{
							"name": "STRAPLOWER R",
							"from": [ 0.3, -2.9, 0.7 ], 
							"to": [ 5.5, 0.7, 1.7 ], 
							"uv": [ 26.0, 4.5 ],
							"rotationOrigin": [ 5.1, -4.4, 0.3 ],
							"rotationX": -8.0,
							"rotationZ": 5.0,
							"faces": {
								"north": { "texture": "#forcefield", "uv": [ 26.0, 5.5, 31.0, 9.0 ] },
								"east": { "texture": "#forcefield", "uv": [ 31.0, 5.5, 32.0, 9.0 ] },
								"south": { "texture": "#forcefield", "uv": [ 32.0, 5.5, 37.0, 9.0 ] },
								"west": { "texture": "#forcefield", "uv": [ 37.0, 5.5, 38.0, 9.0 ] },
								"up": { "texture": "#forcefield", "uv": [ 26.0, 4.5, 31.0, 5.5 ] },
								"down": { "texture": "#forcefield", "uv": [ 31.0, 4.5, 36.0, 5.5 ] }
							}
						}
					]
				},
				{
					"name": "STRAPTOP L",
					"from": [ -4.8, 1.5, 3.7 ], 
					"to": [ 0.4, 5.1, 4.7 ], 
					"uv": [ 38.0, 0.0 ],
					"rotationOrigin": [ 0.0, 0.0, 4.0 ],
					"rotationX": -4.0,
					"faces": {
						"north": { "texture": "#forcefield", "uv": [ 38.0, 1.0, 43.0, 4.5 ] },
						"east": { "texture": "#forcefield", "uv": [ 43.0, 1.0, 44.0, 4.5 ] },
						"south": { "texture": "#forcefield", "uv": [ 44.0, 1.0, 49.0, 4.5 ] },
						"west": { "texture": "#forcefield", "uv": [ 49.0, 1.0, 50.0, 4.5 ] },
						"up": { "texture": "#forcefield", "uv": [ 38.0, 0.0, 43.0, 1.0 ] },
						"down": { "texture": "#forcefield", "uv": [ 43.0, 0.0, 48.0, 1.0 ] }
					},
					"children": [
						{
							"name": "STRAPLOWER L",
							"from": [ 0.3, -2.9, -0.7 ], 
							"to": [ 5.5, 0.7, 0.3 ], 
							"uv": [ 38.0, 4.5 ],
							"rotationOrigin": [ 5.1, -4.4, 0.3 ],
							"rotationX": 8.0,
							"rotationZ": 5.0,
							"faces": {
								"north": { "texture": "#forcefield", "uv": [ 38.0, 5.5, 43.0, 9.0 ] },
								"east": { "texture": "#forcefield", "uv": [ 43.0, 5.5, 44.0, 9.0 ] },
								"south": { "texture": "#forcefield", "uv": [ 44.0, 5.5, 49.0, 9.0 ] },
								"west": { "texture": "#forcefield", "uv": [ 49.0, 5.5, 50.0, 9.0 ] },
								"up": { "texture": "#forcefield", "uv": [ 38.0, 4.5, 43.0, 5.5 ] },
								"down": { "texture": "#forcefield", "uv": [ 43.0, 4.5, 48.0, 5.5 ] }
							}
						}
					]
				},
				{
					"name": "BELT",
					"stepParentName": "LowerTorso",
					"from": [ -0.2, 2.0, -0.1 ], 
					"to": [ 5.1, 3.0, 6.1 ], 
					"uv": [ 26.0, 14.5 ],
					"rotationOrigin": [ -0.2, 2.0, -0.4 ],
					"faces": {
						"north": { "texture": "#forcefield", "uv": [ 26.0, 20.5, 31.0, 21.5 ] },
						"east": { "texture": "#forcefield", "uv": [ 31.0, 20.5, 37.0, 21.5 ] },
						"south": { "texture": "#forcefield", "uv": [ 37.0, 20.5, 42.0, 21.5 ] },
						"west": { "texture": "#forcefield", "uv": [ 42.0, 20.5, 48.0, 21.5 ] },
						"up": { "texture": "#forcefield", "uv": [ 26.0, 14.5, 31.0, 20.5 ] },
						"down": { "texture": "#forcefield", "uv": [ 31.0, 14.5, 36.0, 20.5 ] }
					},
					"children": [
						{
							"name": "BELTBUCKLE",
							"from": [ -0.2, -0.1, 2.5 ], 
							"to": [ 0.2, 1.1, 3.7 ], 
							"uv": [ 38.0, 17.0 ],
							"rotationOrigin": [ -0.2, -0.1, 2.2 ],
							"faces": {
								"north": { "texture": "#forcefield", "uv": [ 38.0, 18.0, 38.5, 19.0 ] },
								"east": { "texture": "#forcefield", "uv": [ 38.5, 18.0, 39.5, 19.0 ] },
								"south": { "texture": "#forcefield", "uv": [ 39.5, 18.0, 40.0, 19.0 ] },
								"west": { "texture": "#forcefield", "uv": [ 40.0, 18.0, 41.0, 19.0 ] },
								"up": { "texture": "#forcefield", "uv": [ 38.0, 17.0, 38.5, 18.0 ] },
								"down": { "texture": "#forcefield", "uv": [ 38.5, 17.0, 39.0, 18.0 ] }
							}
						}
					]
				}
			]
		}
	]}