{
	"editor": {
		"allAngles": true,
		"entityTextureMode": true
	},
	"textureWidth": 64,
	"textureHeight": 64,
	"textureSizes": {
	},
	"textures": {
		"uvheavy": "C:/Users/Shrimp/Desktop/uvheavy"
	},
	"elements": [
		{
			"name": "BACK",
			"stepParentName": "UpperTorso",
			"from": [ 4.7, 0.0, 1.0 ], 
			"to": [ 6.7, 3.4, 5.0 ], 
			"uv": [ 1.0, 1.0 ],
			"rotationOrigin": [ 4.7, 0.0, 0.7 ],
			"faces": {
				"north": { "texture": "#uvheavy", "uv": [ 1.0, 5.0, 3.0, 8.0 ] },
				"east": { "texture": "#uvheavy", "uv": [ 3.0, 5.0, 7.0, 8.0 ] },
				"south": { "texture": "#uvheavy", "uv": [ 7.0, 5.0, 9.0, 8.0 ] },
				"west": { "texture": "#uvheavy", "uv": [ 9.0, 5.0, 13.0, 8.0 ] },
				"up": { "texture": "#uvheavy", "uv": [ 1.0, 1.0, 3.0, 5.0 ] },
				"down": { "texture": "#uvheavy", "uv": [ 3.0, 1.0, 5.0, 5.0 ] }
			},
			"children": [
				{
					"name": "BACK1",
					"from": [ 0.1, 2.5, 1.0 ], 
					"to": [ 2.1, 5.0, 3.0 ], 
					"uv": [ 1.0, 8.5 ],
					"rotationOrigin": [ 0.1, 2.5, 0.7 ],
					"rotationZ": 25.0,
					"faces": {
						"north": { "texture": "#uvheavy", "uv": [ 1.0, 10.5, 3.0, 13.0 ] },
						"east": { "texture": "#uvheavy", "uv": [ 3.0, 10.5, 5.0, 13.0 ] },
						"south": { "texture": "#uvheavy", "uv": [ 5.0, 10.5, 7.0, 13.0 ] },
						"west": { "texture": "#uvheavy", "uv": [ 7.0, 10.5, 9.0, 13.0 ] },
						"up": { "texture": "#uvheavy", "uv": [ 1.0, 8.5, 3.0, 10.5 ] },
						"down": { "texture": "#uvheavy", "uv": [ 3.0, 8.5, 5.0, 10.5 ] }
					}
				},
				{
					"name": "BACK2",
					"from": [ -0.9, -1.4, 1.0 ], 
					"to": [ 1.1, 1.1, 3.0 ], 
					"uv": [ 9.5, 8.5 ],
					"rotationOrigin": [ -0.9, -1.4, 0.7 ],
					"rotationZ": -25.0,
					"faces": {
						"north": { "texture": "#uvheavy", "uv": [ 9.5, 10.5, 11.5, 13.0 ] },
						"east": { "texture": "#uvheavy", "uv": [ 11.5, 10.5, 13.5, 13.0 ] },
						"south": { "texture": "#uvheavy", "uv": [ 13.5, 10.5, 15.5, 13.0 ] },
						"west": { "texture": "#uvheavy", "uv": [ 15.5, 10.5, 17.5, 13.0 ] },
						"up": { "texture": "#uvheavy", "uv": [ 9.5, 8.5, 11.5, 10.5 ] },
						"down": { "texture": "#uvheavy", "uv": [ 11.5, 8.5, 13.5, 10.5 ] }
					}
				},
				{
					"name": "FRONT",
					"from": [ -5.2, 1.0, 1.1 ], 
					"to": [ -4.7, 3.0, 3.1 ], 
					"uv": [ 6.0, 0.5 ],
					"rotationOrigin": [ -5.2, 1.0, 0.8 ],
					"faces": {
						"north": { "texture": "#uvheavy", "uv": [ 6.0, 2.5, 6.5, 4.5 ] },
						"east": { "texture": "#uvheavy", "uv": [ 6.5, 2.5, 8.5, 4.5 ] },
						"south": { "texture": "#uvheavy", "uv": [ 8.5, 2.5, 9.0, 4.5 ] },
						"west": { "texture": "#uvheavy", "uv": [ 9.0, 2.5, 11.0, 4.5 ] },
						"up": { "texture": "#uvheavy", "uv": [ 6.0, 0.5, 6.5, 2.5 ] },
						"down": { "texture": "#uvheavy", "uv": [ 6.5, 0.5, 7.0, 2.5 ] }
					},
					"children": [
						{
							"name": "FRONTBAR",
							"from": [ 0.2, 0.5, -1.4 ], 
							"to": [ 0.5, 1.5, 3.6 ], 
							"uv": [ 2.5, 16.0 ],
							"rotationOrigin": [ 0.2, 1.5, -0.4 ],
							"faces": {
								"north": { "texture": "#uvheavy", "uv": [ 2.5, 20.0, 3.0, 21.0 ] },
								"east": { "texture": "#uvheavy", "uv": [ 3.0, 20.0, 8.0, 21.0 ] },
								"south": { "texture": "#uvheavy", "uv": [ 8.0, 20.0, 8.5, 21.0 ] },
								"west": { "texture": "#uvheavy", "uv": [ 8.5, 20.0, 13.5, 21.0 ] },
								"up": { "texture": "#uvheavy", "uv": [ 2.5, 15.0, 3.0, 20.0 ] },
								"down": { "texture": "#uvheavy", "uv": [ 3.0, 15.0, 3.5, 20.0 ] }
							}
						},
						{
							"name": "FRONTGEM",
							"from": [ -0.2, 0.5, 0.5 ], 
							"to": [ 0.0, 1.5, 1.5 ], 
							"uv": [ 38.0, 14.5 ],
							"rotationOrigin": [ -0.2, 0.0, -0.3 ],
							"faces": {
								"north": { "texture": "#uvheavy", "uv": [ 38.0, 15.5, 38.5, 16.5 ], "glow": 135 },
								"east": { "texture": "#uvheavy", "uv": [ 38.5, 15.5, 39.5, 16.5 ], "glow": 135 },
								"south": { "texture": "#uvheavy", "uv": [ 39.5, 15.5, 40.0, 16.5 ], "glow": 135 },
								"west": { "texture": "#uvheavy", "uv": [ 40.0, 15.5, 41.0, 16.5 ], "glow": 135 },
								"up": { "texture": "#uvheavy", "uv": [ 38.0, 14.5, 38.5, 15.5 ], "glow": 135 },
								"down": { "texture": "#uvheavy", "uv": [ 38.5, 14.5, 39.0, 15.5 ], "glow": 135 }
							}
						},
						{
							"name": "BACKBAR",
							"from": [ 5.5, 0.2, -1.5 ], 
							"to": [ 5.8, 1.2, 3.7 ], 
							"uv": [ 1.0, 17.5 ],
							"rotationOrigin": [ 5.5, 1.2, -0.5 ],
							"faces": {
								"north": { "texture": "#uvheavy", "uv": [ 1.0, 22.5, 1.5, 23.5 ] },
								"east": { "texture": "#uvheavy", "uv": [ 1.5, 22.5, 6.5, 23.5 ] },
								"south": { "texture": "#uvheavy", "uv": [ 6.5, 22.5, 7.0, 23.5 ] },
								"west": { "texture": "#uvheavy", "uv": [ 7.0, 22.5, 12.0, 23.5 ] },
								"up": { "texture": "#uvheavy", "uv": [ 1.0, 17.5, 1.5, 22.5 ] },
								"down": { "texture": "#uvheavy", "uv": [ 1.5, 17.5, 2.0, 22.5 ] }
							}
						}
					]
				},
				{
					"name": "EMITTER",
					"from": [ 2.0, 1.25, 1.5 ], 
					"to": [ 3.0, 2.25, 2.5 ], 
					"uv": [ 44.0, 14.5 ],
					"rotationOrigin": [ 2.0, 1.2, 1.2 ],
					"faces": {
						"north": { "texture": "#uvheavy", "uv": [ 44.0, 15.5, 45.0, 16.5 ], "glow": 135 },
						"east": { "texture": "#uvheavy", "uv": [ 45.0, 15.5, 46.0, 16.5 ], "glow": 135 },
						"south": { "texture": "#uvheavy", "uv": [ 46.0, 15.5, 47.0, 16.5 ], "glow": 135 },
						"west": { "texture": "#uvheavy", "uv": [ 47.0, 15.5, 48.0, 16.5 ], "glow": 135 },
						"up": { "texture": "#uvheavy", "uv": [ 44.0, 14.5, 45.0, 15.5 ], "glow": 135 },
						"down": { "texture": "#uvheavy", "uv": [ 45.0, 14.5, 46.0, 15.5 ], "glow": 135 }
					},
					"children": [
						{
							"name": "EMITTERCAP",
							"from": [ 1.0, -0.5, -0.5 ], 
							"to": [ 1.5, 1.5, 1.5 ], 
							"uv": [ 42.5, 15.0 ],
							"rotationOrigin": [ -1.0, 0.5, 0.5 ],
							"rotationX": 45.0,
							"faces": {
								"north": { "texture": "#uvheavy", "uv": [ 42.5, 17.0, 43.0, 19.0 ] },
								"east": { "texture": "#uvheavy", "uv": [ 43.0, 17.0, 45.0, 19.0 ] },
								"south": { "texture": "#uvheavy", "uv": [ 45.0, 17.0, 45.5, 19.0 ] },
								"west": { "texture": "#uvheavy", "uv": [ 45.5, 17.0, 47.5, 19.0 ] },
								"up": { "texture": "#uvheavy", "uv": [ 42.5, 15.0, 43.0, 17.0 ] },
								"down": { "texture": "#uvheavy", "uv": [ 43.0, 15.0, 43.5, 17.0 ] }
							}
						}
					]
				},
				{
					"name": "BELT26",
					"from": [ -4.8, -0.1, -1.1 ], 
					"to": [ 0.4, 5.1, 5.3 ], 
					"uv": [ 26.0, 22.0 ],
					"rotationOrigin": [ -4.8, -0.1, -1.4 ],
					"faces": {
						"north": { "texture": "#uvheavy", "uv": [ 26.0, 28.0, 31.0, 33.0 ] },
						"east": { "texture": "#uvheavy", "uv": [ 31.0, 28.0, 37.0, 33.0 ] },
						"south": { "texture": "#uvheavy", "uv": [ 37.0, 28.0, 42.0, 33.0 ] },
						"west": { "texture": "#uvheavy", "uv": [ 42.0, 28.0, 48.0, 33.0 ] },
						"up": { "texture": "#uvheavy", "uv": [ 26.0, 22.0, 31.0, 28.0 ] },
						"down": { "texture": "#uvheavy", "uv": [ 31.0, 22.0, 36.0, 28.0 ] }
					}
				}
			]
		},
		{
			"name": "ARM_L",
			"stepParentName": "UpperArmL",
			"from": [ -0.1, -0.1, -0.1 ], 
			"to": [ 3.1, 7.1, 2.1 ], 
			"uv": [ 13.0, 40.5 ],
			"rotationOrigin": [ -0.1, -0.1, -0.1 ],
			"faces": {
				"north": { "texture": "#uvheavy", "uv": [ 13.0, 42.5, 16.0, 49.5 ] },
				"east": { "texture": "#uvheavy", "uv": [ 16.0, 42.5, 18.0, 49.5 ] },
				"south": { "texture": "#uvheavy", "uv": [ 18.0, 42.5, 21.0, 49.5 ] },
				"west": { "texture": "#uvheavy", "uv": [ 21.0, 42.5, 23.0, 49.5 ] },
				"up": { "texture": "#uvheavy", "uv": [ 13.0, 40.5, 16.0, 42.5 ] },
				"down": { "texture": "#uvheavy", "uv": [ 16.0, 40.5, 19.0, 42.5 ] }
			},
			"children": [
				{
					"name": "ARM_L19",
					"from": [ -0.1, 3.8, 2.2 ], 
					"to": [ 3.3, 6.8, 3.2 ], 
					"uv": [ 13.0, 33.5 ],
					"rotationOrigin": [ -0.1, 3.8, -1.1 ],
					"rotationX": -20.0,
					"faces": {
						"north": { "texture": "#uvheavy", "uv": [ 13.0, 34.5, 16.0, 37.5 ] },
						"east": { "texture": "#uvheavy", "uv": [ 16.0, 34.5, 17.0, 37.5 ] },
						"south": { "texture": "#uvheavy", "uv": [ 17.0, 34.5, 20.0, 37.5 ] },
						"west": { "texture": "#uvheavy", "uv": [ 20.0, 34.5, 21.0, 37.5 ] },
						"up": { "texture": "#uvheavy", "uv": [ 13.0, 33.5, 16.0, 34.5 ] },
						"down": { "texture": "#uvheavy", "uv": [ 16.0, 33.5, 19.0, 34.5 ] }
					},
					"children": [
						{
							"name": "ARM_L21",
							"from": [ 1.25, 1.15, 1.0 ], 
							"to": [ 2.05, 1.95, 1.8 ], 
							"uv": [ 20.0, 38.5 ],
							"rotationOrigin": [ 0.1, 0.0, -3.3 ],
							"faces": {
								"north": { "texture": "#uvheavy", "uv": [ 20.0, 39.0, 20.5, 39.5 ] },
								"east": { "texture": "#uvheavy", "uv": [ 20.5, 39.0, 21.0, 39.5 ] },
								"south": { "texture": "#uvheavy", "uv": [ 21.0, 39.0, 21.5, 39.5 ] },
								"west": { "texture": "#uvheavy", "uv": [ 21.5, 39.0, 22.0, 39.5 ] },
								"up": { "texture": "#uvheavy", "uv": [ 20.0, 38.5, 20.5, 39.0 ] },
								"down": { "texture": "#uvheavy", "uv": [ 20.5, 38.5, 21.0, 39.0 ] }
							}
						},
						{
							"name": "ARM_L23",
							"from": [ 1.05, 0.95, 1.3 ], 
							"to": [ 2.25, 2.15, 1.6 ], 
							"uv": [ 16.5, 38.0 ],
							"rotationOrigin": [ -0.1, -0.2, -3.0 ],
							"faces": {
								"north": { "texture": "#uvheavy", "uv": [ 16.5, 38.5, 17.5, 39.5 ] },
								"east": { "texture": "#uvheavy", "uv": [ 17.5, 38.5, 18.0, 39.5 ] },
								"south": { "texture": "#uvheavy", "uv": [ 18.0, 38.5, 19.0, 39.5 ] },
								"west": { "texture": "#uvheavy", "uv": [ 19.0, 38.5, 19.5, 39.5 ] },
								"up": { "texture": "#uvheavy", "uv": [ 16.5, 38.0, 17.5, 38.5 ] },
								"down": { "texture": "#uvheavy", "uv": [ 17.5, 38.0, 18.5, 38.5 ] }
							}
						},
						{
							"name": "ARM_L24",
							"from": [ 1.05, 0.95, 1.8 ], 
							"to": [ 2.25, 2.15, 2.1 ], 
							"uv": [ 13.0, 38.0 ],
							"rotationOrigin": [ -0.1, -0.2, -2.5 ],
							"faces": {
								"north": { "texture": "#uvheavy", "uv": [ 13.0, 38.5, 14.0, 39.5 ] },
								"east": { "texture": "#uvheavy", "uv": [ 14.0, 38.5, 14.5, 39.5 ] },
								"south": { "texture": "#uvheavy", "uv": [ 14.5, 38.5, 15.5, 39.5 ] },
								"west": { "texture": "#uvheavy", "uv": [ 15.5, 38.5, 16.0, 39.5 ] },
								"up": { "texture": "#uvheavy", "uv": [ 13.0, 38.0, 14.0, 38.5 ] },
								"down": { "texture": "#uvheavy", "uv": [ 14.0, 38.0, 15.0, 38.5 ] }
							}
						}
					]
				}
			]
		},
		{
			"name": "ARM_R",
			"stepParentName": "UpperArmR",
			"from": [ -0.1, -0.1, -0.1 ], 
			"to": [ 3.1, 7.1, 2.1 ], 
			"uv": [ 1.5, 40.5 ],
			"rotationOrigin": [ -0.1, -0.1, -0.1 ],
			"faces": {
				"north": { "texture": "#uvheavy", "uv": [ 1.5, 42.5, 4.5, 49.5 ] },
				"east": { "texture": "#uvheavy", "uv": [ 4.5, 42.5, 6.5, 49.5 ] },
				"south": { "texture": "#uvheavy", "uv": [ 6.5, 42.5, 9.5, 49.5 ] },
				"west": { "texture": "#uvheavy", "uv": [ 9.5, 42.5, 11.5, 49.5 ] },
				"up": { "texture": "#uvheavy", "uv": [ 1.5, 40.5, 4.5, 42.5 ] },
				"down": { "texture": "#uvheavy", "uv": [ 4.5, 40.5, 7.5, 42.5 ] }
			},
			"children": [
				{
					"name": "ARM_R18",
					"from": [ -0.1, 5.4, -0.7 ], 
					"to": [ 3.3, 8.4, 0.3 ], 
					"uv": [ 1.5, 33.5 ],
					"rotationOrigin": [ -0.1, 5.4, -1.0 ],
					"rotationX": 20.0,
					"faces": {
						"north": { "texture": "#uvheavy", "uv": [ 1.5, 34.5, 4.5, 37.5 ] },
						"east": { "texture": "#uvheavy", "uv": [ 4.5, 34.5, 5.5, 37.5 ] },
						"south": { "texture": "#uvheavy", "uv": [ 5.5, 34.5, 8.5, 37.5 ] },
						"west": { "texture": "#uvheavy", "uv": [ 8.5, 34.5, 9.5, 37.5 ] },
						"up": { "texture": "#uvheavy", "uv": [ 1.5, 33.5, 4.5, 34.5 ] },
						"down": { "texture": "#uvheavy", "uv": [ 4.5, 33.5, 7.5, 34.5 ] }
					},
					"children": [
						{
							"name": "ARM_R20",
							"from": [ 1.25, 1.15, -0.8 ], 
							"to": [ 2.05, 1.95, 0.0 ], 
							"uv": [ 8.5, 38.5 ],
							"rotationOrigin": [ 1.2, 1.2, -1.1 ],
							"faces": {
								"north": { "texture": "#uvheavy", "uv": [ 8.5, 39.0, 9.0, 39.5 ] },
								"east": { "texture": "#uvheavy", "uv": [ 9.0, 39.0, 9.5, 39.5 ] },
								"south": { "texture": "#uvheavy", "uv": [ 9.5, 39.0, 10.0, 39.5 ] },
								"west": { "texture": "#uvheavy", "uv": [ 10.0, 39.0, 10.5, 39.5 ] },
								"up": { "texture": "#uvheavy", "uv": [ 8.5, 38.5, 9.0, 39.0 ] },
								"down": { "texture": "#uvheavy", "uv": [ 9.0, 38.5, 9.5, 39.0 ] }
							}
						},
						{
							"name": "ARM_R22",
							"from": [ 1.05, 0.95, -0.6 ], 
							"to": [ 2.25, 2.15, -0.3 ], 
							"uv": [ 5.0, 38.0 ],
							"rotationOrigin": [ 1.0, 1.0, -0.9 ],
							"faces": {
								"north": { "texture": "#uvheavy", "uv": [ 5.0, 38.5, 6.0, 39.5 ] },
								"east": { "texture": "#uvheavy", "uv": [ 6.0, 38.5, 6.5, 39.5 ] },
								"south": { "texture": "#uvheavy", "uv": [ 6.5, 38.5, 7.5, 39.5 ] },
								"west": { "texture": "#uvheavy", "uv": [ 7.5, 38.5, 8.0, 39.5 ] },
								"up": { "texture": "#uvheavy", "uv": [ 5.0, 38.0, 6.0, 38.5 ] },
								"down": { "texture": "#uvheavy", "uv": [ 6.0, 38.0, 7.0, 38.5 ] }
							}
						},
						{
							"name": "ARM_R25",
							"from": [ 1.05, 0.95, -1.1 ], 
							"to": [ 2.25, 2.15, -0.8 ], 
							"uv": [ 1.5, 38.0 ],
							"rotationOrigin": [ 1.0, 1.0, -1.4 ],
							"faces": {
								"north": { "texture": "#uvheavy", "uv": [ 1.5, 38.5, 2.5, 39.5 ] },
								"east": { "texture": "#uvheavy", "uv": [ 2.5, 38.5, 3.0, 39.5 ] },
								"south": { "texture": "#uvheavy", "uv": [ 3.0, 38.5, 4.0, 39.5 ] },
								"west": { "texture": "#uvheavy", "uv": [ 4.0, 38.5, 4.5, 39.5 ] },
								"up": { "texture": "#uvheavy", "uv": [ 1.5, 38.0, 2.5, 38.5 ] },
								"down": { "texture": "#uvheavy", "uv": [ 2.5, 38.0, 3.5, 38.5 ] }
							}
						}
					]
				}
			]
		},
		{
			"name": "BELT",
			"stepParentName": "LowerTorso",
			"from": [ -0.2, -0.1, -0.2 ], 
			"to": [ 5.2, 1.1, 6.2 ], 
			"uv": [ 26.0, 14.5 ],
			"rotationOrigin": [ -0.2, -0.1, -0.2 ],
			"faces": {
				"north": { "texture": "#uvheavy", "uv": [ 26.0, 20.5, 31.0, 21.5 ] },
				"east": { "texture": "#uvheavy", "uv": [ 31.0, 20.5, 37.0, 21.5 ] },
				"south": { "texture": "#uvheavy", "uv": [ 37.0, 20.5, 42.0, 21.5 ] },
				"west": { "texture": "#uvheavy", "uv": [ 42.0, 20.5, 48.0, 21.5 ] },
				"up": { "texture": "#uvheavy", "uv": [ 26.0, 14.5, 31.0, 20.5 ] },
				"down": { "texture": "#uvheavy", "uv": [ 31.0, 14.5, 36.0, 20.5 ] }
			},
			"children": [
				{
					"name": "BELTBUCKLE",
					"from": [ -0.2, 0.0, 2.5 ], 
					"to": [ 0.2, 1.22, 3.7 ], 
					"uv": [ 38.0, 17.0 ],
					"rotationOrigin": [ -0.2, 0.0, 2.2 ],
					"faces": {
						"north": { "texture": "#uvheavy", "uv": [ 38.0, 18.0, 38.5, 19.0 ] },
						"east": { "texture": "#uvheavy", "uv": [ 38.5, 18.0, 39.5, 19.0 ] },
						"south": { "texture": "#uvheavy", "uv": [ 39.5, 18.0, 40.0, 19.0 ] },
						"west": { "texture": "#uvheavy", "uv": [ 40.0, 18.0, 41.0, 19.0 ] },
						"up": { "texture": "#uvheavy", "uv": [ 38.0, 17.0, 38.5, 18.0 ] },
						"down": { "texture": "#uvheavy", "uv": [ 38.5, 17.0, 39.0, 18.0 ] }
					}
				}
			]
		},
		{
			"name": "BELT23",
			"stepParentName": "LowerTorso",
			"from": [ -0.1, 1.0, -0.1 ], 
			"to": [ 5.1, 4.5, 6.1 ], 
			"uv": [ 26.0, 33.5 ],
			"rotationOrigin": [ -0.1, 1.0, -0.1 ],
			"faces": {
				"north": { "texture": "#uvheavy", "uv": [ 26.0, 39.5, 31.0, 43.0 ] },
				"east": { "texture": "#uvheavy", "uv": [ 31.0, 39.5, 37.0, 43.0 ] },
				"south": { "texture": "#uvheavy", "uv": [ 37.0, 39.5, 42.0, 43.0 ] },
				"west": { "texture": "#uvheavy", "uv": [ 42.0, 39.5, 48.0, 43.0 ] },
				"up": { "texture": "#uvheavy", "uv": [ 26.0, 33.5, 31.0, 39.5 ] },
				"down": { "texture": "#uvheavy", "uv": [ 31.0, 33.5, 36.0, 39.5 ] }
			}
		},
		{
			"name": "ARM_R24",
			"stepParentName": "LowerArmR",
			"from": [ -0.1, -0.1, -0.1 ], 
			"to": [ 2.6, 8.1, 2.1 ], 
			"uv": [ 1.5, 50.0 ],
			"rotationOrigin": [ -0.1, -0.1, -0.1 ],
			"faces": {
				"north": { "texture": "#uvheavy", "uv": [ 1.5, 52.0, 4.0, 60.0 ] },
				"east": { "texture": "#uvheavy", "uv": [ 4.0, 52.0, 6.0, 60.0 ] },
				"south": { "texture": "#uvheavy", "uv": [ 6.0, 52.0, 8.5, 60.0 ] },
				"west": { "texture": "#uvheavy", "uv": [ 8.5, 52.0, 10.5, 60.0 ] },
				"up": { "texture": "#uvheavy", "uv": [ 1.5, 50.0, 4.0, 52.0 ] },
				"down": { "texture": "#uvheavy", "uv": [ 4.0, 50.0, 6.5, 52.0 ] }
			}
		},
		{
			"name": "ARM_L25",
			"stepParentName": "LowerArmL",
			"from": [ -0.1, -0.1, -0.1 ], 
			"to": [ 2.6, 8.1, 2.1 ], 
			"uv": [ 13.0, 50.0 ],
			"rotationOrigin": [ -0.1, -0.1, -0.1 ],
			"faces": {
				"north": { "texture": "#uvheavy", "uv": [ 13.0, 52.0, 15.5, 60.0 ] },
				"east": { "texture": "#uvheavy", "uv": [ 15.5, 52.0, 17.5, 60.0 ] },
				"south": { "texture": "#uvheavy", "uv": [ 17.5, 52.0, 20.0, 60.0 ] },
				"west": { "texture": "#uvheavy", "uv": [ 20.0, 52.0, 22.0, 60.0 ] },
				"up": { "texture": "#uvheavy", "uv": [ 13.0, 50.0, 15.5, 52.0 ] },
				"down": { "texture": "#uvheavy", "uv": [ 15.5, 50.0, 18.0, 52.0 ] }
			}
		}
	]}