{
	"editor": {
		"allAngles": true,
		"entityTextureMode": true
	},
	"textureWidth": 64,
	"textureHeight": 64,
	"textureSizes": {
	},
	"textures": {
		"speed uvmap": "armor/speedboots"
	},
	"elements": [
		{
			"name": "ArmorLowerLegR",
			"stepParentName": "LowerFootR",
			"from": [ -0.3, -0.2, -0.35 ], 
			"to": [ 4.2, 9.3, 3.15 ], 
			"uv": [ 0.5, 0.5 ],
			"rotationOrigin": [ -0.3, -0.2, -0.5 ],
			"faces": {
				"north": { "texture": "#speed uvmap", "uv": [ 0.5, 4.0, 5.0, 13.5 ] },
				"east": { "texture": "#speed uvmap", "uv": [ 5.0, 4.0, 8.5, 13.5 ] },
				"south": { "texture": "#speed uvmap", "uv": [ 8.5, 4.0, 13.0, 13.5 ] },
				"west": { "texture": "#speed uvmap", "uv": [ 13.0, 4.0, 16.5, 13.5 ] },
				"up": { "texture": "#speed uvmap", "uv": [ 0.5, 0.5, 5.0, 4.0 ] },
				"down": { "texture": "#speed uvmap", "uv": [ 5.0, 0.5, 9.5, 4.0 ] }
			},
			"children": [
				{
					"name": "ArmorKneeSideR",
					"from": [ 2.5, 2.5, -0.5 ], 
					"to": [ 6.5, 4.5, 0.0 ], 
					"unwrapMode": 1,
					"uv": [ 2.0, 37.0 ],
					"rotationOrigin": [ 2.5, 2.5, -0.5 ],
					"faces": {
						"north": { "texture": "#speed uvmap", "uv": [ 2.5, 37.5, 6.5, 39.5 ] },
						"east": { "texture": "#speed uvmap", "uv": [ 2.0, 37.5, 2.5, 39.5 ] },
						"south": { "texture": "#speed uvmap", "uv": [ 7.0, 37.5, 11.0, 39.5 ] },
						"west": { "texture": "#speed uvmap", "uv": [ 6.5, 37.5, 7.0, 39.5 ] },
						"up": { "texture": "#speed uvmap", "uv": [ 2.5, 37.0, 6.5, 37.5 ], "rotation": 180 },
						"down": { "texture": "#speed uvmap", "uv": [ 2.5, 39.5, 6.5, 40.0 ] }
					},
					"children": [
						{
							"name": "ArmorKneeSideR14",
							"from": [ 1.0, 0.5, -0.01 ], 
							"to": [ 1.5, 1.5, 0.01 ], 
							"unwrapMode": 1,
							"uv": [ 4.5, 37.5 ],
							"rotationOrigin": [ 1.0, 0.5, 0.0 ],
							"faces": {
								"north": { "texture": "#speed uvmap", "uv": [ 5.0, 38.0, 5.5, 39.0 ], "glow": 135 },
								"east": { "texture": "#speed uvmap", "uv": [ 4.5, 38.0, 5.0, 39.0 ] },
								"south": { "texture": "#speed uvmap", "uv": [ 6.0, 38.0, 6.5, 39.0 ] },
								"west": { "texture": "#speed uvmap", "uv": [ 5.5, 38.0, 6.0, 39.0 ] },
								"up": { "texture": "#speed uvmap", "uv": [ 5.0, 37.5, 5.5, 38.0 ], "rotation": 180 },
								"down": { "texture": "#speed uvmap", "uv": [ 5.0, 39.0, 5.5, 39.5 ] }
							}
						},
						{
							"name": "ArmorKneeSideR15",
							"from": [ 2.0, 0.5, -0.01 ], 
							"to": [ 2.5, 1.5, 0.01 ], 
							"unwrapMode": 1,
							"uv": [ 4.5, 37.5 ],
							"rotationOrigin": [ 2.0, 0.5, -0.1 ],
							"faces": {
								"north": { "texture": "#speed uvmap", "uv": [ 5.0, 38.0, 5.5, 39.0 ], "glow": 135 },
								"east": { "texture": "#speed uvmap", "uv": [ 4.5, 38.0, 5.0, 39.0 ] },
								"south": { "texture": "#speed uvmap", "uv": [ 6.0, 38.0, 6.5, 39.0 ] },
								"west": { "texture": "#speed uvmap", "uv": [ 5.5, 38.0, 6.0, 39.0 ] },
								"up": { "texture": "#speed uvmap", "uv": [ 5.0, 37.5, 5.5, 38.0 ], "rotation": 180 },
								"down": { "texture": "#speed uvmap", "uv": [ 5.0, 39.0, 5.5, 39.5 ] }
							}
						},
						{
							"name": "ArmorKneeSideR16",
							"from": [ 3.0, 0.5, -0.01 ], 
							"to": [ 3.5, 1.5, 0.01 ], 
							"unwrapMode": 1,
							"uv": [ 4.5, 37.5 ],
							"rotationOrigin": [ 3.0, 0.5, 0.0 ],
							"faces": {
								"north": { "texture": "#speed uvmap", "uv": [ 5.0, 38.0, 5.5, 39.0 ], "glow": 135 },
								"east": { "texture": "#speed uvmap", "uv": [ 4.5, 38.0, 5.0, 39.0 ] },
								"south": { "texture": "#speed uvmap", "uv": [ 6.0, 38.0, 6.5, 39.0 ] },
								"west": { "texture": "#speed uvmap", "uv": [ 5.5, 38.0, 6.0, 39.0 ] },
								"up": { "texture": "#speed uvmap", "uv": [ 5.0, 37.5, 5.5, 38.0 ], "rotation": 180 },
								"down": { "texture": "#speed uvmap", "uv": [ 5.0, 39.0, 5.5, 39.5 ] }
							}
						},
						{
							"name": "ArmorKneeSideR17",
							"from": [ 1.0, 0.5, -0.01 ], 
							"to": [ 1.5, 1.5, 0.0 ], 
							"unwrapMode": 1,
							"uv": [ 4.5, 37.5 ],
							"rotationOrigin": [ 1.0, 0.5, 0.0 ],
							"faces": {
								"north": { "texture": "#speed uvmap", "uv": [ 5.0, 38.0, 5.5, 39.0 ], "glow": 135 },
								"east": { "texture": "#speed uvmap", "uv": [ 4.5, 38.0, 5.0, 39.0 ] },
								"south": { "texture": "#speed uvmap", "uv": [ 6.0, 38.0, 6.5, 39.0 ] },
								"west": { "texture": "#speed uvmap", "uv": [ 5.5, 38.0, 6.0, 39.0 ] },
								"up": { "texture": "#speed uvmap", "uv": [ 5.0, 37.5, 5.5, 38.0 ], "rotation": 180 },
								"down": { "texture": "#speed uvmap", "uv": [ 5.0, 39.0, 5.5, 39.5 ] }
							}
						}
					]
				},
				{
					"name": "ArmorKneeR9",
					"from": [ -1.4, 1.9, -0.3 ], 
					"to": [ 0.6, 5.2, 3.7 ], 
					"unwrapMode": 4,
					"uv": [ 0.5, 14.5 ],
					"rotationOrigin": [ -1.4, 1.9, -0.3 ],
					"rotationZ": -25.0,
					"faces": {
						"north": { "texture": "#speed uvmap", "uv": [ 0.5, 16.5, 2.5, 19.5 ] },
						"east": { "texture": "#speed uvmap", "uv": [ 8.5, 16.5, 12.5, 19.5 ] },
						"south": { "texture": "#speed uvmap", "uv": [ 6.5, 16.5, 8.5, 19.5 ] },
						"west": { "texture": "#speed uvmap", "uv": [ 2.5, 16.5, 6.5, 19.5 ] },
						"up": { "texture": "#speed uvmap", "uv": [ 2.5, 14.5, 6.5, 16.5 ], "rotation": 90 },
						"down": { "texture": "#speed uvmap", "uv": [ 2.5, 19.5, 6.5, 21.5 ], "rotation": 90 }
					}
				},
				{
					"name": "ArmorKneeR11",
					"from": [ 1.6, -0.1, -0.2 ], 
					"to": [ 3.6, 2.9, 3.6 ], 
					"unwrapMode": 4,
					"uv": [ 1.0, 22.0 ],
					"rotationOrigin": [ 1.6, -0.1, -0.2 ],
					"rotationZ": 90.0,
					"faces": {
						"north": { "texture": "#speed uvmap", "uv": [ 1.0, 24.0, 3.0, 27.0 ] },
						"east": { "texture": "#speed uvmap", "uv": [ 8.5, 24.0, 12.0, 27.0 ] },
						"south": { "texture": "#speed uvmap", "uv": [ 6.5, 24.0, 8.5, 27.0 ] },
						"west": { "texture": "#speed uvmap", "uv": [ 3.0, 24.0, 6.5, 27.0 ] },
						"up": { "texture": "#speed uvmap", "uv": [ 3.0, 22.0, 6.5, 24.0 ], "rotation": 90 },
						"down": { "texture": "#speed uvmap", "uv": [ 3.0, 27.0, 6.5, 29.0 ], "rotation": 90 }
					}
				},
				{
					"name": "ArmorKneeR14",
					"from": [ 4.6, -0.1, -0.2 ], 
					"to": [ 6.6, 2.9, 3.6 ], 
					"unwrapMode": 4,
					"uv": [ 1.0, 29.5 ],
					"rotationOrigin": [ 4.6, -0.1, -0.2 ],
					"rotationZ": 90.0,
					"faces": {
						"north": { "texture": "#speed uvmap", "uv": [ 1.0, 31.5, 3.0, 34.5 ] },
						"east": { "texture": "#speed uvmap", "uv": [ 8.5, 31.5, 12.0, 34.5 ] },
						"south": { "texture": "#speed uvmap", "uv": [ 6.5, 31.5, 8.5, 34.5 ] },
						"west": { "texture": "#speed uvmap", "uv": [ 3.0, 31.5, 6.5, 34.5 ] },
						"up": { "texture": "#speed uvmap", "uv": [ 3.0, 29.5, 6.5, 31.5 ], "rotation": 90 },
						"down": { "texture": "#speed uvmap", "uv": [ 3.0, 34.5, 6.5, 36.5 ], "rotation": 90 }
					}
				}
			]
		},
		{
			"name": "ArmorLowerLegL",
			"stepParentName": "LowerFootL",
			"from": [ -0.3, -0.2, -0.15 ], 
			"to": [ 4.2, 9.3, 3.35 ], 
			"uv": [ 18.0, 0.5 ],
			"rotationOrigin": [ -0.3, -0.2, -0.3 ],
			"faces": {
				"north": { "texture": "#speed uvmap", "uv": [ 18.0, 4.0, 22.5, 13.5 ] },
				"east": { "texture": "#speed uvmap", "uv": [ 22.5, 4.0, 26.0, 13.5 ] },
				"south": { "texture": "#speed uvmap", "uv": [ 26.0, 4.0, 30.5, 13.5 ] },
				"west": { "texture": "#speed uvmap", "uv": [ 30.5, 4.0, 34.0, 13.5 ] },
				"up": { "texture": "#speed uvmap", "uv": [ 18.0, 0.5, 22.5, 4.0 ] },
				"down": { "texture": "#speed uvmap", "uv": [ 22.5, 0.5, 27.0, 4.0 ] }
			},
			"children": [
				{
					"name": "ArmorKneeSideL",
					"from": [ 2.5, 2.5, 3.5 ], 
					"to": [ 6.5, 4.5, 4.0 ], 
					"unwrapMode": 3,
					"uv": [ 15.0, 37.0 ],
					"rotationOrigin": [ 2.5, 2.5, 3.5 ],
					"faces": {
						"north": { "texture": "#speed uvmap", "uv": [ 20.0, 37.5, 24.0, 39.5 ] },
						"east": { "texture": "#speed uvmap", "uv": [ 19.5, 37.5, 20.0, 39.5 ] },
						"south": { "texture": "#speed uvmap", "uv": [ 15.5, 37.5, 19.5, 39.5 ] },
						"west": { "texture": "#speed uvmap", "uv": [ 15.0, 37.5, 15.5, 39.5 ] },
						"up": { "texture": "#speed uvmap", "uv": [ 15.5, 37.0, 19.5, 37.5 ] },
						"down": { "texture": "#speed uvmap", "uv": [ 15.5, 39.5, 19.5, 40.0 ], "rotation": 180 }
					},
					"children": [
						{
							"name": "ArmorKneeSideL11",
							"from": [ 1.0, 0.5, 0.5 ], 
							"to": [ 1.5, 1.5, 0.51 ], 
							"unwrapMode": 3,
							"uv": [ 17.0, 37.5 ],
							"rotationOrigin": [ 1.0, 0.5, 0.5 ],
							"faces": {
								"north": { "texture": "#speed uvmap", "uv": [ 18.5, 38.0, 19.0, 39.0 ] },
								"east": { "texture": "#speed uvmap", "uv": [ 18.0, 38.0, 18.5, 39.0 ] },
								"south": { "texture": "#speed uvmap", "uv": [ 17.5, 38.0, 18.0, 39.0 ], "glow": 135 },
								"west": { "texture": "#speed uvmap", "uv": [ 17.0, 38.0, 17.5, 39.0 ] },
								"up": { "texture": "#speed uvmap", "uv": [ 17.5, 37.5, 18.0, 38.0 ] },
								"down": { "texture": "#speed uvmap", "uv": [ 17.5, 39.0, 18.0, 39.5 ], "rotation": 180 }
							}
						},
						{
							"name": "ArmorKneeSideL12",
							"from": [ 2.0, 0.5, 0.5 ], 
							"to": [ 2.5, 1.5, 0.51 ], 
							"unwrapMode": 3,
							"uv": [ 17.0, 37.5 ],
							"rotationOrigin": [ 2.0, 0.5, 0.5 ],
							"faces": {
								"north": { "texture": "#speed uvmap", "uv": [ 18.5, 38.0, 19.0, 39.0 ] },
								"east": { "texture": "#speed uvmap", "uv": [ 18.0, 38.0, 18.5, 39.0 ] },
								"south": { "texture": "#speed uvmap", "uv": [ 17.5, 38.0, 18.0, 39.0 ], "glow": 135 },
								"west": { "texture": "#speed uvmap", "uv": [ 17.0, 38.0, 17.5, 39.0 ] },
								"up": { "texture": "#speed uvmap", "uv": [ 17.5, 37.5, 18.0, 38.0 ] },
								"down": { "texture": "#speed uvmap", "uv": [ 17.5, 39.0, 18.0, 39.5 ], "rotation": 180 }
							}
						},
						{
							"name": "ArmorKneeSideL13",
							"from": [ 3.0, 0.5, 0.5 ], 
							"to": [ 3.5, 1.5, 0.51 ], 
							"unwrapMode": 3,
							"uv": [ 17.0, 37.5 ],
							"rotationOrigin": [ 3.0, 0.5, 0.5 ],
							"faces": {
								"north": { "texture": "#speed uvmap", "uv": [ 18.5, 38.0, 19.0, 39.0 ] },
								"east": { "texture": "#speed uvmap", "uv": [ 18.0, 38.0, 18.5, 39.0 ] },
								"south": { "texture": "#speed uvmap", "uv": [ 17.5, 38.0, 18.0, 39.0 ], "glow": 135 },
								"west": { "texture": "#speed uvmap", "uv": [ 17.0, 38.0, 17.5, 39.0 ] },
								"up": { "texture": "#speed uvmap", "uv": [ 18.0, 37.5, 18.5, 38.0 ] },
								"down": { "texture": "#speed uvmap", "uv": [ 17.5, 39.0, 18.0, 39.5 ], "rotation": 180 }
							}
						}
					]
				},
				{
					"name": "ArmorKneeL10",
					"from": [ -1.4, 1.9, -0.3 ], 
					"to": [ 0.6, 5.2, 3.7 ], 
					"unwrapMode": 4,
					"uv": [ 13.5, 14.5 ],
					"rotationOrigin": [ -1.4, 1.9, -0.3 ],
					"rotationZ": -25.0,
					"faces": {
						"north": { "texture": "#speed uvmap", "uv": [ 13.5, 16.5, 15.5, 19.5 ] },
						"east": { "texture": "#speed uvmap", "uv": [ 21.5, 16.5, 25.5, 19.5 ] },
						"south": { "texture": "#speed uvmap", "uv": [ 19.5, 16.5, 21.5, 19.5 ] },
						"west": { "texture": "#speed uvmap", "uv": [ 15.5, 16.5, 19.5, 19.5 ] },
						"up": { "texture": "#speed uvmap", "uv": [ 15.5, 14.5, 19.5, 16.5 ], "rotation": 90 },
						"down": { "texture": "#speed uvmap", "uv": [ 15.5, 19.5, 19.5, 21.5 ], "rotation": 90 }
					}
				},
				{
					"name": "ArmorKneeL12",
					"from": [ 1.6, -0.1, -0.2 ], 
					"to": [ 3.6, 2.9, 3.6 ], 
					"unwrapMode": 4,
					"uv": [ 14.0, 22.0 ],
					"rotationOrigin": [ 1.6, -0.1, -0.2 ],
					"rotationZ": 90.0,
					"faces": {
						"north": { "texture": "#speed uvmap", "uv": [ 14.0, 24.0, 16.0, 27.0 ] },
						"east": { "texture": "#speed uvmap", "uv": [ 21.5, 24.0, 25.0, 27.0 ] },
						"south": { "texture": "#speed uvmap", "uv": [ 19.5, 24.0, 21.5, 27.0 ] },
						"west": { "texture": "#speed uvmap", "uv": [ 16.0, 24.0, 19.5, 27.0 ] },
						"up": { "texture": "#speed uvmap", "uv": [ 16.0, 22.0, 19.5, 24.0 ], "rotation": 90 },
						"down": { "texture": "#speed uvmap", "uv": [ 16.0, 27.0, 19.5, 29.0 ], "rotation": 90 }
					}
				},
				{
					"name": "ArmorKneeL13",
					"from": [ 4.6, -0.1, -0.2 ], 
					"to": [ 6.6, 2.9, 3.6 ], 
					"unwrapMode": 4,
					"uv": [ 14.0, 29.5 ],
					"rotationOrigin": [ 4.6, -0.1, -0.2 ],
					"rotationZ": 90.0,
					"faces": {
						"north": { "texture": "#speed uvmap", "uv": [ 14.0, 31.5, 16.0, 34.5 ] },
						"east": { "texture": "#speed uvmap", "uv": [ 21.5, 31.5, 25.0, 34.5 ] },
						"south": { "texture": "#speed uvmap", "uv": [ 19.5, 31.5, 21.5, 34.5 ] },
						"west": { "texture": "#speed uvmap", "uv": [ 16.0, 31.5, 19.5, 34.5 ] },
						"up": { "texture": "#speed uvmap", "uv": [ 16.0, 29.5, 19.5, 31.5 ], "rotation": 90 },
						"down": { "texture": "#speed uvmap", "uv": [ 16.0, 34.5, 19.5, 36.5 ], "rotation": 90 }
					}
				}
			]
		}
	]}