{
	"editor": {
		"allAngles": false,
		"entityTextureMode": false
	},
	"textureWidth": 16,
	"textureHeight": 16,
	"textureSizes": {
	},
	"textures": {
	},
	"elements": [
		{
			"name": "chamber9",
			"from": [ 5.5, 0.01, 5.5 ], 
			"to": [ 10.5, 0.51, 10.5 ], 
			"renderPass": 4,
			"rotationOrigin": [ 5.5, 0.1, 5.5 ],
			"faces": {
				"north": { "texture": "#alembic_chamber", "uv": [ 15.0, 8.5, 15.5, 15.5 ], "enabled": false, "autoUv": false },
				"east": { "texture": "#alembic_chamber", "uv": [ 9.0, 8.5, 14.0, 9.0 ], "enabled": false },
				"south": { "texture": "#alembic_chamber", "uv": [ 8.5, 8.5, 13.5, 9.0 ], "enabled": false },
				"west": { "texture": "#alembic_chamber", "uv": [ 9.0, 8.5, 14.0, 9.0 ], "enabled": false },
				"up": { "texture": "#alembic_chamber", "uv": [ 9.5, 9.5, 14.5, 14.5 ] },
				"down": { "texture": "#alembic_chamber", "uv": [ 9.0, 9.0, 14.0, 14.0 ], "enabled": false }
			}
		}
	]}