﻿[
 {
   file: "expandedfoods:recipes/kneading/breadedmeatnuggetsyrup.json",
    "side": "server",
    op: "add", 
    path: "/0/ingredients/0/inputs/-", 
    value: { type: "item", code: "expandedfoods:fishsauce",  quantity: 10 },
    dependsOn: [{ "modid": "primitivesurvival" }]
 },
 {
   file: "expandedfoods:recipes/kneading/breadedmeatnuggetsyrup.json",
    "side": "server",
    op: "add", 
    path: "/1/ingredients/0/inputs/-", 
    value: { type: "item", code: "expandedfoods:fishsauce",  quantity: 10 },
    dependsOn: [{ "modid": "primitivesurvival" }]
 },
 {
   file: "expandedfoods:recipes/kneading/breadedmeatnuggetsyrup.json",
    "side": "server",
    op: "add", 
    path: "/2/ingredients/0/inputs/-", 
    value: { type: "item", code: "expandedfoods:fishsauce",  quantity: 10 },
    dependsOn: [{ "modid": "primitivesurvival" }]
 },
 {
   file: "expandedfoods:recipes/kneading/breadedmeatnuggetsyrup.json",
    "side": "server",
    op: "add", 
    path: "/3/ingredients/0/inputs/-", 
    value: { type: "item", code: "expandedfoods:fishsauce",  quantity: 10 },
    dependsOn: [{ "modid": "primitivesurvival" }]
 },
 {
   file: "expandedfoods:recipes/kneading/breadedmeatnuggetsyrup.json",
    "side": "server",
    op: "add", 
    path: "/4/ingredients/0/inputs/-", 
    value: { type: "item", code: "expandedfoods:fishsauce",  quantity: 10 },
    dependsOn: [{ "modid": "primitivesurvival" }]
 },
 {
   file: "expandedfoods:recipes/kneading/breadedmeatnuggetsyrup.json",
    "side": "server",
    op: "add", 
    path: "/5/ingredients/0/inputs/-", 
    value: { type: "item", code: "expandedfoods:fishsauce",  quantity: 10 },
    dependsOn: [{ "modid": "primitivesurvival" }]
 },
 {
   file: "expandedfoods:recipes/kneading/breadedmeatnuggetsyrup.json",
    "side": "server",
    op: "add", 
    path: "/6/ingredients/0/inputs/-", 
    value: { type: "item", code: "expandedfoods:fishsauce",  quantity: 10 },
    dependsOn: [{ "modid": "primitivesurvival" }]
 },
 {
   file: "expandedfoods:recipes/kneading/breadedmeatnuggetsyrup.json",
    "side": "server",
    op: "add", 
    path: "/7/ingredients/0/inputs/-", 
    value: { type: "item", code: "expandedfoods:fishsauce",  quantity: 10 },
    dependsOn: [{ "modid": "primitivesurvival" }]
 },
 {
   file: "expandedfoods:recipes/kneading/breadedmeatnuggetsyrup.json",
    "side": "server",
    op: "add", 
    path: "/8/ingredients/0/inputs/-", 
    value: { type: "item", code: "expandedfoods:fishsauce",  quantity: 10 },
    dependsOn: [{ "modid": "primitivesurvival" }]
 },
]