﻿[
 {
   file: "expandedfoods:recipes/kneading/wildcraft/herbstuff/primitivesurvival/breadedfishnuggetherb.json",
    op: "replace", 
    path: "/0/enabled", 
    value: "true",
    "side": "server",
    dependsOn: [{ "modid": "wildcraft" }, { "modid": "primitivesurvival" }]
 },
 {
   file: "expandedfoods:recipes/kneading/wildcraft/herbstuff/primitivesurvival/breadedfishnuggetherb.json",
    op: "replace", 
    path: "/1/enabled", 
    value: "true",
    "side": "server",
    dependsOn: [{ "modid": "wildcraft" }, { "modid": "primitivesurvival" }]
 },
 {
   file: "expandedfoods:recipes/kneading/wildcraft/herbstuff/primitivesurvival/breadedfishnuggetherb.json",
    op: "replace", 
    path: "/2/enabled", 
    value: "true",
    "side": "server",
    dependsOn: [{ "modid": "wildcraft" }, { "modid": "primitivesurvival" }]
 },
 {
   file: "expandedfoods:recipes/kneading/wildcraft/herbstuff/primitivesurvival/breadedfishnuggetherb.json",
    op: "replace", 
    path: "/3/enabled", 
    value: "true",
    "side": "server",
    dependsOn: [{ "modid": "wildcraft" }, { "modid": "primitivesurvival" }]
 },
 {
   file: "expandedfoods:recipes/kneading/wildcraft/herbstuff/primitivesurvival/breadedfishnuggetherb.json",
    op: "replace", 
    path: "/4/enabled", 
    value: "true",
    "side": "server",
    dependsOn: [{ "modid": "wildcraft" }, { "modid": "primitivesurvival" }]
 },
 {
   file: "expandedfoods:recipes/kneading/wildcraft/herbstuff/primitivesurvival/breadedfishnuggetherb.json",
    op: "replace", 
    path: "/5/enabled", 
    value: "true",
    "side": "server",
    dependsOn: [{ "modid": "wildcraft" }, { "modid": "primitivesurvival" }]
 },
]