{
  "ingredient": { "type": "item", "code": "game:clay-*", "name": "type", "allowedVariants": ["blue", "fire"] },
  "pattern": [
    [
      "#########",
      "#########",
      "#########",
      "#########",
      "#########",
      "#########",
      "#########",
      "#########",
      "#########"
    ],
    [
      "#########",
      "###___###",
      "##__#__##",
      "#__###__#",
      "#_#####_#",
      "#__###__#",
      "##__#__##",
      "###___###",
      "#########"
    ],
    [
      "#########",
      "#########",
      "###___###",
      "##__#__##",
      "##_###_##",
      "##__#__##",
      "###___###",
      "#########",
      "#########"
    ],
    [
      "#########",
      "###___###",
      "##__#__##",
      "#__###__#",
      "#_#####_#",
      "#__###__#",
      "##__#__##",
      "###___###",
      "#########"
    ],
    [
      "#########",
      "###___###",
      "##__#__##",
      "#__###__#",
      "#_#####_#",
      "#__###__#",
      "##__#__##",
      "###___###",
      "#########"
    ],
    [
      "#########",
      "###___###",
      "##__#__##",
      "#__###__#",
      "#_#####_#",
      "#__###__#",
      "##__#__##",
      "###___###",
      "#########"
    ],
    [
      "#########",
      "#########",
      "###___###",
      "##_____##",
      "##_____##",
      "##_____##",
      "###___###",
      "#########",
      "#########"
    ]
  ],
  "name": "Kettle Mold",
  "output": { "type": "block", "code": "balancedthirst:toolmold-raw-kettle"  },
  "enabled": false
}