[
	{
  "ingredientPattern": "PTP,RXR,CKC",
  "ingredients": {
    "P": {
      "type": "block", 
	  "code": "game:metal-parts", "quantity": 1
    },
	"T": {
      "type": "item", 
	  "code": "game:gear-temporal", "quantity": 1
    },
	"R": {
      "type": "item", 
	  "code": "fieldresonator", "quantity": 1
    },
	"X": {
      "type": "item",
      "code": "schematic-advpart", isTool: true, toolDurabilityCost: 0
    },
	"C": {
      "type": "item", 
	  "code": "temporalpowercell", "quantity": 2
    },
	"K": {
      "type": "item", 
	  "code": "plating", "quantity": 1
    }
	},
  "width": 3,
  "height": 3,
  "shapeless": true,
  "output": { type: "item", code: "advparts", "quantity": 1  }
	}
]
