[
	{
  "ingredientPattern": "VXV,BPC,V_V",
  "ingredients": {
	"P": {
      "type": "item", 
	  "code": "game:armor-body-plate-steel", "quantity": 1
    },
	"V": {
      "type": "item", 
	  "code": "plating", "quantity": 4
    },
    "X": {
      "type": "item", 
	  "code": "schematic-armor1", isTool: true, toolDurabilityCost: 0
    },
	"B": {
      "type": "item",
      "code": "advparts", "quantity": 1
    },
	"C": {
      "type": "item",
      "code": "temporalcore"
    }
	},
  "width": 3,
  "height": 3,
  recipeGroup: 1,
  "averageDurability": false,
  "output": { type: "item", code: "forcefield", "quantity": 1  }
	},
	{
	"ingredientPattern": "SC",
  "ingredients": {
    "S": {
      "type": "item", 
	  "code": "forcefield", "quantity": 1
    },
    "C": {
      "type": "item",
      "code": "temporalpowercell", "quantity": 32
    }
  },
  "width": 2,
  "height": 1,
  "shapeless": true,
  "averageDurability": false,
  "output": { type: "item", code: "forcefield", "quantity": 1  }
	},
	{
  "ingredientPattern": "PXP,RCV,MBM",
  "ingredients": {
	"R": {
      "type": "item", 
	  "code": "fieldresonator", "quantity": 2
    },
	"P": {
      "type": "item", 
	  "code": "plating", "quantity": 4
    },
	"V": {
      "type": "item", 
	  "code": "game:leather-*", "quantity": 8
    },
    "X": {
      "type": "item", 
	  "code": "schematic-armor2", isTool: true, toolDurabilityCost: 0
    },
	"B": {
      "type": "item",
      "code": "advparts", "quantity": 1
    },
	"M": {
      "type": "item",
      "code": "game:metalplate-steel", "quantity": 2
    },
	"C": {
      "type": "item",
      "code": "temporalcore"
    }
	},
  "width": 3,
  "height": 3,
  recipeGroup: 1,
  "averageDurability": false,
  "output": { type: "item", code: "stasispack", "quantity": 1  }
	},
	{
	"ingredientPattern": "SC",
  "ingredients": {
    "S": {
      "type": "item", 
	  "code": "stasispack", "quantity": 1
    },
    "C": {
      "type": "item",
      "code": "temporalpowercell", "quantity": 24
    }
  },
  "width": 2,
  "height": 1,
  "shapeless": true,
  "averageDurability": false,
  "output": { type: "item", code: "stasispack", "quantity": 1  }
	}
]
