{
  "ingredientPattern": "BC,XY,PZ",
  "ingredients": {
    "B": {
      "type": "item", 
	  "code": "bulb", "quantity": 2
    },
    "C": {
      "type": "item",
      "code": "coil", "quantity": 2
    },
	"X": {
      "type": "item",
      "code": "czbatt", "quantity": 1
    },
	"P": {
      "type": "item",
      "code": "game:plank-*", "quantity": 2
    },
	"Z": {
      "type": "item",
      "code": "game:solderingiron", isTool: true, toolDurabilityCost: 1
    },
	"Y": {
      "type": "item",
      "code": "game:solderbar-*", "quantity": 1
    }
  },
  "width": 2,
  "height": 3,
  "output": { type: "block", code: "etorch-up", "quantity": 2  }
}
