[
{
  "ingredientPattern": "PTP,RXR,_C_",
  "ingredients": {
    "P": {
      "type": "block", 
	  "code": "game:metal-parts", "quantity": 1
    },
	"T": {
      "type": "item", 
	  "code": "advparts", "quantity": 1
    },
	"R": {
      "type": "block", 
	  "code": "brassparts", "quantity": 1
    },
	"X": {
      "type": "item",
      "code": "game:spear-tinbronze"
    },
	"C": {
      "type": "item", 
	  "code": "temporalpowercell", "quantity": 8
    }
  },
  "width": 3,
  "height": 3,
  "shapeless": false,
  "output": { type: "item", code: "game:spear-hacking", "quantity": 1  }
},
{
  "ingredientPattern": "_X_,CTB,FPR",
  "ingredients": {
    "P": {
      "type": "block", 
	  "code": "game:metal-parts", "quantity": 2
    },
	"B": {
      "type": "item", 
	  "code": "bulb", "quantity": 1
    },
	"T": {
      "type": "item", 
	  "code": "advparts", "quantity": 1
    },
	"R": {
      "type": "block", 
	  "code": "brassparts", "quantity": 2
    },
	"X": {
      "type": "item",
      "code": "schematic-advpart", isTool: true, toolDurabilityCost: 0
    },
	"C": {
      "type": "block", 
	  "code": "copperparts", "quantity": 2
    },
	"F": {
      "type": "block", 
	  "code": "bronzeparts", "quantity": 2
    }
  },
  "width": 3,
  "height": 3,
  "shapeless": false,
  "output": { type: "item", code: "locustframe-bronze", "quantity": 1  }
},
{
  "ingredientPattern": "_X_,CTB,FPR",
  "ingredients": {
    "P": {
      "type": "block", 
	  "code": "game:metal-parts", "quantity": 4
    },
	"B": {
      "type": "item", 
	  "code": "bulb", "quantity": 1
    },
	"T": {
      "type": "item", 
	  "code": "advparts", "quantity": 1
    },
	"R": {
      "type": "block", 
	  "code": "brassparts", "quantity": 4
    },
	"X": {
      "type": "item",
      "code": "schematic-advpart", isTool: true, toolDurabilityCost: 0
    },
	"C": {
      "type": "block", 
	  "code": "copperparts", "quantity": 2
    },
	"F": {
      "type": "block", 
	  "code": "ironparts", "quantity": 2
    }
  },
  "width": 3,
  "height": 3,
  "shapeless": false,
  "output": { type: "item", code: "locustframe-corrupt", "quantity": 1  }
},
{
  "ingredientPattern": "LP,C_",
  "ingredients": {
    "P": {
      "type": "block", 
	  "code": "bronzeparts", "quantity": 1
    },
	"L": {
      "type": "item", 
	  "code": "locustframe-bronze", "quantity": 1
    },
	"C": {
      "type": "item", 
	  "code": "temporalpowercell", "quantity": 4
    }
  },
  "width": 2,
  "height": 2,
  "shapeless": true,
  "output": { type: "item", code: "game:creature-locust-bronze-hacked", "quantity": 1  }
},
{
  "ingredientPattern": "LP,C_",
  "ingredients": {
    "P": {
      "type": "block", 
	  "code": "ironparts", "quantity": 1
    },
	"L": {
      "type": "item", 
	  "code": "locustframe-corrupt", "quantity": 1
    },
	"C": {
      "type": "item", 
	  "code": "temporalpowercell", "quantity": 8
    }
  },
  "width": 2,
  "height": 2,
  "shapeless": true,
  "output": { type: "item", code: "game:creature-locust-corrupt-hacked", "quantity": 1  }
}
]
