{
  "ingredientPattern": "_W_,WIW,ZWX",
  "ingredients": {
    "C": {
      "type": "block", 
	  "code": "copperparts"
    },
    "W": {
      "type": "item",
      "code": "coil", "quantity": 4
    },
	"I": {
      "type": "item",
      "code": "game:ingot-iron", "quantity": 1
    },
	"Z": {
      "type": "item",
      "code": "game:solderingiron", isTool: true, toolDurabilityCost: 2
    },
	"X": {
      "type": "item",
      "code": "game:solderbar-*", "quantity": 2
    }
  },
  "width": 3,
  "height": 3,
  "output": { type: "item", code: "motor", "quantity": 1  }
}
