[
{
  "ingredientPattern": "GFGBC__P_",
  "ingredients": {
    "G": {
      "type": "item", 
	  "code": "game:ore-quartz", "quantity": 1
    },
    "F": {
      "type": "item",
      "code": "fieldresonator", "quantity": 2
    },
	"C": {
      "type": "item",
      "code": "temporalpowercell", "quantity": 2
    },
	"B": {
      "type": "block",
      "code": "brassparts", "quantity": 1
    },
	"P": {
      "type": "item",
      "code": "game:plank-*", "quantity": 2
    }
  },
  "width": 3,
  "height": 3,
  "output": { type: "block", code: "temptorch-up", "quantity": 2 }
},
{
  "ingredientPattern": "GFGBC__P_",
  "ingredients": {
    "G": {
      "type": "item", 
	  "code": "game:clearquartz", "quantity": 1
    },
    "F": {
      "type": "item",
      "code": "fieldresonator", "quantity": 2
    },
	"C": {
      "type": "item",
      "code": "temporalpowercell", "quantity": 2
    },
	"B": {
      "type": "block",
      "code": "brassparts", "quantity": 1
    },
	"P": {
      "type": "item",
      "code": "game:plank-*", "quantity": 2
    }
  },
  "width": 3,
  "height": 3,
  "output": { type: "block", code: "temptorch-up", "quantity": 2 }
}
]
