[
	{
  "ingredientPattern": "PQ,TX",
  "ingredients": {
    "P": {
      "type": "item", 
	  "code": "plating", "quantity": 1
    },
    "Q": {
      "type": "item",
      "code": "game:ore-quartz", "quantity": 8
    },
	"T": {
      "type": "item",
      "code": "temporalessence", "quantity": 8
    },
	"X": {
      "type": "item",
      "code": "schematic-basicpart", isTool: true, toolDurabilityCost: 0
    }
	},
  "width": 2,
  "height": 2,
  recipeGroup: 2,
  "shapeless": true,
  "output": { type: "item", code: "temporalpowercell", "quantity": 24  }
	},
	{
  "ingredientPattern": "PQ,TX",
  "ingredients": {
    "P": {
      "type": "block", 
	  "code": "brassparts", "quantity": 1
    },
    "Q": {
      "type": "item",
      "code": "game:ore-quartz", "quantity": 4
    },
	"T": {
      "type": "item",
      "code": "temporalessence", "quantity": 4
    },
	"X": {
      "type": "item",
      "code": "schematic-basicpart", isTool: true, toolDurabilityCost: 0
    }
	},
  "width": 2,
  "height": 2,
  recipeGroup: 1,
  "shapeless": true,
  "output": { type: "item", code: "temporalpowercell", "quantity": 8  }
	},
	{
  "ingredientPattern": "PQ,TX",
  "ingredients": {
    "P": {
      "type": "item", 
	  "code": "plating", "quantity": 1
    },
    "Q": {
      "type": "item",
      "code": "game:clearquartz", "quantity": 4
    },
	"T": {
      "type": "item",
      "code": "temporalessence", "quantity": 8
    },
	"X": {
      "type": "item",
      "code": "schematic-basicpart", isTool: true, toolDurabilityCost: 0
    }
	},
  "width": 2,
  "height": 2,
  recipeGroup: 2,
  "shapeless": true,
  "output": { type: "item", code: "temporalpowercell", "quantity": 24  }
	},
	{
  "ingredientPattern": "PQ,TX",
  "ingredients": {
    "P": {
      "type": "block", 
	  "code": "brassparts", "quantity": 1
    },
    "Q": {
      "type": "item",
      "code": "game:clearquartz", "quantity": 2
    },
	"T": {
      "type": "item",
      "code": "temporalessence", "quantity": 4
    },
	"X": {
      "type": "item",
      "code": "schematic-basicpart", isTool: true, toolDurabilityCost: 0
    }
	},
  "width": 2,
  "height": 2,
  recipeGroup: 1,
  "shapeless": true,
  "output": { type: "item", code: "temporalpowercell", "quantity": 8 }
	}
]
