[

    {"op":"add","path":"/rocktypeRemapGroups/standard/looseboulders-granite-free","value":"looseboulders-{rock}-free", "file":"game:worldgen/structures.json" },

    {
    "op":"add","path":"/structures/-","value":{
        code: "boulderslarge",
        chance: 0.05,
        schematics: ["game:surface/geoaddons/boulder_large_*"],
        rockTypeRemapGroup: "standard",
        offsetY: -1
    }, "file":"game:worldgen/structures.json" },

    {
    "op":"add","path":"/structures/-","value":{
        code: "boulderssmall",
        chance: 0.1,
        schematics: ["game:surface/geoaddons/boulder_small_*"],
        rockTypeRemapGroup: "standard",
        offsetY: -1
    }, "file":"game:worldgen/structures.json" },

    {
    "op":"add","path":"/structures/-","value":{
        code: "forgeruins",
        chance: 0.005,
        schematics: ["game:surface/geoaddons/forge_*"],
        rockTypeRemapGroup: "standard"
    }, "file":"game:worldgen/structures.json" }

]

