{
	"editor": {
		"allAngles": false,
		"entityTextureMode": false
	},
	"textureWidth": 16,
	"textureHeight": 16,
	"textureSizes": {
	},
	"textures": {
		"clear": "game:block/wood/displaycase/clear",
		"side": "block/iron",
		"up": "block/iron",
		"down": "block/iron",
		"copper": "game:block/metal/ingot/copper"
	},
	"elements": [
		{
			"name": "Cube11",
			"from": [ 0.0, 0.0, 0.0 ], 
			"to": [ 16.0, 2.0, 16.0 ], 
			"faces": {
				"north": { "texture": "#side", "uv": [ 0.0, 0.0, 16.0, 2.0 ] },
				"east": { "texture": "#side", "uv": [ 0.0, 0.0, 16.0, 2.0 ] },
				"south": { "texture": "#side", "uv": [ 0.0, 0.0, 16.0, 2.0 ] },
				"west": { "texture": "#side", "uv": [ 0.0, 0.0, 16.0, 2.0 ] },
				"up": { "texture": "#up", "uv": [ 0.0, 0.0, 16.0, 16.0 ] },
				"down": { "texture": "#down", "uv": [ 0.0, 0.0, 16.0, 16.0 ] }
			}
		},
		{
			"name": "Cube12",
			"from": [ 4.0, 2.0, 4.0 ], 
			"to": [ 12.0, 12.0, 12.0 ], 
			"reflective": true,
			"renderPass": 3,
			"rotationOrigin": [ 4.0, 2.0, 4.0 ],
			"faces": {
				"north": { "texture": "#clear", "uv": [ 0.0, 0.0, 8.0, 10.0 ] },
				"east": { "texture": "#clear", "uv": [ 0.0, 0.0, 8.0, 10.0 ] },
				"south": { "texture": "#clear", "uv": [ 0.0, 0.0, 8.0, 10.0 ] },
				"west": { "texture": "#clear", "uv": [ 0.0, 0.0, 8.0, 10.0 ] },
				"up": { "texture": "#clear", "uv": [ 0.0, 0.0, 8.0, 8.0 ] },
				"down": { "texture": "#clear", "uv": [ 0.0, 0.0, 8.0, 8.0 ], "enabled": false }
			}
		},
		{
			"name": "Cube1",
			"from": [ 7.5, 2.0, 6.0 ], 
			"to": [ 8.5, 6.0, 7.0 ], 
			"rotationOrigin": [ 7.5, 2.0, 6.0 ],
			"faces": {
				"north": { "texture": "#copper", "uv": [ 0.0, 0.0, 1.0, 4.0 ] },
				"east": { "texture": "#copper", "uv": [ 0.0, 0.0, 1.0, 4.0 ] },
				"south": { "texture": "#copper", "uv": [ 0.0, 0.0, 1.0, 4.0 ] },
				"west": { "texture": "#copper", "uv": [ 0.0, 0.0, 1.0, 4.0 ] },
				"up": { "texture": "#copper", "uv": [ 0.0, 0.0, 1.0, 1.0 ] },
				"down": { "texture": "#copper", "uv": [ 0.0, 0.0, 1.0, 1.0 ] }
			}
		},
		{
			"name": "Cube2",
			"from": [ 7.5, 2.0, 9.0 ], 
			"to": [ 8.5, 6.0, 10.0 ], 
			"rotationOrigin": [ 7.5, 2.0, 9.0 ],
			"faces": {
				"north": { "texture": "#copper", "uv": [ 0.0, 0.0, 1.0, 4.0 ] },
				"east": { "texture": "#copper", "uv": [ 0.0, 0.0, 1.0, 4.0 ] },
				"south": { "texture": "#copper", "uv": [ 0.0, 0.0, 1.0, 4.0 ] },
				"west": { "texture": "#copper", "uv": [ 0.0, 0.0, 1.0, 4.0 ] },
				"up": { "texture": "#copper", "uv": [ 0.0, 0.0, 1.0, 1.0 ] },
				"down": { "texture": "#copper", "uv": [ 0.0, 0.0, 1.0, 1.0 ] }
			}
		},
		{
			"name": "Cube3",
			"from": [ 6.0, 2.0, 7.5 ], 
			"to": [ 7.0, 6.0, 8.5 ], 
			"rotationOrigin": [ 6.0, 2.0, 7.5 ],
			"faces": {
				"north": { "texture": "#copper", "uv": [ 0.0, 0.0, 1.0, 4.0 ] },
				"east": { "texture": "#copper", "uv": [ 0.0, 0.0, 1.0, 4.0 ] },
				"south": { "texture": "#copper", "uv": [ 0.0, 0.0, 1.0, 4.0 ] },
				"west": { "texture": "#copper", "uv": [ 0.0, 0.0, 1.0, 4.0 ] },
				"up": { "texture": "#copper", "uv": [ 0.0, 0.0, 1.0, 1.0 ] },
				"down": { "texture": "#copper", "uv": [ 0.0, 0.0, 1.0, 1.0 ] }
			}
		},
		{
			"name": "Cube4",
			"from": [ 9.0, 2.0, 7.5 ], 
			"to": [ 10.0, 6.0, 8.5 ], 
			"rotationOrigin": [ 9.0, 2.0, 7.5 ],
			"faces": {
				"north": { "texture": "#copper", "uv": [ 0.0, 0.0, 1.0, 4.0 ] },
				"east": { "texture": "#copper", "uv": [ 0.0, 0.0, 1.0, 4.0 ] },
				"south": { "texture": "#copper", "uv": [ 0.0, 0.0, 1.0, 4.0 ] },
				"west": { "texture": "#copper", "uv": [ 0.0, 0.0, 1.0, 4.0 ] },
				"up": { "texture": "#copper", "uv": [ 0.0, 0.0, 1.0, 1.0 ] },
				"down": { "texture": "#copper", "uv": [ 0.0, 0.0, 1.0, 1.0 ] }
			}
		}
	]}