{
	"editor": {
		"allAngles": false,
		"entityTextureMode": false
	},
	"textureWidth": 16,
	"textureHeight": 16,
	"textureSizes": {
	},
	"textures": {
		"ceramic-dark": "game:block/clay/ceramic-dark",
		"ceramic-dirty2": "game:block/clay/ceramic-dirty",
		"lid-dirty2": "game:block/clay/lid-dirty",
		"pot-tallow": "game:block/clay/pot-tallow",
		"webbing": "game:block/creature/webbing",
		"copper1": "block/copper",
		"legs": "game:block/wood/table/normal/legs"
	},
	"elements": [
		{
			"name": "Side1",
			"from": [ 0.0, 3.0, 2.0 ],
			"to": [ 1.0, 31.0, 15.0 ],
			"rotationOrigin": [ 0.0, 3.0, 2.0 ],
			"faces": {
				"north": { "texture": "#ceramic-dark", "uv": [ 0.0, 0.0, 1.0, 16.0 ], "autoUv": false },
				"east": { "texture": "#normal2", "uv": [ 0.0, 0.0, 13.0, 16.0 ], "autoUv": false },
				"south": { "texture": "#ceramic-dark", "uv": [ 0.0, 0.0, 1.0, 16.0 ], "autoUv": false },
				"west": { "texture": "#copper1", "uv": [ 0.0, 0.0, 16.0, 14.0 ], "autoUv": false },
				"up": { "texture": "#copper1", "uv": [ 0.0, 0.0, 1.0, 16.0 ], "autoUv": false },
				"down": { "texture": "#copper1", "uv": [ 0.0, 0.0, 1.0, 16.0 ], "autoUv": false }
			}
		},
		{
			"name": "Side2",
			"from": [ 15.0, 3.0, 2.0 ],
			"to": [ 16.0, 31.0, 15.0 ],
			"rotationOrigin": [ 15.0, 3.0, 2.0 ],
			"faces": {
				"north": { "texture": "#ceramic-dark", "uv": [ 0.0, 0.0, 1.0, 14.0 ], "autoUv": false },
				"east": { "texture": "#copper1", "uv": [ 0.0, 0.0, 16.0, 14.0 ], "autoUv": false },
				"south": { "texture": "#ceramic-dark", "uv": [ 0.0, 0.0, 1.0, 16.0 ], "autoUv": false },
				"west": { "texture": "#normal2", "uv": [ 0.0, 0.0, 13.0, 16.0 ], "autoUv": false },
				"up": { "texture": "#copper1", "uv": [ 0.0, 0.0, 1.0, 16.0 ], "autoUv": false },
				"down": { "texture": "#copper1", "uv": [ 0.0, 0.0, 1.0, 13.0 ] }
			}
		},
		{
			"name": "Back",
			"from": [ 1.0, 3.0, 1.0 ],
			"to": [ 15.0, 31.0, 2.0 ],
			"rotationOrigin": [ 1.0, 3.0, 1.0 ],
			"faces": {
				"north": { "texture": "#copper1", "uv": [ 0.0, 0.0, 16.0, 14.0 ], "autoUv": false },
				"east": { "texture": "#copper1", "uv": [ 0.0, 0.0, 1.0, 16.0 ], "autoUv": false },
				"south": { "texture": "#normal2", "uv": [ 0.0, 0.0, 14.0, 16.0 ], "autoUv": false },
				"west": { "texture": "#copper1", "uv": [ 0.0, 0.0, 1.0, 16.0 ], "autoUv": false },
				"up": { "texture": "#copper1", "uv": [ 0.0, 0.0, 14.0, 1.0 ] },
				"down": { "texture": "#copper1", "uv": [ 0.0, 0.0, 14.0, 1.0 ] }
			}
		},
		{
			"name": "Top",
			"from": [ 1.0, 12.0, 2.0 ],
			"to": [ 15.0, 13.0, 14.0 ],
			"rotationOrigin": [ 1.0, 12.0, 2.0 ],
			"faces": {
				"north": { "texture": "#copper1", "uv": [ 0.0, 0.0, 14.0, 1.0 ] },
				"east": { "texture": "#copper1", "uv": [ 0.0, 0.0, 12.0, 1.0 ] },
				"south": { "texture": "#legs", "uv": [ 0.0, 0.0, 1.0, 14.0 ], "rotation": 90 },
				"west": { "texture": "#copper1", "uv": [ 0.0, 0.0, 12.0, 1.0 ] },
				"up": { "texture": "#legs", "uv": [ 0.0, 0.0, 14.0, 12.0 ] },
				"down": { "texture": "#normal2", "uv": [ 0.0, 0.0, 14.0, 12.0 ] }
			}
		},
		{
			"name": "Bottom",
			"from": [ 0.0, 2.0, 1.0 ],
			"to": [ 16.0, 3.0, 16.0 ],
			"rotationOrigin": [ 0.0, 2.0, 1.0 ],
			"faces": {
				"north": { "texture": "#ceramic-dirty2", "uv": [ 0.0, 0.0, 16.0, 1.0 ] },
				"east": { "texture": "#ceramic-dark", "uv": [ 0.0, 0.0, 15.0, 1.0 ] },
				"south": { "texture": "#ceramic-dark", "uv": [ 0.0, 0.0, 16.0, 1.0 ] },
				"west": { "texture": "#ceramic-dark", "uv": [ 0.0, 0.0, 15.0, 1.0 ] },
				"up": { "texture": "#normal2", "uv": [ 0.0, 0.0, 16.0, 15.0 ] },
				"down": { "texture": "#copper1", "uv": [ 0.0, 0.0, 16.0, 12.0 ], "autoUv": false }
			}
		},
		{
			"name": "BackBtm",
			"from": [ 1.0, 0.0, 2.0 ],
			"to": [ 15.0, 2.0, 3.0 ],
			"rotationOrigin": [ 1.0, 0.0, 2.0 ],
			"faces": {
				"north": { "texture": "#copper1", "uv": [ 0.0, 14.0, 16.0, 16.0 ], "autoUv": false },
				"east": { "texture": "#copper1", "uv": [ 0.0, 14.0, 1.0, 16.0 ] },
				"south": { "texture": "#copper1", "uv": [ 0.0, 0.0, 14.0, 2.0 ] },
				"west": { "texture": "#copper1", "uv": [ 0.0, 14.0, 1.0, 16.0 ] },
				"up": { "texture": "#copper1", "uv": [ 0.0, 0.0, 14.0, 1.0 ] },
				"down": { "texture": "#copper1", "uv": [ 0.0, 0.0, 14.0, 1.0 ] }
			}
		},
		{
			"name": "Side1Btm",
			"from": [ 0.0, 0.0, 2.0 ],
			"to": [ 1.0, 2.0, 15.0 ],
			"rotationOrigin": [ 0.0, 0.0, 2.0 ],
			"faces": {
				"north": { "texture": "#copper1", "uv": [ 0.0, 14.0, 1.0, 16.0 ] },
				"east": { "texture": "#copper1", "uv": [ 0.0, 0.0, 13.0, 2.0 ] },
				"south": { "texture": "#copper1", "uv": [ 0.0, 14.0, 1.0, 16.0 ] },
				"west": { "texture": "#copper1", "uv": [ 0.0, 14.0, 16.0, 16.0 ], "autoUv": false },
				"up": { "texture": "#copper1", "uv": [ 0.0, 0.0, 1.0, 13.0 ] },
				"down": { "texture": "#copper1", "uv": [ 0.0, 0.0, 1.0, 13.0 ] }
			}
		},
		{
			"name": "Side2Btm",
			"from": [ 15.0, 0.0, 2.0 ],
			"to": [ 16.0, 2.0, 15.0 ],
			"rotationOrigin": [ 15.0, 0.0, 2.0 ],
			"faces": {
				"north": { "texture": "#copper1", "uv": [ 0.0, 14.0, 1.0, 16.0 ] },
				"east": { "texture": "#copper1", "uv": [ 0.0, 14.0, 13.0, 16.0 ] },
				"south": { "texture": "#copper1", "uv": [ 0.0, 14.0, 1.0, 16.0 ] },
				"west": { "texture": "#copper1", "uv": [ 0.0, 14.0, 16.0, 16.0 ], "autoUv": false },
				"up": { "texture": "#copper1", "uv": [ 0.0, 0.0, 1.0, 13.0 ] },
				"down": { "texture": "#copper1", "uv": [ 0.0, 0.0, 1.0, 13.0 ] }
			}
		},
		{
			"name": "DoorInternal",
			"from": [ 1.0, 3.0, 15.0 ],
			"to": [ 15.0, 31.0, 16.0 ],
			"rotationOrigin": [ 1.0, 3.5, 15.5 ],
			"rotationY": -112.5,
			"faces": {
				"north": { "texture": "#copper1", "uv": [ 0.0, 0.0, 16.0, 16.0 ], "autoUv": false },
				"east": { "texture": "#copper1", "uv": [ 1.0, 0.0, 0.0, 16.0 ], "autoUv": false },
				"south": { "texture": "#copper1", "uv": [ 0.0, 0.0, 16.0, 16.0 ], "autoUv": false },
				"west": { "texture": "#copper1", "uv": [ 0.0, 0.0, 1.0, 18.0 ], "autoUv": false },
				"up": { "texture": "#copper1", "uv": [ 0.0, 0.0, 14.0, 1.0 ] },
				"down": { "texture": "#copper1", "uv": [ 0.0, 0.0, 14.0, 1.0 ] }
			},
			"children": [
				{
					"name": "Handle",
					"from": [ 12.0, 20.5, 1.0 ],
					"to": [ 18.0, 21.0, 1.5 ],
					"rotationOrigin": [ 12.0, 20.5, 2.0 ],
					"rotationZ": -90.0,
					"faces": {
						"north": { "texture": "#webbing", "uv": [ 0.0, 0.0, 6.0, 0.5 ] },
						"east": { "texture": "#copper1", "uv": [ 0.0, 0.0, 0.5, 0.5 ] },
						"south": { "texture": "#webbing", "uv": [ 0.0, 0.0, 6.0, 0.5 ] },
						"west": { "texture": "#copper1", "uv": [ 0.0, 0.0, 0.5, 0.5 ] },
						"up": { "texture": "#webbing", "uv": [ 0.0, 0.0, 6.0, 0.5 ] },
						"down": { "texture": "#webbing", "uv": [ 0.0, 0.0, 6.0, 0.5 ] }
					},
					"children": [
						{
							"name": "Handle2",
							"from": [ 0.0, -0.5, 0.5 ],
							"to": [ 6.0, 0.5, 1.0 ],
							"rotationOrigin": [ 0.0, -0.5, 0.5 ],
							"faces": {
								"north": { "texture": "#webbing", "uv": [ 0.0, 0.0, 6.0, 1.0 ] },
								"east": { "texture": "#copper1", "uv": [ 0.0, 0.0, 0.5, 1.0 ] },
								"south": { "texture": "#webbing", "uv": [ 0.0, 0.0, 6.0, 1.0 ] },
								"west": { "texture": "#copper1", "uv": [ 0.0, 0.0, 0.5, 1.0 ] },
								"up": { "texture": "#webbing", "uv": [ 0.0, 0.0, 6.0, 0.5 ] },
								"down": { "texture": "#webbing", "uv": [ 0.0, 0.0, 6.0, 0.5 ] }
							}
						}
					]
				}
			]
		},
		{
			"name": "Top2",
			"from": [ 0.0, 31.0, 1.0 ],
			"to": [ 16.0, 32.0, 16.0 ],
			"rotationOrigin": [ 0.0, 31.0, 1.0 ],
			"faces": {
				"north": { "texture": "#ceramic-dirty2", "uv": [ 0.0, 0.0, 16.0, 1.0 ] },
				"east": { "texture": "#ceramic-dark", "uv": [ 0.0, 0.0, 15.0, 1.0 ] },
				"south": { "texture": "#ceramic-dark", "uv": [ 0.0, 0.0, 16.0, 1.0 ] },
				"west": { "texture": "#ceramic-dark", "uv": [ 0.0, 0.0, 15.0, 1.0 ] },
				"up": { "texture": "#copper1", "uv": [ 0.0, 0.0, 16.0, 15.0 ] },
				"down": { "texture": "#normal2", "uv": [ 0.0, 0.0, 16.0, 15.0 ] }
			}
		},
		{
			"name": "Top3",
			"from": [ 1.0, 22.0, 2.0 ],
			"to": [ 15.0, 23.0, 14.0 ],
			"rotationOrigin": [ 1.0, 22.0, 2.0 ],
			"faces": {
				"north": { "texture": "#copper1", "uv": [ 0.0, 0.0, 14.0, 1.0 ] },
				"east": { "texture": "#copper1", "uv": [ 0.0, 0.0, 12.0, 1.0 ] },
				"south": { "texture": "#legs", "uv": [ 0.0, 0.0, 14.0, 1.0 ] },
				"west": { "texture": "#copper1", "uv": [ 0.0, 0.0, 12.0, 1.0 ] },
				"up": { "texture": "#legs", "uv": [ 0.0, 0.0, 14.0, 12.0 ] },
				"down": { "texture": "#normal2", "uv": [ 0.0, 0.0, 14.0, 12.0 ] }
			}
		}
	],
	"animations": [
		{
			"name": "open",
			"code": "open",
			"quantityframes": 30,
			"onActivityStopped": "Stop",
			"onAnimationEnd": "Stop",
			"keyframes": [
				{
					"frame": 1,
					"elements": {
						"DoorInternal": { "rotationX": 0.0, "rotationY": 0.0, "rotationZ": 0.0 }
					}
				},
				{
					"frame": 2,
					"elements": {
						"DoorInternal": { "rotationX": 0.0, "rotationY": -10.0, "rotationZ": 0.0 }
					}
				},
				{
					"frame": 3,
					"elements": {
						"DoorInternal": { "rotationX": 0.0, "rotationY": -30.0, "rotationZ": 0.0 }
					}
				},
				{
					"frame": 4,
					"elements": {
						"DoorInternal": { "rotationX": 0.0, "rotationY": -50.0, "rotationZ": 0.0 }
					}
				},
				{
					"frame": 5,
					"elements": {
						"DoorInternal": { "rotationX": 0.0, "rotationY": -70.0, "rotationZ": 0.0 }
					}
				},
				{
					"frame": 6,
					"elements": {
						"DoorInternal": { "rotationX": 0.0, "rotationY": -90.0, "rotationZ": 0.0 }
					}
				},
				{
					"frame": 7,
					"elements": {
						"DoorInternal": { "rotationX": 0.0, "rotationY": -110.0, "rotationZ": 0.0 }
					}
				}
			]
		}
	]
}