﻿{
  "code": "dynamitebundle",
  "class": "BlockBomb",
  "entityClass": "Bomb",
  "maxstacksize": 8,
  "attributes": {
    "blastRadius": 12,
    "injureRadius": 14,
    "blastType": 1,
    "inContainerTexture": { "base": "kosfire:block/dynamitebarrel" }
  },
  "storageFlags": 5,
  "behaviors": [ { "name": "Unstable" } ],
  "shape": { "base": "block/dynamite" },
  "sidesolid": { "all": false },
  "sideopaque": { "all": false },
  "blockmaterial": "Cloth",
  "creativeinventory": {
    "general": [ "*" ],
    "decorative": [ "*" ]
  },
  "replaceable": 5100,
  "resistance": 0.75,
  "lightAbsorption": 0,
  "selectionbox": {
    "x1": 0.3125,
    "y1": 0,
    "z1": 0.3125,
    "x2": 0.6875,
    "y2": 0.5,
    "z2": 0.6875
  },
  "collisionbox": {
    "x1": 0.3125,
    "y1": 0,
    "z1": 0.3125,
    "x2": 0.6875,
    "y2": 0.5,
    "z2": 0.6875
  },
  "sounds": {
    "place": "game:block/cloth",
    "walk": "game:walk/cloth"
  },
  "materialDensity": 200,
  "guiTransform": {
    "translation": {
      "x": 1,
      "y": 0,
      "z": 0
    },
    "rotation": {
      "x": -26,
      "y": -22,
      "z": -23
    },
    "origin": {
      "x": 0.5,
      "y": 0.27,
      "z": 0.5
    },
    "scale": 2.25
  },
  "fpHandTransform": {
    "rotation": {
      "x": -19,
      "y": -45,
      "z": 0
    },
    "scale": 3
  },
  "tpHandTransform": {
    "translation": {
      "x": -0.9,
      "y": -0.3,
      "z": -0.71
    },
    "rotation": {
      "x": 0,
      "y": -2,
      "z": -90
    },
    "origin": {
      "x": 0.5,
      "y": 0.25,
      "z": 0.5
    },
    "scale": 0.7
  },
  "groundTransform": {
    "scale": 4
  }
}