[
	{
		ingredientPattern: "SLS	LCL	SLS",
		ingredients: {
			"S": { type: "item", code: "game:stick" },
			"L": { type: "item", code: "game:cloth-plain" },
			"C": { type: "item", code: "game:candle", quantity: 2 }
		},
		width: 3,
		height: 3,
		output: { 
			type: "block", 
			code: "paperlantern",
		}
	},

	{
		ingredientPattern: "SLS	LCL	SLS",
		ingredients: {
			"S": { type: "item", code: "game:stick" },
			"L": { type: "item", code: "game:cloth-pink" },
			"C": { type: "item", code: "game:candle", quantity: 2 }
		},
		width: 3,
		height: 3,
		output: { 
			type: "block", 
			code: "paperlanternpink",
		}
	},

	{
		ingredientPattern: "SLS	LCL	SLS",
		ingredients: {
			"S": { type: "item", code: "game:stick" },
			"L": { type: "item", code: "game:cloth-red" },
			"C": { type: "item", code: "game:candle", quantity: 2 }
		},
		width: 3,
		height: 3,
		output: { 
			type: "block", 
			code: "paperlanternred",
		}
	},

	{
		ingredientPattern: "SLS	LCL	SLS",
		ingredients: {
			"S": { type: "item", code: "game:stick" },
			"L": { type: "item", code: "game:cloth-blue" },
			"C": { type: "item", code: "game:candle", quantity: 2 }
		},
		width: 3,
		height: 3,
		output: { 
			type: "block", 
			code: "paperlanternblue",
		}
	},

	{
		ingredientPattern: "SLS	LCL	SLS",
		ingredients: {
			"S": { type: "item", code: "game:stick" },
			"L": { type: "item", code: "game:cloth-purple" },
			"C": { type: "item", code: "game:candle", quantity: 2 }
		},
		width: 3,
		height: 3,
		output: { 
			type: "block", 
			code: "paperlanternpurple",
		}
	},

	{
		ingredientPattern: "SLS	LCL	SLS",
		ingredients: {
			"S": { type: "item", code: "game:stick" },
			"L": { type: "item", code: "game:cloth-green" },
			"C": { type: "item", code: "game:candle", quantity: 2 }
		},
		width: 3,
		height: 3,
		output: { 
			type: "block", 
			code: "paperlanterngreen",
		}
	},

	{
		ingredientPattern: "SLS	LCL	SLS",
		ingredients: {
			"S": { type: "item", code: "game:stick" },
			"L": { type: "item", code: "game:cloth-orange" },
			"C": { type: "item", code: "game:candle", quantity: 2 }
		},
		width: 3,
		height: 3,
		output: { 
			type: "block", 
			code: "paperlanternorange",
		}
	},

	{
		ingredientPattern: "SLS	LCL	SLS",
		ingredients: {
			"S": { type: "item", code: "game:stick" },
			"L": { type: "item", code: "game:cloth-yellow" },
			"C": { type: "item", code: "game:candle", quantity: 2 }
		},
		width: 3,
		height: 3,
		output: { 
			type: "block", 
			code: "paperlanternyellow",
		}
	}
]
