[
	{
		ingredientPattern: "CCC	CTC	CCC",
		ingredients: {
			"C": { type: "block", code: "game:cobblestone-andesite" },
			"T": { type: "block", code: "game:torch-basic-lit-up"}
		},
		width: 3,
		height: 3,
		output: { 
			type: "block", 
			code: "andesitestov-lit-north",
		}
	},

	{
		ingredientPattern: "CCC	CTC	CCC",
		ingredients: {
			"C": { type: "block", code: "game:cobblestone-basalt" },
			"T": { type: "block", code: "game:torch-basic-lit-up"}
		},
		width: 3,
		height: 3,
		output: { 
			type: "block", 
			code: "basaltstov-lit-north",
		}
	},

	{
		ingredientPattern: "CCC	CTC	CCC",
		ingredients: {
			"C": { type: "block", code: "game:cobblestone-bauxite" },
			"T": { type: "block", code: "game:torch-basic-lit-up"}
		},
		width: 3,
		height: 3,
		output: { 
			type: "block", 
			code: "bauxitestov-lit-north",
		}
	},	

	{
		ingredientPattern: "CCC	CTC	CCC",
		ingredients: {
			"C": { type: "block", code: "game:cobblestone-chalk" },
			"T": { type: "block", code: "game:torch-basic-lit-up"}
		},
		width: 3,
		height: 3,
		output: { 
			type: "block", 
			code: "chalkstov-lit-north",
		}
	},

	{
		ingredientPattern: "CCC	CTC	CCC",
		ingredients: {
			"C": { type: "block", code: "game:cobblestone-chert" },
			"T": { type: "block", code: "game:torch-basic-lit-up"}
		},
		width: 3,
		height: 3,
		output: { 
			type: "block", 
			code: "chertstov-lit-north",
		}
	},

	{
		ingredientPattern: "CCC	CTC	CCC",
		ingredients: {
			"C": { type: "block", code: "game:cobblestone-claystone" },
			"T": { type: "block", code: "game:torch-basic-lit-up"}
		},
		width: 3,
		height: 3,
		output: { 
			type: "block", 
			code: "claystonestov-lit-north",
		}
	},

	{
		ingredientPattern: "CCC	CTC	CCC",
		ingredients: {
			"C": { type: "block", code: "game:cobblestone-conglomerate" },
			"T": { type: "block", code: "game:torch-basic-lit-up"}
		},
		width: 3,
		height: 3,
		output: { 
			type: "block", 
			code: "conglomeratestov-lit-north",
		}
	},

	{
		ingredientPattern: "CCC	CTC	CCC",
		ingredients: {
			"C": { type: "block", code: "game:cobblestone-granite" },
			"T": { type: "block", code: "game:torch-basic-lit-up"}
		},
		width: 3,
		height: 3,
		output: { 
			type: "block", 
			code: "granitestov-lit-north",
		}
	},

	{
		ingredientPattern: "CCC	CTC	CCC",
		ingredients: {
			"C": { type: "block", code: "game:cobblestone-greenmarble" },
			"T": { type: "block", code: "game:torch-basic-lit-up"}
		},
		width: 3,
		height: 3,
		output: { 
			type: "block", 
			code: "greenmarblestov-lit-north",
		}
	},

	{
		ingredientPattern: "CCC	CTC	CCC",
		ingredients: {
			"C": { type: "block", code: "game:cobblestone-kimberlite" },
			"T": { type: "block", code: "game:torch-basic-lit-up"}
		},
		width: 3,
		height: 3,
		output: { 
			type: "block", 
			code: "kimberlitestov-lit-north",
		}
	},

	{
		ingredientPattern: "CCC	CTC	CCC",
		ingredients: {
			"C": { type: "block", code: "game:cobblestone-limestone" },
			"T": { type: "block", code: "game:torch-basic-lit-up"}
		},
		width: 3,
		height: 3,
		output: { 
			type: "block", 
			code: "limestonestov-lit-north",
		}
	},

	{
		ingredientPattern: "CCC	CTC	CCC",
		ingredients: {
			"C": { type: "block", code: "game:cobblestone-peridotite" },
			"T": { type: "block", code: "game:torch-basic-lit-up"}
		},
		width: 3,
		height: 3,
		output: { 
			type: "block", 
			code: "peridotitestov-lit-north",
		}
	},

	{
		ingredientPattern: "CCC	CTC	CCC",
		ingredients: {
			"C": { type: "block", code: "game:cobblestone-phyllite" },
			"T": { type: "block", code: "game:torch-basic-lit-up"}
		},
		width: 3,
		height: 3,
		output: { 
			type: "block", 
			code: "phyllitestov-lit-north",
		}
	},

	{
		ingredientPattern: "CCC	CTC	CCC",
		ingredients: {
			"C": { type: "block", code: "game:cobblestone-redmarble" },
			"T": { type: "block", code: "game:torch-basic-lit-up"}
		},
		width: 3,
		height: 3,
		output: { 
			type: "block", 
			code: "redmarblestov-lit-north",
		}
	},

	{
		ingredientPattern: "CCC	CTC	CCC",
		ingredients: {
			"C": { type: "block", code: "game:cobblestone-sandstone" },
			"T": { type: "block", code: "game:torch-basic-lit-up"}
		},
		width: 3,
		height: 3,
		output: { 
			type: "block", 
			code: "sandstonestov-lit-north",
		}
	},

	{
		ingredientPattern: "CCC	CTC	CCC",
		ingredients: {
			"C": { type: "block", code: "game:cobblestone-shale" },
			"T": { type: "block", code: "game:torch-basic-lit-up"}
		},
		width: 3,
		height: 3,
		output: { 
			type: "block", 
			code: "shalestov-lit-north",
		}
	},

	{
		ingredientPattern: "CCC	CTC	CCC",
		ingredients: {
			"C": { type: "block", code: "game:cobblestone-slate" },
			"T": { type: "block", code: "game:torch-basic-lit-up"}
		},
		width: 3,
		height: 3,
		output: { 
			type: "block", 
			code: "slatestov-lit-north",
		}
	},

	{
		ingredientPattern: "CCC	CTC	CCC",
		ingredients: {
			"C": { type: "block", code: "game:cobblestone-suevite" },
			"T": { type: "block", code: "game:torch-basic-lit-up"}
		},
		width: 3,
		height: 3,
		output: { 
			type: "block", 
			code: "suevitestov-lit-north",
		}
	},

	{
		ingredientPattern: "CCC	CTC	CCC",
		ingredients: {
			"C": { type: "block", code: "game:cobblestone-whitemarble" },
			"T": { type: "block", code: "game:torch-basic-lit-up"}
		},
		width: 3,
		height: 3,
		output: { 
			type: "block", 
			code: "whitemarblestov-lit-north",
		}
	}

]