[
	{
		ingredientPattern: "CCC	C_C	CCC",
		ingredients: {
			"C": { type: "block", code: "game:cobblestone-andesite" }
		},
		width: 3,
		height: 3,
		output: { 
			type: "block", 
			code: "andesitestov-unlit-north",
		}
	},

	{
		ingredientPattern: "CCC	C_C	CCC",
		ingredients: {
			"C": { type: "block", code: "game:cobblestone-basalt" }
		},
		width: 3,
		height: 3,
		output: { 
			type: "block", 
			code: "basaltstov-unlit-north",
		}
	},

	{
		ingredientPattern: "CCC	C_C	CCC",
		ingredients: {
			"C": { type: "block", code: "game:cobblestone-bauxite" }
		},
		width: 3,
		height: 3,
		output: { 
			type: "block", 
			code: "bauxitestov-unlit-north",
		}
	},	

	{
		ingredientPattern: "CCC	C_C	CCC",
		ingredients: {
			"C": { type: "block", code: "game:cobblestone-chalk" }
		},
		width: 3,
		height: 3,
		output: { 
			type: "block", 
			code: "chalkstov-unlit-north",
		}
	},

	{
		ingredientPattern: "CCC	C_C	CCC",
		ingredients: {
			"C": { type: "block", code: "game:cobblestone-chert" }
		},
		width: 3,
		height: 3,
		output: { 
			type: "block", 
			code: "chertstov-unlit-north",
		}
	},

	{
		ingredientPattern: "CCC	C_C	CCC",
		ingredients: {
			"C": { type: "block", code: "game:cobblestone-claystone" }
		},
		width: 3,
		height: 3,
		output: { 
			type: "block", 
			code: "claystonestov-unlit-north",
		}
	},

	{
		ingredientPattern: "CCC	C_C	CCC",
		ingredients: {
			"C": { type: "block", code: "game:cobblestone-conglomerate" }
		},
		width: 3,
		height: 3,
		output: { 
			type: "block", 
			code: "conglomeratestov-unlit-north",
		}
	},

	{
		ingredientPattern: "CCC	C_C	CCC",
		ingredients: {
			"C": { type: "block", code: "game:cobblestone-granite" }
		},
		width: 3,
		height: 3,
		output: { 
			type: "block", 
			code: "granitestov-unlit-north",
		}
	},

	{
		ingredientPattern: "CCC	C_C	CCC",
		ingredients: {
			"C": { type: "block", code: "game:cobblestone-greenmarble" }
		},
		width: 3,
		height: 3,
		output: { 
			type: "block", 
			code: "greenmarblestov-unlit-north",
		}
	},

	{
		ingredientPattern: "CCC	C_C	CCC",
		ingredients: {
			"C": { type: "block", code: "game:cobblestone-kimberlite" }
		},
		width: 3,
		height: 3,
		output: { 
			type: "block", 
			code: "kimberlitestov-unlit-north",
		}
	},

	{
		ingredientPattern: "CCC	C_C	CCC",
		ingredients: {
			"C": { type: "block", code: "game:cobblestone-limestone" }
		},
		width: 3,
		height: 3,
		output: { 
			type: "block", 
			code: "limestonestov-unlit-north",
		}
	},

	{
		ingredientPattern: "CCC	C_C	CCC",
		ingredients: {
			"C": { type: "block", code: "game:cobblestone-peridotite" }
		},
		width: 3,
		height: 3,
		output: { 
			type: "block", 
			code: "peridotitestov-unlit-north",
		}
	},

	{
		ingredientPattern: "CCC	C_C	CCC",
		ingredients: {
			"C": { type: "block", code: "game:cobblestone-phyllite" }
		},
		width: 3,
		height: 3,
		output: { 
			type: "block", 
			code: "phyllitestov-unlit-north",
		}
	},

	{
		ingredientPattern: "CCC	C_C	CCC",
		ingredients: {
			"C": { type: "block", code: "game:cobblestone-redmarble" }
		},
		width: 3,
		height: 3,
		output: { 
			type: "block", 
			code: "redmarblestov-unlit-north",
		}
	},

	{
		ingredientPattern: "CCC	C_C	CCC",
		ingredients: {
			"C": { type: "block", code: "game:cobblestone-sandstone" }
		},
		width: 3,
		height: 3,
		output: { 
			type: "block", 
			code: "sandstonestov-unlit-north",
		}
	},

	{
		ingredientPattern: "CCC	C_C	CCC",
		ingredients: {
			"C": { type: "block", code: "game:cobblestone-shale" }
		},
		width: 3,
		height: 3,
		output: { 
			type: "block", 
			code: "shalestov-unlit-north",
		}
	},

	{
		ingredientPattern: "CCC	C_C	CCC",
		ingredients: {
			"C": { type: "block", code: "game:cobblestone-slate" }
		},
		width: 3,
		height: 3,
		output: { 
			type: "block", 
			code: "slatestov-unlit-north",
		}
	},

	{
		ingredientPattern: "CCC	C_C	CCC",
		ingredients: {
			"C": { type: "block", code: "game:cobblestone-suevite" }
		},
		width: 3,
		height: 3,
		output: { 
			type: "block", 
			code: "suevitestov-unlit-north",
		}
	},

	{
		ingredientPattern: "CCC	C_C	CCC",
		ingredients: {
			"C": { type: "block", code: "game:cobblestone-whitemarble" }
		},
		width: 3,
		height: 3,
		output: { 
			type: "block", 
			code: "whitemarblestov-unlit-north",
		}
	}

]