[
	{
		ingredientPattern: "R	T",
		ingredients: {
			"T": { type: "block", code: "game:torch-basic-lit-up" },
			"R": { type: "item", code: "game:resin" }
		},
		width: 1,
		height: 2,
		output: { 
			type: "block", 
			code: "weatherprooftorch-up",
		}
	},

	{
		ingredientPattern: "CR	_T",
		ingredients: {
			"T": { type: "block", code: "game:torch-basic-lit-up" },
			"R": { type: "item", code: "game:resin" },
			"C": { type: "item", code: "game:crushed-leadoxide" }
		},
		width: 2,
		height: 2,
		output: { 
			type: "block", 
			code: "weatherproofbluetorch-up",
		}
	},

	{
		ingredientPattern: "CR	_T",
		ingredients: {
			"T": { type: "block", code: "game:torch-basic-lit-up" },
			"R": { type: "item", code: "game:resin" },
			"C": { type: "item", code: "game:powderedborax" }
		},
		width: 2,
		height: 2,
		output: { 
			type: "block", 
			code: "weatherproofgreentorch-up",
		}
	},

	{
		ingredientPattern: "CRL	_T_",
		ingredients: {
			"T": { type: "block", code: "game:torch-basic-lit-up" },
			"R": { type: "item", code: "game:resin" },
			"C": { type: "item", code: "game:salt" },
			"L": { type: "item", code: "game:crushed-alum" }
		},
		width: 3,
		height: 2,
		output: { 
			type: "block", 
			code: "weatherproofpinktorch-up",
		}
	},

	{
		ingredientPattern: "CR	_T",
		ingredients: {
			"T": { type: "block", code: "game:torch-basic-lit-up" },
			"R": { type: "item", code: "game:resin" },
			"C": { type: "item", code: "game:lime" }
		},
		width: 2,
		height: 2,
		output: { 
			type: "block", 
			code: "weatherproofredtorch-up",
		}
	},

	{
		ingredientPattern: "CR	_T",
		ingredients: {
			"T": { type: "block", code: "game:torch-basic-lit-up" },
			"R": { type: "item", code: "game:resin" },
			"C": { type: "item", code: "game:salt" }
		},
		width: 2,
		height: 2,
		output: { 
			type: "block", 
			code: "weatherproofyellowtorch-up",
		}
	},

	{
		ingredientPattern: "CR	_T",
		ingredients: {
			"T": { type: "block", code: "game:torch-basic-lit-up" },
			"R": { type: "item", code: "game:resin" },
			"C": { type: "item", code: "game:potash" }
		},
		width: 2,
		height: 2,
		output: { 
			type: "block", 
			code: "weatherproofpurpletorch-up",
		}
	},
]