[
  {
    "code": "utilitypotionportion",
    "sealHours": 24,
    "ingredients": [
      {
        "type": "item",
        "code": "alchemy:utilitypotionbase-*",
        "name": "potiontype",
        "allowedVariants": [ "recall", "glow", "waterbreathe", "nutrition", "temporal" ]
      },
      {
        "type": "item",
        "code": "alchemy:potionteaportion",
        "litres": 1
      }
    ],
    "output": {
      "type": "item",
      "code": "alchemy:utilitypotionportion-{potiontype}",
      "litres": 1
    }
  }
]
