{
  "code": "spongegold",
  "class": "ItemNugget",
  "maxstacksize": 128,
  "storageFlags": 5,
  "dimensions": {
    "width": 0.0625,
    "height": 0.0625,
    "length": 0.0625
  },
  "attributes": {
    "bookshelvable": true,
    "displaycaseable": true,
    "shelvable": true
  },
  "shape": { "base": "goldsponge" },
  "textures": {
    "potash": { "base": "game:item/resource/nugget/nativegold" }
  },
  "creativeinventory": {
    "general": [ "*" ],
    "items": [ "*" ]
  },
  "combustiblePropsByType": {
    "*": {
      "meltingPoint": 1063,
      "meltingDuration": 30,
      "smeltedRatio": 100,
      "smeltedStack": {
        "type": "item",
        "code": "game:ingot-gold"
      },
      "requiresContainer": true
    }
  },
  "guiTransform": {
    "translation": {
      "x": 3,
      "y": 1,
      "z": -25
    },
    "rotation": {
      "x": 156,
      "y": 12,
      "z": 0
    },
    "origin": {
      "x": 0.4,
      "y": -0.1,
      "z": 0.8
    },
    "scale": 2.52
  },
  "fpHandTransform": {
    "rotation": {
      "x": 44,
      "y": 91,
      "z": -30
    },
    "scale": 1.34
  },
  "tpHandTransform": {
    "translation": {
      "x": -1.67,
      "y": -1.25,
      "z": -0.8
    },
    "rotation": {
      "x": 70,
      "y": 11,
      "z": -65
    },
    "scale": 0.41
  },
  "groundTransform": {
    "translation": {
      "x": 0,
      "y": 0.2,
      "z": 0
    },
    "rotation": {
      "x": -4,
      "y": 8,
      "z": 0
    },
    "origin": {
      "x": 0.5,
      "y": 0.5,
      "z": 0.5299
    },
    "scale": 1.92
  }
}