﻿{
  "code": "flaskfurniture",
  "class": "Item",
  "shape": {"base": "maltiezfirearms:powder/powderflask-furniture"},
  "variantgroups": [{"code": "metal", "loadFromProperties": "block/toolmetal"}],
  "allowedVariants": ["*-brass", "*-tinbronze"],
  "textures": {"metal": {"base": "game:block/metal/plate/{metal}"}},
  "behaviors": [
    {
      "name": "GroundStorable",
      "properties": {"layout": "Quadrants", "placeRemoveSound": "sounds/player/build", "collisionBox": {"x1": 0, "y1": 0, "z1": 0, "x2": 1, "y2": 0.1, "z2": 1}}
    }
  ],
  "creativeinventoryByType": {"*": {"maltiezfirearms": ["*"]}},
  "attributes": {
    "groundStorageTransform": {"rotation": {"x": 0, "y": -28, "z": 0}, "origin": {"x": 0.5, "y": 0, "z": 0.5}, "scale": 0.5},
    "handbook": {"groupBy": ["flaskfurniture-*"]}
  },
  "guiTransform": {"translation": {"x": 0, "y": 0, "z": 0}, "rotation": {"x": 163, "y": -13, "z": 0}, "origin": {"x": 0.72, "y": -0.17, "z": 1.4}, "scale": 4.24},
  "fpHandTransform": {"translation": {"x": 0, "y": 0, "z": 0}, "rotation": {"x": 0, "y": 0, "z": 0}, "origin": {"x": 0.3, "y": 0.9, "z": 0.8}, "scale": 1.8},
  "tpHandTransform": {"translation": {"x": 0, "y": 0, "z": 0}, "rotation": {"x": 0, "y": -90, "z": 0}, "origin": {"x": -0.2, "y": -0.2, "z": 0.33}, "scale": 0.47},
  "groundTransform": {"translation": {"x": 0, "y": 0, "z": 0}, "rotation": {"x": 0, "y": 0, "z": 90}, "origin": {"x": 0.4, "y": 0, "z": 0}, "scale": 2.62}
}