[
	{
		"code": "azurite",
		"triesPerChunk": 10,
		"withOreMap": true,
		"handbookPageCode": "item-nugget-azurite",
		"generator": "disc-followsurface",
		"attributes": {
			"inblock": { "code": "rock-*", "name": "rock", "allowedVariants": ["limestone", "dolostone"] },
			"placeblock": {
				"code": "ore-*-azurite-{rock}",
				"name": "grade",
				"allowedVariantsByInBlock": {
					"rock-limestone": ["poor", "medium", "rich", "bountiful"],
                    "rock-dolostone": ["poor", "medium", "rich", "bountiful"]
				}
			},
			"surfaceBlock": { "code": "looseores-azurite-{rock}-free" },
			"surfaceBlockChance": 0.33,
			"radius": { "dist": "uniform", "avg": 7, "var": 3 },
			"yPosRel": {"dist": "uniform", "avg": 0.5, "var": 0.48 },
			"gradeDistribution": "RandomPlusDepthBonus",
			"thickness": { "dist": "stronginvexp", "avg": 1, "var": 2 }
		}
	}
]