[
	{
		"code": "chalcopyrite",
		"triesPerChunk": 10,
		"withOreMap": true,
		"handbookPageCode": "item-nugget-chalcopyrite",
		"generator": "disc-followsealevel",
		"attributes": {
			"inblock": { "code": "rock-*", "name": "rock", "allowedVariants": ["limestone", "dolostone","chalk","rhyolite","granite","andesite","diorite","basalt","gabbro","phyllite","schist","amphibolite"] },
			"placeblock": {
				"code": "ore-*-chalcopyrite-{rock}",
				"name": "grade",
				"allowedVariantsByInBlock": {
					"rock-limestone": ["poor", "medium", "rich", "bountiful"],
                    "rock-dolostone": ["poor", "medium", "rich", "bountiful"],
					"rock-chalk": ["poor", "medium", "rich", "bountiful"],
					"rock-rhyolite":["poor", "medium", "rich"],
					"rock-granite":["poor", "medium", "rich"],
					"rock-andesite":["poor", "medium", "rich"],
					"rock-diorite":["poor", "medium", "rich"],
					"rock-basalt":["poor", "medium"],
					"rock-gabbro":["poor", "medium"],
					"rock-phyllite":["poor", "medium"],
					"rock-schist":["poor"],
					"rock-amphibolite":["poor"]
				}
			},
			"surfaceBlock": { "code": "looseores-chalcopyrite-{rock}-free" },
			"surfaceBlockChance": 0.33,
			"radius": { "dist": "uniform", "avg": 12, "var": 3 },
			"yPosRel": {"dist": "uniform", "avg": 0.5, "var": 0.48 },
			"gradeDistribution": "RandomPlusDepthBonus",
			"thickness": { "dist": "stronginvexp", "avg": 1, "var": 2 }
		}
	}
]
