﻿[
 {
   file: "game:recipes/barrel/wildcrafttrees/fastvinegar.json",
    "side": "server",
    op: "add", 
    path: "/enabled", 
    value: "false",
    dependsOn: [{ "modid": "wildcrafttrees", "invert": true }]
 },
 {
   file: "game:recipes/barrel/wildcrafttrees/fruitvinegar.json",
    "side": "server",
    op: "add", 
    path: "/enabled", 
    value: "false",
    dependsOn: [{ "modid": "wildcrafttrees", "invert": true }]
 },
 {
   file: "game:recipes/barrel/wildcrafttrees/winevinegar.json",
    "side": "server",
    op: "add", 
    path: "/0/enabled", 
    value: "false",
    dependsOn: [{ "modid": "wildcrafttrees", "invert": true }]
 },
 {
   file: "game:recipes/barrel/wildcrafttrees/winevinegar.json",
    "side": "server",
    op: "add", 
    path: "/1/enabled", 
    value: "false",
    dependsOn: [{ "modid": "wildcrafttrees", "invert": true }]
 },
 {
   file: "game:recipes/barrel/wildcrafttrees/winevinegar.json",
    "side": "server",
    op: "add", 
    path: "/2/enabled", 
    value: "false",
    dependsOn: [{ "modid": "wildcrafttrees", "invert": true }]
 },
 {
   file: "game:recipes/barrel/wildcrafttrees/winevinegar.json",
    "side": "server",
    op: "add", 
    path: "/3/enabled", 
    value: "false",
    dependsOn: [{ "modid": "wildcrafttrees", "invert": true }]
 },
 {
   file: "game:recipes/barrel/wildcrafttrees/winevinegar.json",
    "side": "server",
    op: "add", 
    path: "/4/enabled", 
    value: "false",
    dependsOn: [{ "modid": "wildcrafttrees", "invert": true }]
 },
 {
   file: "game:recipes/barrel/wildcrafttrees/winevinegar.json",
    "side": "server",
    op: "add", 
    path: "/5/enabled", 
    value: "false",
    dependsOn: [{ "modid": "wildcrafttrees", "invert": true }]
 },
 {
   file: "game:recipes/barrel/wildcrafttrees/winevinegar.json",
    "side": "server",
    op: "add", 
    path: "/6/enabled", 
    value: "false",
    dependsOn: [{ "modid": "wildcrafttrees", "invert": true }]
 },
 {
   file: "game:recipes/barrel/wildcrafttrees/winevinegar.json",
    "side": "server",
    op: "add", 
    path: "/7/enabled", 
    value: "false",
    dependsOn: [{ "modid": "wildcrafttrees", "invert": true }]
 },
 {
   file: "game:recipes/barrel/wildcrafttrees/winevinegar.json",
    "side": "server",
    op: "add", 
    path: "/8/enabled", 
    value: "false",
    dependsOn: [{ "modid": "wildcrafttrees", "invert": true }]
 },
 {
   file: "game:recipes/barrel/wildcrafttrees/yogurtstarter.json",
    "side": "server",
    op: "add", 
    path: "/enabled", 
    value: "false",
    dependsOn: [{ "modid": "wildcrafttrees", "invert": true }]
 },
 {
   file: "game:recipes/barrel/wildcrafttrees/yeastwater.json",
    "side": "server",
    op: "add", 
    path: "/enabled", 
    value: "false",
    dependsOn: [{ "modid": "wildcrafttrees", "invert": true }]
 },
]