﻿[
 {
   file: "expandedfoods:recipes/kneading/candy.json",
    "side": "server",
    op: "add", 
    path: "/0/ingredients/1/inputs/-", 
    value: { type: "item", code: "expandedfoods:wildtreefruitsyrupportion-*",  quantity: 10 },
    dependsOn: [{ "modid": "wildcrafttrees" }]
 },
 {
   file: "expandedfoods:recipes/kneading/candy.json",
    "side": "server",
    op: "add", 
    path: "/1/ingredients/1/inputs/-", 
    value: { type: "item", code: "expandedfoods:wildtreefruitsyrupportion-*",  quantity: 10 },
    dependsOn: [{ "modid": "wildcrafttrees" }]
 },
 {
   file: "expandedfoods:recipes/kneading/candy.json",
    "side": "server",
    op: "add", 
    path: "/2/ingredients/1/inputs/-", 
    value: { type: "item", code: "expandedfoods:wildtreefruitsyrupportion-*",  quantity: 10 },
    dependsOn: [{ "modid": "wildcrafttrees" }]
 },
 {
   file: "expandedfoods:recipes/kneading/candy.json",
    "side": "server",
    op: "add", 
    path: "/3/ingredients/1/inputs/-", 
    value: { type: "item", code: "expandedfoods:wildtreefruitsyrupportion-*",  quantity: 10 },
    dependsOn: [{ "modid": "wildcrafttrees" }]
 },
]