﻿[
 {
   file: "expandedfoods:recipes/kneading/fruitbar.json",
    "side": "server",
    op: "addeach", 
    path: "/0/ingredients/1/inputs/-", 
    value: [{ type: "item", code: "wildcrafttrees:treefruit-*",  quantity: 1 }, { type: "item", code: "expandedfoods:wildtreedryfruit-*",  quantity: 1 }, { type: "item", code: "expandedfoods:wildtreedehydratedfruit-*",  quantity: 1 }, { type: "item", code: "expandedfoods:wildtreecandiedfruit-*",  quantity: 1 }],
    dependsOn: [{ "modid": "wildcrafttrees" }]
 },
 {
   file: "expandedfoods:recipes/kneading/fruitbar.json",
    "side": "server",
    op: "addeach", 
    path: "/1/ingredients/1/inputs/-", 
    value: [{ type: "item", code: "wildcrafttrees:treefruit-*",  quantity: 1 }, { type: "item", code: "expandedfoods:wildtreedryfruit-*",  quantity: 1 }, { type: "item", code: "expandedfoods:wildtreedehydratedfruit-*",  quantity: 1 }, { type: "item", code: "expandedfoods:wildtreecandiedfruit-*",  quantity: 1 }],
    dependsOn: [{ "modid": "wildcrafttrees" }]
 },
 {
   file: "expandedfoods:recipes/kneading/fruitbar.json",
    "side": "server",
    op: "addeach", 
    path: "/0/ingredients/2/inputs/-", 
    value: [{ type: "item", code: "expandedfoods:gelatin-*", allowedVariants: [ "apricot", "citron", "fig", "hawthorn", "purpleplum", "quince", "pomelo" ], quantity: 1 },],
    dependsOn: [{ "modid": "wildcrafttrees" }]
 },
 {
   file: "expandedfoods:recipes/kneading/fruitbar.json",
    "side": "server",
    op: "addeach", 
    path: "/1/ingredients/2/inputs/-", 
    value: [{ type: "item", code: "expandedfoods:gelatin-*", allowedVariants: [ "apricot", "citron", "fig", "hawthorn", "purpleplum", "quince", "pomelo" ], quantity: 1 },],
    dependsOn: [{ "modid": "wildcrafttrees" }]
 },
 {
   file: "expandedfoods:recipes/kneading/fruitbar.json",
    "side": "server",
    op: "add", 
    path: "/0/ingredients/3/inputs/-", 
    value: { type: "item", code: "expandedfoods:wildtreefruitsyrupportion-*",  quantity: 10 },
    dependsOn: [{ "modid": "wildcrafttrees" }]
 },
 {
   file: "expandedfoods:recipes/kneading/fruitbar.json",
    "side": "server",
    op: "add", 
    path: "/1/ingredients/3/inputs/-", 
    value: { type: "item", code: "expandedfoods:wildtreefruitsyrupportion-*",  quantity: 10 },
    dependsOn: [{ "modid": "wildcrafttrees" }]
 },
]