{
  "code": "temporalinfuser",
  "class": "BlockTemporalInfuser",
  "entityclass": "BETemporalInfuser",
  "enabled": true,

  "variantgroups": [
    {
      "code": "state",
      "states": [ "off", "powered" ]
    }
    //{
    //  "code": "cover",
    //  "states": [ "free", "snow" ]
    //}
  ],

  "entityBehaviors": [ { "name": "Animatable" } ],

  "behaviors": [
    { "name": "Container" },
    { "name": "Unstable" }
  ],

  "attributesByType": {
    "*": {
      "displaycaseable": false,
      "shelvable": false
    }
  },

  "creativeinventory": {
    "general": [ "*-off" ],
    "items": [ "*-off" ],
    "ruststones": [ "*-off" ]
  },




  //"drawtypeByType": {
  //  "*-free": "JSON",
  //  "*-snow": "JSONAndSnowLayer"
  //},

  "shapebytype": {
    "*": {
      "base": "blocks/temporalinfuser-powered",
      "rotateY": 0
    }
  },
  "texturesByType": {
    "*": {
      "leather": { "base": "game:block/stone/rock/granite*" },
      "aged": { "base": "game:block/machine/statictranslocator/base_darkwood" },
      "brass": { "base": "game:block/metal/plate/brass" },
      "device-plate": { "base": "game:block/machine/device-plate" },
      "rusty-iron": { "base": "game:block/machine/statictranslocator/rusty" },
      "uranium": { "base": "items/rustyglow-solid" },
      "rust-faded": { "base": "items/rust-faded" },
      "rustyglow": { "base": "game:block/machine/statictranslocator/rustyglow" },
      "diamond": { "base": "game:block/stone/gem/diamond" },
      "obsidian": { "base": "game:block/stone/rock/obsidian1" },
      "ventdecal": { "base": "blocks/ventdecaloff" },
      "ventdecal1": { "base": "blocks/ventdecalpowered" }
    }
  },

  "sidesolid": {
    "all": "false"
  },

  "sideopaque": {
    "all": "false"
  },

  "maxstacksize": 1,
  "blockmaterial": "Other",
  "materialDensity": 1200,
  "replaceable": 140,
  "resistance": 2,
  "lightAbsorption": 0,
  "heldTpIdleAnimation": "holdbothhands",

  "sounds": {
    "place": "game:block/rock-hit-pickaxe",
    "walk": "game:walk/stone"
  },

  "collisionSelectionBoxesByType": {
    "*": [
      {
        "x1": 0,
        "y1": 0,
        "z1": 0,
        "x2": 1,
        "y2": 0.25,
        "z2": 1,
        "rotateYByType": {
          "*": 0
        }
      },
      {
        "x1": 0.2,
        "y1": 0.2,
        "z1": 0.2,
        "x2": 0.8,
        "y2": 0.8,
        "z2": 0.8,
        "rotateYByType": {
          "*": 0
        }
      }
    ]
  },

  "guiTransform": {
    "translation": {
      "x": 0,
      "y": 3,
      "z": 0
    },
    "rotation": {
      "x": -21,
      "y": -129,
      "z": 0
    },
    "origin": {
      "x": 0.5,
      "y": 0.3,
      "z": 0.5
    },
    "scale": 1.25
  },
  "fpHandTransform": {
    "translation": {
      "x": 0,
      "y": 0.1,
      "z": 0.5
    },
    "rotation": {
      "x": -2,
      "y": 5,
      "z": 12
    },
    "origin": {
      "x": 0.5,
      "y": 0.6,
      "z": 0.5
    },
    "scale": 1.5
  },
  "tpHandTransform": {
    "translation": {
      "x": 0,
      "y": 0.2,
      "z": 0.2
    },
    "rotation": {
      "x": 55,
      "y": 13,
      "z": -82
    },
    "origin": {
      "x": 0.05,
      "y": -0.1,
      "z": 0.25
    },
    "scale": 0.5899
  },
  "groundTransform": {
    "scale": 2.01
  }
}
