{
	"editor": {
		"allAngles": false,
		"entityTextureMode": false
	},
	"textureWidth": 16,
	"textureHeight": 16,
	"textureSizes": {
	},
	"textures": {
		"clear": "block/wood/displaycasewall/22/clear",
		"ebony": "block/wood/displaycasewall/22/ebony",
		"side": "block/wood/displaycasewall/22/side",
		"top": "block/wood/displaycasewall/22/top"
	},
	"elements": [
		{
			"name": "wood",
			"from": [ 1.0, 24.0, -7.0 ],
			"to": [ 31.0, 25.0, 23.0 ],
			"rotationOrigin": [ 8.0, 24.0, 0.0 ],
			"rotationX": 90.0,
			"faces": {
				"north": { "texture": "#ebony", "uv": [ 0.0, 0.0, 16.0, 1.0 ], "rotation": 180, "autoUv": false },
				"east": { "texture": "#ebony", "uv": [ 15.0, 0.0, 16.0, 16.0 ], "rotation": 90, "autoUv": false },
				"south": { "texture": "#ebony", "uv": [ 0.0, 15.0, 16.0, 16.0 ], "autoUv": false },
				"west": { "texture": "#ebony", "uv": [ 0.0, 0.0, 1.0, 16.0 ], "rotation": 270, "autoUv": false },
				"up": { "texture": "#ebony", "uv": [ 0.0, 0.0, 16.0, 16.0 ], "autoUv": false },
				"down": { "texture": "#ebony", "uv": [ 0.0, 0.0, 16.0, 16.0 ], "autoUv": false }
			},
			"children": [
				{
					"name": "glass",
					"from": [ 1.0, 1.0, 1.0 ],
					"to": [ 29.0, 3.0, 29.0 ],
					"renderPass": 3,
					"rotationOrigin": [ 7.0, 1.0, 7.0 ],
					"faces": {
						"north": { "texture": "#clear", "uv": [ 0.0, 0.0, 15.0, 2.0 ], "autoUv": false, "windData": [1,1,1,1] },
						"east": { "texture": "#clear", "uv": [ 0.0, 0.0, 15.0, 2.0 ], "autoUv": false, "windData": [1,1,1,1] },
						"south": { "texture": "#clear", "uv": [ 0.0, 0.0, 16.0, 2.0 ], "autoUv": false, "windData": [1,1,1,1] },
						"west": { "texture": "#clear", "uv": [ 0.0, 0.0, 15.0, 2.0 ], "autoUv": false, "windData": [1,1,1,1] },
						"up": { "texture": "#clear", "uv": [ 0.0, 2.0, 15.0, 14.0 ], "autoUv": false, "windData": [1,1,1,1] }
					}
				},
				{
					"name": "N",
					"from": [ 1.0, 1.0, 0.99 ],
					"to": [ 29.0, 3.0, 0.99 ],
					"renderPass": 1,
					"rotationOrigin": [ 0.0, 0.0, 0.4 ],
					"faces": {
						"north": { "texture": "#side", "uv": [ 1.0, 9.0, 15.0, 11.0 ], "autoUv": false }
					}
				},
				{
					"name": "S",
					"from": [ 1.0, 1.0, 29.01 ],
					"to": [ 29.0, 3.0, 29.01 ],
					"renderPass": 1,
					"rotationOrigin": [ 0.0, 0.0, 0.1 ],
					"faces": {
						"south": { "texture": "#side", "uv": [ 1.0, 9.0, 15.0, 11.0 ], "autoUv": false }
					}
				},
				{
					"name": "W",
					"from": [ 0.99, 1.0, 1.0 ],
					"to": [ 0.99, 3.0, 29.0 ],
					"renderPass": 1,
					"rotationOrigin": [ -0.1, 0.0, 0.0 ],
					"faces": {
						"west": { "texture": "#side", "uv": [ 1.0, 9.0, 15.0, 11.0 ], "autoUv": false }
					}
				},
				{
					"name": "E",
					"from": [ 29.01, 1.0, 1.0 ],
					"to": [ 29.01, 3.0, 29.0 ],
					"renderPass": 1,
					"rotationOrigin": [ 16.1, 0.0, 0.0 ],
					"faces": {
						"east": { "texture": "#side", "uv": [ 1.0, 9.0, 15.0, 11.0 ], "autoUv": false }
					}
				},
				{
					"name": "top",
					"from": [ 1.0, 3.01, 1.0 ],
					"to": [ 29.0, 3.01, 29.0 ],
					"renderPass": 1,
					"rotationOrigin": [ 1.0, 3.0, 1.0 ],
					"faces": {
						"up": { "texture": "#top", "uv": [ 1.0, 1.0, 15.0, 15.0 ], "autoUv": false, "windMode": [-1,-1,-1,-1] }
					}
				}
			]
		}
	]}