{
	"editor": {
		"collapsedPaths": "Root/wood/glass/glassE,Root/wood/glass/glassW,Root/wood/glass/glassN,Root/wood/glass/glass-top,Root/wood/glass/glassS",
		"allAngles": false,
		"entityTextureMode": false
	},
	"textureWidth": 16,
	"textureHeight": 16,
	"textureSizes": {
	},
	"textures": {
		"clear": "block/wood/displaycasewall/silver/clear",
		"side-small": "block/wood/displaycasewall/silver/side-small",
		"top-small": "block/wood/displaycasewall/silver/top-small",
		"ebony": "game:item/tool/material/ebony"
	},
	"elements": [
		{
			"name": "wood",
			"from": [ 1.0, 8.0, -7.0 ],
			"to": [ 15.0, 9.0, 7.0 ],
			"rotationOrigin": [ 8.0, 8.0, 0.0 ],
			"rotationX": 90.0,
			"faces": {
				"north": {
					"texture": "#ebony",
					"uv": [ 1.0, 0.0, 15.0, 1.0 ],
					"rotation": 180
				},
				"east": {
					"texture": "#ebony",
					"uv": [ 15.0, 1.0, 16.0, 15.0 ],
					"rotation": 90
				},
				"south": {
					"texture": "#ebony",
					"uv": [ 1.0, 15.0, 15.0, 16.0 ]
				},
				"west": {
					"texture": "#ebony",
					"uv": [ 0.0, 0.5, 1.0, 14.5 ],
					"rotation": 270
				},
				"up": {
					"texture": "#ebony",
					"uv": [ 1.0, 1.0, 15.0, 15.0 ]
				},
				"down": {
					"texture": "#ebony",
					"uv": [ 1.0, 1.0, 15.0, 15.0 ]
				}
			},
			"children": [
				{
					"name": "glass",
					"from": [ 1.0, 1.0, 1.0 ],
					"to": [ 13.0, 3.0, 13.0 ],
					"renderPass": 3,
					"rotationOrigin": [ 7.0, 1.0, 7.0 ],
					"faces": {
						"north": {
							"texture": "#clear",
							"uv": [ 0.0, 0.0, 12.0, 2.0 ],
							"windData": [ 1, 1, 1, 1 ]
						},
						"east": {
							"texture": "#clear",
							"uv": [ 0.0, 0.0, 12.0, 2.0 ],
							"windData": [ 1, 1, 1, 1 ]
						},
						"south": {
							"texture": "#clear",
							"uv": [ 0.0, 0.0, 12.0, 2.0 ],
							"windData": [ 1, 1, 1, 1 ]
						},
						"west": {
							"texture": "#clear",
							"uv": [ 0.0, 0.0, 12.0, 2.0 ],
							"windData": [ 1, 1, 1, 1 ]
						},
						"up": {
							"texture": "#clear",
							"uv": [ 1.5, 1.0, 13.5, 13.0 ],
							"windData": [ 1, 1, 1, 1 ]
						}
					}
				},
				{
					"name": "N",
					"from": [ 1.0, 1.0, 0.99 ],
					"to": [ 13.0, 3.0, 0.99 ],
					"renderPass": 1,
					"rotationOrigin": [ 0.0, 0.0, 0.4 ],
					"faces": {
						"north": {
							"texture": "#side-small",
							"uv": [ 2.0, 9.0, 14.0, 11.0 ]
						}
					}
				},
				{
					"name": "S",
					"from": [ 1.0, 1.0, 13.01 ],
					"to": [ 13.0, 3.0, 13.01 ],
					"renderPass": 1,
					"rotationOrigin": [ 0.0, 0.0, 0.1 ],
					"faces": {
						"south": {
							"texture": "#side-small",
							"uv": [ 2.0, 9.0, 14.0, 11.0 ]
						}
					}
				},
				{
					"name": "W",
					"from": [ 0.99, 1.0, 1.0 ],
					"to": [ 0.99, 3.0, 13.0 ],
					"renderPass": 1,
					"rotationOrigin": [ -0.1, 0.0, 0.0 ],
					"faces": {
						"west": {
							"texture": "#side-small",
							"uv": [ 2.0, 9.0, 14.0, 11.0 ]
						}
					}
				},
				{
					"name": "E",
					"from": [ 13.01, 1.0, 1.0 ],
					"to": [ 13.01, 3.0, 13.0 ],
					"renderPass": 1,
					"rotationOrigin": [ 0.1, 0.0, 0.0 ],
					"faces": {
						"east": {
							"texture": "#side-small",
							"uv": [ 2.0, 9.0, 14.0, 11.0 ]
						}
					}
				},
				{
					"name": "top",
					"from": [ 1.0, 3.01, 1.0 ],
					"to": [ 13.0, 3.01, 13.0 ],
					"renderPass": 1,
					"rotationOrigin": [ 1.0, 3.0, 1.0 ],
					"faces": {
						"up": {
							"texture": "#top-small",
							"uv": [ 2.0, 4.0, 14.0, 16.0 ],
							"windMode": [ -1, -1, -1, -1 ]
						}
					}
				}
			]
		}
	]
}