[
  {
    "op": "add",
    "path": "/variants/-",
    "value": {
      "Code": "dolostone",
      "Weight": "35",
      "SoilpH": "7.5",
      "WeatheringFactor": "0.9",
      "RockGroup": "sedimentary"
    },
    "file": "game:worldproperties/block/rock.json"
  },
  {
    "op": "add",
    "path": "/variants/-",
    "value": {
      "Code": "siltstone",
      "Weight": "35",
      "SoilpH": "6.7",
      "WeatheringFactor": "1.1",
      "RockGroup": "sedimentary"
    },
    "file": "game:worldproperties/block/rock.json"
  },
  {
    "op": "add",
    "path": "/variants/-",
    "value": {
      "Code": "mudstone",
      "Weight": "40",
      "SoilpH": "7",
      "WeatheringFactor": "0.7",
      "RockGroup": "sedimentary"
    },
    "file": "game:worldproperties/block/rock.json"
  },
  {
    "op": "add",
    "path": "/variants/-",
    "value": {
      "Code": "quartzite",
      "Weight": "50",
      "SoilpH": "7",
      "WeatheringFactor": "0.4",
      "RockGroup": "metamorphic"
    },
    "file": "game:worldproperties/block/rock.json"
  },
  {
    "op": "add",
    "path": "/variants/-",
    "value": {
      "Code": "gneiss",
      "Weight": "70",
      "SoilpH": "7.5",
      "WeatheringFactor": "0.6",
      "RockGroup": "metamorphic"
    },
    "file": "game:worldproperties/block/rock.json"
  },
  {
    "op": "add",
    "path": "/variants/-",
    "value": {
      "Code": "schist",
      "Weight": "60",
      "SoilpH": "7",
      "WeatheringFactor": "0.4",
      "RockGroup": "metamorphic"
    },
    "file": "game:worldproperties/block/rock.json"
  },
  {
    "op": "add",
    "path": "/variants/-",
    "value": {
      "Code": "migmatite",
      "Weight": "85",
      "SoilpH": "7.5",
      "WeatheringFactor": "0.6",
      "RockGroup": "metamorphic"
    },
    "file": "game:worldproperties/block/rock.json"
  },
  {
    "op": "add",
    "path": "/variants/-",
    "value": {
      "Code": "amphibolite",
      "Weight": "65",
      "SoilpH": "6.5",
      "WeatheringFactor": "0.8",
      "RockGroup": "metamorphic"
    },
    "file": "game:worldproperties/block/rock.json"
  },
  {
    "op": "add",
    "path": "/variants/-",
    "value": {
      "Code": "rhyolite",
      "Weight": "70",
      "SoilpH": "6.5",
      "WeatheringFactor": "0.7",
      "RockGroup": "igneous_extrusive"
    },
    "file": "game:worldproperties/block/rock.json"
  },
  {
    "op": "add",
    "path": "/variants/-",
    "value": {
      "Code": "pumice",
      "Weight": "20",
      "SoilpH": "6.5",
      "WeatheringFactor": "1.2",
      "RockGroup": "igneous_extrusive"
    },
    "file": "game:worldproperties/block/rock.json"
  },
  {
    "op": "add",
    "path": "/variants/-",
    "value": {
      "Code": "diorite",
      "Weight": "75",
      "SoilpH": "7.2",
      "WeatheringFactor": "0.8",
      "RockGroup": "igneous_extrusive"
    },
    "file": "game:worldproperties/block/rock.json"
  },
  {
    "op": "add",
    "path": "/variants/-",
    "value": {
      "Code": "Gabbro",
      "Weight": "80",
      "SoilpH": "6.5",
      "WeatheringFactor": "0.7",
      "RockGroup": "igneous_intrusive"
    },
    "file": "game:worldproperties/block/rock.json"
},

{
  "op": "add",
  "path": "/variants/-",
  "value": {
    "Code": "jade",
    "Weight": "50",
    "SoilpH" : "6",
    "WeatheringFactor": "1",
    "RockGroup": "igneous_extrusive"
  },
  "file": "game:worldproperties/block/rock.json"
},
{
  "op": "add",
  "path": "/variants/-",
  "value": {
    "Code": "jasper",
    "Weight": "50",
    "SoilpH" : "6",
    "WeatheringFactor": "1",
    "RockGroup": "igneous_extrusive"
  },
  "file": "game:worldproperties/block/rock.json"
}
]