{
	"editor": {
		"collapsedPaths": "Root/Bottom/Wire,Root/Bottom",
		"allAngles": false,
		"entityTextureMode": false
	},
	"textureWidth": 16,
	"textureHeight": 16,
	"textureSizes": {
	},
	"textures": {
		"copper": "copper",
		"iron": "iron"
	},
	"elements": [
		{
			"name": "Bottom",
			"from": [ 2.0, 1.0, 2.0 ],
			"to": [ 14.0, 2.0, 14.0 ],
			"rotationOrigin": [ 2.0, 1.0, 2.0 ],
			"faces": {
				"north": { "texture": "#iron", "uv": [ 2.0, 14.0, 14.0, 15.0 ] },
				"east": { "texture": "#iron", "uv": [ 2.0, 14.0, 14.0, 15.0 ] },
				"south": { "texture": "#iron", "uv": [ 2.0, 14.0, 14.0, 15.0 ] },
				"west": { "texture": "#iron", "uv": [ 2.0, 14.0, 14.0, 15.0 ] },
				"up": { "texture": "#iron", "uv": [ 2.0, 2.0, 14.0, 14.0 ] },
				"down": { "texture": "#iron", "uv": [ 2.0, 2.0, 14.0, 14.0 ] }
			},
			"children": [
				{
					"name": "Wire",
					"from": [ 7.5, 1.0, 2.0 ],
					"to": [ 8.0, 1.5, 10.0 ],
					"rotationOrigin": [ 8.0, 1.0, 2.0 ],
					"faces": {
						"north": { "texture": "#copper", "uv": [ 0.0, 0.0, 0.5, 0.5 ] },
						"east": { "texture": "#copper", "uv": [ 0.0, 0.0, 8.0, 0.5 ] },
						"south": { "texture": "#copper", "uv": [ 0.0, 0.0, 0.5, 0.5 ] },
						"west": { "texture": "#copper", "uv": [ 0.0, 0.0, 8.0, 0.5 ] },
						"up": { "texture": "#copper", "uv": [ 0.0, 0.0, 0.5, 8.0 ] },
						"down": { "texture": "#copper", "uv": [ 0.0, 0.0, 0.5, 8.0 ] }
					},
					"children": [
						{
							"name": "Cube8",
							"from": [ 2.0, 0.0, 0.0 ],
							"to": [ 3.5, 0.5, 0.5 ],
							"faces": {
								"north": { "texture": "#copper", "uv": [ 0.0, 0.0, 1.5, 0.5 ] },
								"east": { "texture": "#copper", "uv": [ 0.0, 0.0, 0.5, 0.5 ] },
								"south": { "texture": "#copper", "uv": [ 0.0, 0.0, 1.5, 0.5 ] },
								"west": { "texture": "#copper", "uv": [ 0.0, 0.0, 0.5, 0.5 ] },
								"up": { "texture": "#copper", "uv": [ 0.0, 0.0, 1.5, 0.5 ] },
								"down": { "texture": "#copper", "uv": [ 0.0, 0.0, 1.5, 0.5 ] }
							}
						},
						{
							"name": "Cube10",
							"from": [ -0.5, 0.0, 7.5 ],
							"to": [ 0.0, 0.5, 8.0 ],
							"rotationOrigin": [ -2.0, 0.0, 7.0 ],
							"faces": {
								"north": { "texture": "#copper", "uv": [ 0.0, 0.0, 0.5, 0.5 ] },
								"east": { "texture": "#copper", "uv": [ 0.0, 0.0, 0.5, 0.5 ] },
								"south": { "texture": "#copper", "uv": [ 0.0, 0.0, 0.5, 0.5 ] },
								"west": { "texture": "#copper", "uv": [ 0.0, 0.0, 0.5, 0.5 ] },
								"up": { "texture": "#copper", "uv": [ 0.0, 0.0, 0.5, 0.5 ] },
								"down": { "texture": "#copper", "uv": [ 0.0, 0.0, 0.5, 0.5 ] }
							}
						},
						{
							"name": "Cube9",
							"from": [ -1.0, 0.0, 0.0 ],
							"to": [ -0.5, 0.5, 8.0 ],
							"rotationOrigin": [ -1.0, 0.0, 0.0 ],
							"faces": {
								"north": { "texture": "#copper", "uv": [ 0.0, 0.0, 0.5, 0.5 ] },
								"east": { "texture": "#copper", "uv": [ 0.0, 0.0, 8.0, 0.5 ] },
								"south": { "texture": "#copper", "uv": [ 0.0, 0.0, 0.5, 0.5 ] },
								"west": { "texture": "#copper", "uv": [ 0.0, 0.0, 8.0, 0.5 ] },
								"up": { "texture": "#copper", "uv": [ 0.0, 0.0, 0.5, 8.0 ] },
								"down": { "texture": "#copper", "uv": [ 0.0, 0.0, 0.5, 8.0 ] }
							}
						},
						{
							"name": "Cube17",
							"from": [ -4.5, 0.0, 7.5 ],
							"to": [ -4.0, 0.5, 8.0 ],
							"rotationOrigin": [ -6.0, 0.0, 7.0 ],
							"faces": {
								"north": { "texture": "#copper", "uv": [ 0.0, 0.0, 0.5, 0.5 ] },
								"east": { "texture": "#copper", "uv": [ 0.0, 0.0, 0.5, 0.5 ] },
								"south": { "texture": "#copper", "uv": [ 0.0, 0.0, 0.5, 0.5 ] },
								"west": { "texture": "#copper", "uv": [ 0.0, 0.0, 0.5, 0.5 ] },
								"up": { "texture": "#copper", "uv": [ 0.0, 0.0, 0.5, 0.5 ] },
								"down": { "texture": "#copper", "uv": [ 0.0, 0.0, 0.5, 0.5 ] }
							}
						},
						{
							"name": "Cube18",
							"from": [ -5.0, 0.0, 0.0 ],
							"to": [ -4.5, 0.5, 8.0 ],
							"rotationOrigin": [ -5.0, 0.0, 0.0 ],
							"faces": {
								"north": { "texture": "#copper", "uv": [ 0.0, 0.0, 0.5, 0.5 ] },
								"east": { "texture": "#copper", "uv": [ 0.0, 0.0, 8.0, 0.5 ] },
								"south": { "texture": "#copper", "uv": [ 0.0, 0.0, 0.5, 0.5 ] },
								"west": { "texture": "#copper", "uv": [ 0.0, 0.0, 8.0, 0.5 ] },
								"up": { "texture": "#copper", "uv": [ 0.0, 0.0, 0.5, 8.0 ] },
								"down": { "texture": "#copper", "uv": [ 0.0, 0.0, 0.5, 8.0 ] }
							}
						},
						{
							"name": "Cube20",
							"from": [ -5.5, 0.0, 0.0 ],
							"to": [ -5.0, 0.5, 0.5 ],
							"rotationOrigin": [ -7.0, 0.0, 0.0 ],
							"faces": {
								"north": { "texture": "#copper", "uv": [ 0.0, 0.0, 0.5, 0.5 ] },
								"east": { "texture": "#copper", "uv": [ 0.0, 0.0, 0.5, 0.5 ] },
								"south": { "texture": "#copper", "uv": [ 0.0, 0.0, 0.5, 0.5 ] },
								"west": { "texture": "#copper", "uv": [ 0.0, 0.0, 0.5, 0.5 ] },
								"up": { "texture": "#copper", "uv": [ 0.0, 0.0, 0.5, 0.5 ] },
								"down": { "texture": "#copper", "uv": [ 0.0, 0.0, 0.5, 0.5 ] }
							}
						},
						{
							"name": "Cube21",
							"from": [ -6.5, 0.0, 7.5 ],
							"to": [ -6.0, 0.5, 8.0 ],
							"rotationOrigin": [ -8.0, 0.0, 7.0 ],
							"faces": {
								"north": { "texture": "#copper", "uv": [ 0.0, 0.0, 0.5, 0.5 ] },
								"east": { "texture": "#copper", "uv": [ 0.0, 0.0, 0.5, 0.5 ] },
								"south": { "texture": "#copper", "uv": [ 0.0, 0.0, 0.5, 0.5 ] },
								"west": { "texture": "#copper", "uv": [ 0.0, 0.0, 0.5, 0.5 ] },
								"up": { "texture": "#copper", "uv": [ 0.0, 0.0, 0.5, 0.5 ] },
								"down": { "texture": "#copper", "uv": [ 0.0, 0.0, 0.5, 0.5 ] }
							}
						},
						{
							"name": "Cube13",
							"from": [ -2.5, 0.0, 7.5 ],
							"to": [ -2.0, 0.5, 8.0 ],
							"rotationOrigin": [ -4.0, 0.0, 7.0 ],
							"faces": {
								"north": { "texture": "#copper", "uv": [ 0.0, 0.0, 0.5, 0.5 ] },
								"east": { "texture": "#copper", "uv": [ 0.0, 0.0, 0.5, 0.5 ] },
								"south": { "texture": "#copper", "uv": [ 0.0, 0.0, 0.5, 0.5 ] },
								"west": { "texture": "#copper", "uv": [ 0.0, 0.0, 0.5, 0.5 ] },
								"up": { "texture": "#copper", "uv": [ 0.0, 0.0, 0.5, 0.5 ] },
								"down": { "texture": "#copper", "uv": [ 0.0, 0.0, 0.5, 0.5 ] }
							}
						},
						{
							"name": "Cube12",
							"from": [ -1.5, 0.0, 0.0 ],
							"to": [ -1.0, 0.5, 0.5 ],
							"rotationOrigin": [ -3.0, 0.0, 0.0 ],
							"faces": {
								"north": { "texture": "#copper", "uv": [ 0.0, 0.0, 0.5, 0.5 ] },
								"east": { "texture": "#copper", "uv": [ 0.0, 0.0, 0.5, 0.5 ] },
								"south": { "texture": "#copper", "uv": [ 0.0, 0.0, 0.5, 0.5 ] },
								"west": { "texture": "#copper", "uv": [ 0.0, 0.0, 0.5, 0.5 ] },
								"up": { "texture": "#copper", "uv": [ 0.0, 0.0, 0.5, 0.5 ] },
								"down": { "texture": "#copper", "uv": [ 0.0, 0.0, 0.5, 0.5 ] }
							}
						},
						{
							"name": "Cube14",
							"from": [ -3.0, 0.0, 0.0 ],
							"to": [ -2.5, 0.5, 8.0 ],
							"rotationOrigin": [ -3.0, 0.0, 0.0 ],
							"faces": {
								"north": { "texture": "#copper", "uv": [ 0.0, 0.0, 0.5, 0.5 ] },
								"east": { "texture": "#copper", "uv": [ 0.0, 0.0, 8.0, 0.5 ] },
								"south": { "texture": "#copper", "uv": [ 0.0, 0.0, 0.5, 0.5 ] },
								"west": { "texture": "#copper", "uv": [ 0.0, 0.0, 8.0, 0.5 ] },
								"up": { "texture": "#copper", "uv": [ 0.0, 0.0, 0.5, 8.0 ] },
								"down": { "texture": "#copper", "uv": [ 0.0, 0.0, 0.5, 8.0 ] }
							}
						},
						{
							"name": "Cube16",
							"from": [ -3.5, 0.0, 0.0 ],
							"to": [ -3.0, 0.5, 0.5 ],
							"rotationOrigin": [ -5.0, 0.0, 0.0 ],
							"faces": {
								"north": { "texture": "#copper", "uv": [ 0.0, 0.0, 0.5, 0.5 ] },
								"east": { "texture": "#copper", "uv": [ 0.0, 0.0, 0.5, 0.5 ] },
								"south": { "texture": "#copper", "uv": [ 0.0, 0.0, 0.5, 0.5 ] },
								"west": { "texture": "#copper", "uv": [ 0.0, 0.0, 0.5, 0.5 ] },
								"up": { "texture": "#copper", "uv": [ 0.0, 0.0, 0.5, 0.5 ] },
								"down": { "texture": "#copper", "uv": [ 0.0, 0.0, 0.5, 0.5 ] }
							}
						},
						{
							"name": "Cube11",
							"from": [ -2.0, 0.0, 0.0 ],
							"to": [ -1.5, 0.5, 8.0 ],
							"rotationOrigin": [ -2.0, 0.0, 0.0 ],
							"faces": {
								"north": { "texture": "#copper", "uv": [ 0.0, 0.0, 0.5, 0.5 ] },
								"east": { "texture": "#copper", "uv": [ 0.0, 0.0, 8.0, 0.5 ] },
								"south": { "texture": "#copper", "uv": [ 0.0, 0.0, 0.5, 0.5 ] },
								"west": { "texture": "#copper", "uv": [ 0.0, 0.0, 8.0, 0.5 ] },
								"up": { "texture": "#copper", "uv": [ 0.0, 0.0, 0.5, 8.0 ] },
								"down": { "texture": "#copper", "uv": [ 0.0, 0.0, 0.5, 8.0 ] }
							}
						},
						{
							"name": "Cube15",
							"from": [ -4.0, 0.0, 0.0 ],
							"to": [ -3.5, 0.5, 8.0 ],
							"rotationOrigin": [ -4.0, 0.0, 0.0 ],
							"faces": {
								"north": { "texture": "#copper", "uv": [ 0.0, 0.0, 0.5, 0.5 ] },
								"east": { "texture": "#copper", "uv": [ 0.0, 0.0, 8.0, 0.5 ] },
								"south": { "texture": "#copper", "uv": [ 0.0, 0.0, 0.5, 0.5 ] },
								"west": { "texture": "#copper", "uv": [ 0.0, 0.0, 8.0, 0.5 ] },
								"up": { "texture": "#copper", "uv": [ 0.0, 0.0, 0.5, 8.0 ] },
								"down": { "texture": "#copper", "uv": [ 0.0, 0.0, 0.5, 8.0 ] }
							}
						},
						{
							"name": "Cube19",
							"from": [ -6.0, 0.0, 0.0 ],
							"to": [ -5.5, 0.5, 8.0 ],
							"rotationOrigin": [ -6.0, 0.0, 0.0 ],
							"faces": {
								"north": { "texture": "#copper", "uv": [ 0.0, 0.0, 0.5, 0.5 ] },
								"east": { "texture": "#copper", "uv": [ 0.0, 0.0, 8.0, 0.5 ] },
								"south": { "texture": "#copper", "uv": [ 0.0, 0.0, 0.5, 0.5 ] },
								"west": { "texture": "#copper", "uv": [ 0.0, 0.0, 8.0, 0.5 ] },
								"up": { "texture": "#copper", "uv": [ 0.0, 0.0, 0.5, 8.0 ] },
								"down": { "texture": "#copper", "uv": [ 0.0, 0.0, 0.5, 8.0 ] }
							}
						},
						{
							"name": "Cube22",
							"from": [ 1.5, 0.0, 7.5 ],
							"to": [ 2.0, 0.5, 8.0 ],
							"rotationOrigin": [ 0.0, 0.0, 7.0 ],
							"faces": {
								"north": { "texture": "#copper", "uv": [ 0.0, 0.0, 0.5, 0.5 ] },
								"east": { "texture": "#copper", "uv": [ 0.0, 0.0, 0.5, 0.5 ] },
								"south": { "texture": "#copper", "uv": [ 0.0, 0.0, 0.5, 0.5 ] },
								"west": { "texture": "#copper", "uv": [ 0.0, 0.0, 0.5, 0.5 ] },
								"up": { "texture": "#copper", "uv": [ 0.0, 0.0, 0.5, 0.5 ] },
								"down": { "texture": "#copper", "uv": [ 0.0, 0.0, 0.5, 0.5 ] }
							}
						},
						{
							"name": "Cube23",
							"from": [ 1.0, 0.0, 0.0 ],
							"to": [ 1.5, 0.5, 8.0 ],
							"rotationOrigin": [ 1.0, 0.0, 0.0 ],
							"faces": {
								"north": { "texture": "#copper", "uv": [ 0.0, 0.0, 0.5, 0.5 ] },
								"east": { "texture": "#copper", "uv": [ 0.0, 0.0, 8.0, 0.5 ] },
								"south": { "texture": "#copper", "uv": [ 0.0, 0.0, 0.5, 0.5 ] },
								"west": { "texture": "#copper", "uv": [ 0.0, 0.0, 8.0, 0.5 ] },
								"up": { "texture": "#copper", "uv": [ 0.0, 0.0, 0.5, 8.0 ] },
								"down": { "texture": "#copper", "uv": [ 0.0, 0.0, 0.5, 8.0 ] }
							}
						},
						{
							"name": "Cube24",
							"from": [ 2.0, 0.0, 0.0 ],
							"to": [ 2.5, 0.5, 8.0 ],
							"rotationOrigin": [ 2.0, 0.0, 0.0 ],
							"faces": {
								"north": { "texture": "#copper", "uv": [ 0.0, 0.0, 0.5, 0.5 ] },
								"east": { "texture": "#copper", "uv": [ 0.0, 0.0, 8.0, 0.5 ] },
								"south": { "texture": "#copper", "uv": [ 0.0, 0.0, 0.5, 0.5 ] },
								"west": { "texture": "#copper", "uv": [ 0.0, 0.0, 8.0, 0.5 ] },
								"up": { "texture": "#copper", "uv": [ 0.0, 0.0, 0.5, 8.0 ] },
								"down": { "texture": "#copper", "uv": [ 0.0, 0.0, 0.5, 8.0 ] }
							}
						},
						{
							"name": "Cube25",
							"from": [ 0.5, 0.0, 0.0 ],
							"to": [ 1.0, 0.5, 0.5 ],
							"rotationOrigin": [ -1.0, 0.0, 0.0 ],
							"faces": {
								"north": { "texture": "#copper", "uv": [ 0.0, 0.0, 0.5, 0.5 ] },
								"east": { "texture": "#copper", "uv": [ 0.0, 0.0, 0.5, 0.5 ] },
								"south": { "texture": "#copper", "uv": [ 0.0, 0.0, 0.5, 0.5 ] },
								"west": { "texture": "#copper", "uv": [ 0.0, 0.0, 0.5, 0.5 ] },
								"up": { "texture": "#copper", "uv": [ 0.0, 0.0, 0.5, 0.5 ] },
								"down": { "texture": "#copper", "uv": [ 0.0, 0.0, 0.5, 0.5 ] }
							}
						}
					]
				}
			]
		},
		{
			"name": "Cube3",
			"from": [ 2.0, 2.0, 2.0 ],
			"to": [ 14.0, 11.0, 3.0 ],
			"rotationOrigin": [ 2.0, 2.0, 2.0 ],
			"faces": {
				"north": { "texture": "#iron", "uv": [ 2.0, 5.0, 14.0, 14.0 ] },
				"east": { "texture": "#iron", "uv": [ 13.0, 5.0, 14.0, 14.0 ] },
				"south": { "texture": "#iron", "uv": [ 2.0, 5.0, 14.0, 14.0 ] },
				"west": { "texture": "#iron", "uv": [ 2.0, 5.0, 3.0, 14.0 ] },
				"up": { "texture": "#iron", "uv": [ 2.0, 2.0, 14.0, 3.0 ] },
				"down": { "texture": "#iron", "uv": [ 2.0, 2.0, 14.0, 3.0 ] }
			}
		},
		{
			"name": "Cube4",
			"from": [ 2.0, 2.0, 3.0 ],
			"to": [ 3.0, 11.0, 14.0 ],
			"rotationOrigin": [ 2.0, 2.0, 3.0 ],
			"faces": {
				"north": { "texture": "#iron", "uv": [ 13.0, 5.0, 14.0, 14.0 ] },
				"east": { "texture": "#iron", "uv": [ 3.0, 5.0, 14.0, 14.0 ] },
				"south": { "texture": "#iron", "uv": [ 2.0, 5.0, 3.0, 14.0 ] },
				"west": { "texture": "#iron", "uv": [ 3.0, 5.0, 14.0, 14.0 ] },
				"up": { "texture": "#iron", "uv": [ 2.0, 3.0, 3.0, 14.0 ] },
				"down": { "texture": "#iron", "uv": [ 2.0, 3.0, 3.0, 14.0 ] }
			}
		},
		{
			"name": "Cube5",
			"from": [ 13.0, 2.0, 3.0 ],
			"to": [ 14.0, 11.0, 14.0 ],
			"rotationOrigin": [ 13.0, 2.0, 3.0 ],
			"faces": {
				"north": { "texture": "#iron", "uv": [ 2.0, 5.0, 3.0, 14.0 ] },
				"east": { "texture": "#iron", "uv": [ 3.0, 5.0, 14.0, 14.0 ] },
				"south": { "texture": "#iron", "uv": [ 13.0, 5.0, 14.0, 14.0 ] },
				"west": { "texture": "#iron", "uv": [ 3.0, 5.0, 14.0, 14.0 ] },
				"up": { "texture": "#iron", "uv": [ 13.0, 3.0, 14.0, 14.0 ] },
				"down": { "texture": "#iron", "uv": [ 13.0, 3.0, 14.0, 14.0 ] }
			}
		},
		{
			"name": "Hinge",
			"from": [ 3.0, 2.0, 13.0 ],
			"to": [ 13.0, 3.0, 14.0 ],
			"rotationOrigin": [ 3.0, 2.0, 13.0 ],
			"faces": {
				"north": { "texture": "#iron", "uv": [ 3.0, 13.0, 13.0, 14.0 ] },
				"east": { "texture": "#iron", "uv": [ 2.0, 13.0, 3.0, 14.0 ] },
				"south": { "texture": "#iron", "uv": [ 3.0, 13.0, 13.0, 14.0 ] },
				"west": { "texture": "#iron", "uv": [ 13.0, 13.0, 14.0, 14.0 ] },
				"up": { "texture": "#iron", "uv": [ 3.0, 13.0, 13.0, 14.0 ] },
				"down": { "texture": "#iron", "uv": [ 3.0, 13.0, 13.0, 14.0 ] }
			}
		},
		{
			"name": "Top",
			"from": [ 2.0, 11.0, 2.0 ],
			"to": [ 14.0, 12.0, 14.0 ],
			"rotationOrigin": [ 2.0, 11.0, 2.0 ],
			"faces": {
				"north": { "texture": "#iron", "uv": [ 2.0, 1.5, 14.0, 2.5 ] },
				"east": { "texture": "#iron", "uv": [ 2.0, 2.0, 14.0, 3.0 ] },
				"south": { "texture": "#iron", "uv": [ 2.0, 2.0, 14.0, 3.0 ] },
				"west": { "texture": "#iron", "uv": [ 2.0, 2.5, 14.0, 3.5 ] },
				"up": { "texture": "#iron", "uv": [ 2.0, 2.5, 14.0, 14.5 ] },
				"down": { "texture": "#iron", "uv": [ 2.0, 2.5, 14.0, 14.5 ] }
			},
			"children": [
				{
					"name": "Top2",
					"from": [ 0.0, 1.0, 0.0 ],
					"to": [ 12.0, 3.0, 2.0 ],
					"rotationOrigin": [ 0.0, 1.0, 0.0 ],
					"faces": {
						"north": { "texture": "#iron", "uv": [ 2.0, 1.5, 14.0, 3.5 ] },
						"east": { "texture": "#iron", "uv": [ 2.0, 2.0, 4.0, 4.0 ] },
						"south": { "texture": "#iron", "uv": [ 2.0, 2.0, 14.0, 4.0 ] },
						"west": { "texture": "#iron", "uv": [ 2.0, 2.5, 4.0, 4.5 ] },
						"up": { "texture": "#iron", "uv": [ 2.0, 2.5, 14.0, 4.5 ] },
						"down": { "texture": "#iron", "uv": [ 2.0, 2.5, 14.0, 4.5 ] }
					}
				}
			]
		},
		{
			"name": "Cube2",
			"from": [ 3.0, 3.0, 13.0 ],
			"to": [ 3.0, 3.0, 13.0 ],
			"rotationOrigin": [ 3.0, 3.0, 13.0 ],
			"faces": {
				"north": { "texture": "#iron", "uv": [ 0.0, 0.0, 0.5, 0.5 ] },
				"east": { "texture": "#iron", "uv": [ 0.0, 0.0, 0.5, 0.5 ] },
				"south": { "texture": "#iron", "uv": [ 0.0, 0.0, 0.5, 0.5 ] },
				"west": { "texture": "#iron", "uv": [ 0.0, 0.0, 0.5, 0.5 ] },
				"up": { "texture": "#iron", "uv": [ 0.0, 0.0, 0.5, 0.5 ] },
				"down": { "texture": "#iron", "uv": [ 0.0, 0.0, 0.5, 0.5 ] }
			},
			"children": [
				{
					"name": "Door",
					"from": [ 0.0, 0.0, 0.0 ],
					"to": [ 10.0, 8.0, 1.0 ],
					"faces": {
						"north": { "texture": "#iron", "uv": [ 3.0, 5.0, 13.0, 13.0 ] },
						"east": { "texture": "#iron", "uv": [ 2.0, 5.0, 3.0, 13.0 ] },
						"south": { "texture": "#iron", "uv": [ 3.0, 5.0, 13.0, 13.0 ] },
						"west": { "texture": "#iron", "uv": [ 13.0, 5.0, 14.0, 13.0 ] },
						"up": { "texture": "#iron", "uv": [ 3.0, 13.0, 13.0, 14.0 ] },
						"down": { "texture": "#iron", "uv": [ 3.0, 13.0, 13.0, 14.0 ] }
					}
				}
			]
		},
		{
			"name": "Foot RL",
			"from": [ 2.0, 0.0, 2.0 ],
			"to": [ 4.0, 1.0, 4.0 ],
			"rotationOrigin": [ 2.0, 0.0, 2.0 ],
			"faces": {
				"north": { "texture": "#iron", "uv": [ 12.0, 15.0, 14.0, 16.0 ], "autoUv": false },
				"east": { "texture": "#iron", "uv": [ 12.0, 15.0, 14.0, 16.0 ] },
				"south": { "texture": "#iron", "uv": [ 2.0, 15.0, 4.0, 16.0 ] },
				"west": { "texture": "#iron", "uv": [ 2.0, 15.0, 4.0, 16.0 ], "autoUv": false },
				"up": { "texture": "#iron", "uv": [ 2.0, 2.0, 4.0, 4.0 ] },
				"down": { "texture": "#iron", "uv": [ 2.0, 2.0, 4.0, 4.0 ] }
			}
		},
		{
			"name": "Foot RR",
			"from": [ 12.0, 0.0, 2.0 ],
			"to": [ 14.0, 1.0, 4.0 ],
			"rotationOrigin": [ 12.0, 0.0, 2.0 ],
			"faces": {
				"north": { "texture": "#iron", "uv": [ 2.0, 15.0, 4.0, 16.0 ], "autoUv": false },
				"east": { "texture": "#iron", "uv": [ 12.0, 15.0, 14.0, 16.0 ] },
				"south": { "texture": "#iron", "uv": [ 12.0, 15.0, 14.0, 16.0 ] },
				"west": { "texture": "#iron", "uv": [ 2.0, 15.0, 4.0, 16.0 ], "autoUv": false },
				"up": { "texture": "#iron", "uv": [ 12.0, 2.0, 14.0, 4.0 ] },
				"down": { "texture": "#iron", "uv": [ 12.5, 2.0, 14.5, 4.0 ] }
			}
		},
		{
			"name": "Foot FL",
			"from": [ 2.0, 0.0, 12.0 ],
			"to": [ 4.0, 1.0, 14.0 ],
			"rotationOrigin": [ 2.0, 0.0, 12.0 ],
			"faces": {
				"north": { "texture": "#iron", "uv": [ 12.0, 15.0, 14.0, 16.0 ], "autoUv": false },
				"east": { "texture": "#iron", "uv": [ 2.0, 15.0, 4.0, 16.0 ] },
				"south": { "texture": "#iron", "uv": [ 1.5, 15.0, 3.5, 16.0 ] },
				"west": { "texture": "#iron", "uv": [ 12.0, 15.0, 14.0, 16.0 ], "autoUv": false },
				"up": { "texture": "#iron", "uv": [ 2.0, 12.0, 4.0, 14.0 ] },
				"down": { "texture": "#iron", "uv": [ 2.0, 12.0, 4.0, 14.0 ] }
			}
		},
		{
			"name": "Foot FR",
			"from": [ 12.0, 0.0, 12.0 ],
			"to": [ 14.0, 1.0, 14.0 ],
			"rotationOrigin": [ 12.0, 0.0, 12.0 ],
			"faces": {
				"north": { "texture": "#iron", "uv": [ 2.0, 15.0, 4.0, 16.0 ], "autoUv": false },
				"east": { "texture": "#iron", "uv": [ 2.0, 15.0, 4.0, 16.0 ] },
				"south": { "texture": "#iron", "uv": [ 12.0, 15.0, 14.0, 16.0 ] },
				"west": { "texture": "#iron", "uv": [ 12.0, 15.0, 14.0, 16.0 ], "autoUv": false },
				"up": { "texture": "#iron", "uv": [ 12.0, 12.0, 14.0, 14.0 ] },
				"down": { "texture": "#iron", "uv": [ 12.0, 12.0, 14.0, 14.0 ] }
			}
		}
	],
	"animations": [
		{
			"name": "open",
			"code": "open",
			"quantityframes": 30,
			"onActivityStopped": "Rewind",
			"onAnimationEnd": "Repeat",
			"keyframes": [
				{
					"frame": 0,
					"elements": {
						"Door": { "offsetX": 0.0, "offsetY": 0.0, "offsetZ": 0.0, "rotationX": 0.0, "rotationY": 0.0, "rotationZ": 0.0 }
					}
				},
				{
					"frame": 15,
					"elements": {
						"Door": { "offsetX": 0.0, "offsetY": 1.0, "offsetZ": -1.0, "rotationX": 90.0, "rotationY": 0.0, "rotationZ": 0.0 }
					}
				}
			]
		}
	]
}