[
  {
    "ingredients": [
      {
        "inputs": [
          {
            "type": "item",
            "code": "chemistrylib:ammoniaportion",
            "quantity": 5
          }
        ]
      },
      {
        "inputs": [
          {
            "type": "item",
            "code": "chemistrylib:mineralacidportion-hydrochloric",
            "quantity": 5
          }
        ]
      }
    ],
    "output": {
      "type": "item",
      "code": "chemistrylib:ammoniumchloride",
      "stackSize": 1
    }
  }
] 