[
  {
    "ingredients": [
      {
        "inputs": [
          {
            "type": "item",
            "code": "chemistrylib:mineralacidportion-nitric",
            "quantity": 2
          }
        ]
      },
      {
        "inputs": [
          {
            "type": "item",
            "code": "chemistrylib:mineralacidportion-hydrochloric",
            "quantity": 4
          }
        ]
      }
    ],
    "output": {
      "type": "item",
      "code": "chemistrylib:mineralacidportion-aquaregia",
      "stackSize": 6
    }
  }
] 