[
  {
    "ingredients": [
      {
        "inputs": [
          {
            "type": "item",
            "code": "chemistrylib:mineralalkaliportion-*",
            "quantity": 10
          }
        ]
      },
      {
        "inputs": [
          {
            "type": "item",
            "code": "game:fat",
            "quantity": 1
          }
        ]
      }
    ],
    "output": {
      "type": "item",
      "code": "chemistrylib:soap",
      "stackSize": 1
    }
  }
] 