{
    "textures": {
        "0": "block/stone/stove/limestone-side",
        "1": "block/stone/stove/limestone-back",
        "2": "block/stone/stove/limestone-unlit-front",
        "3": "block/stone/stove/limestone-up",
        "4": "block/stone/stove/limestone-up"
    },
    "elements": [
        {
            "name": "Cube",
            "from": [ 0.0, 0.0, 0.0 ], 
            "to": [ 16.0, 16.0, 16.0 ], 
            "faces": {
                "north": { "texture": "#0", "uv": [ 0.0, 0.0, 16.0, 16.0 ] },
                "east": { "texture": "#1", "uv": [ 0.0, 0.0, 16.0, 16.0 ] },
                "south": { "texture": "#2", "uv": [ 0.0, 0.0, 16.0, 16.0 ] },
                "west": { "texture": "#1", "uv": [ 0.0, 0.0, 16.0, 16.0 ] },
                "up": { "texture": "#3", "uv": [ 0.0, 0.0, 16.0, 16.0 ] },
                "down": { "texture": "#4", "uv": [ 0.0, 0.0, 16.0, 16.0 ] }
            }
        }
    ]
}