{
    "textures": {
        "0": "block/stone/stove/slate-side",
        "1": "block/stone/stove/slate-back",
        "2": "block/stone/stove/slate-lit-front",
        "3": "block/stone/stove/slate-up",
        "4": "block/stone/stove/slate-up"
    },
    "elements": [
        {
            "name": "Cube",
            "from": [ 0.0, 0.0, 0.0 ], 
            "to": [ 16.0, 16.0, 16.0 ], 
            "faces": {
                "north": { "texture": "#0", "uv": [ 0.0, 0.0, 16.0, 16.0 ] },
                "east": { "texture": "#1", "uv": [ 0.0, 0.0, 16.0, 16.0 ] },
                "south": { "texture": "#2", "uv": [ 0.0, 0.0, 16.0, 16.0 ] },
                "west": { "texture": "#1", "uv": [ 0.0, 0.0, 16.0, 16.0 ] },
                "up": { "texture": "#3", "uv": [ 0.0, 0.0, 16.0, 16.0 ] },
                "down": { "texture": "#4", "uv": [ 0.0, 0.0, 16.0, 16.0 ] }
            }
        },
        {
            "name": "Face",
            "from": [ 5.0, 2.0, 16.1 ], 
            "to": [ 11.0, 6.05, 16.1 ], 
            "faces": {
                "north": { "texture": "#-1", "uv": [ 0.0, 0.0, 6.0, 4.0 ], "enabled": false },
                "east": { "texture": "#-1", "uv": [ 0.0, 0.0, 0.0, 4.0 ], "enabled": false },
                "south": { "texture": "#2", "uv": [ 5.0, 10.0, 11.0, 14.0 ], glow: 128 },
                "west": { "texture": "#-1", "uv": [ 0.0, 0.0, 0.0, 4.0 ], "enabled": false },
                "up": { "texture": "#-1", "uv": [ 0.0, 0.0, 6.0, 0.0 ], "enabled": false },
                "down": { "texture": "#-1", "uv": [ 0.0, 0.0, 6.0, 0.0 ], "enabled": false }
            }
        }
    ]
}