{
	"editor": {
		"allAngles": false,
		"entityTextureMode": false
	},
	"textureWidth": 16,
	"textureHeight": 16,
	"textureSizes": {
	},
	"textures": {
		"blackbronze": "game:block/metal/plate/blackbronze",
		"ironbloom": "game:item/resource/ironbloom",
		"pixil-frame-0(1)": "item/glass4",
		"poles": "game:block/wood/trapdoor/poles",
		"tech-powergenerator": "game:block/tech/tech-powergenerator",
		"brass": "game:block/metal/plate/brass",
		"molybdochalkos": "game:block/metal/plate/molybdochalkos"
	},
	"elements": [
		{
			"name": "Origin",
			"from": [ 8.0, 1.0, 16.0 ], 
			"to": [ 8.0, 1.0, 16.0 ], 
			"rotationOrigin": [ 8.0, 1.0, 16.0 ],
			"rotationX": -22.5,
			"faces": {
				"north": { "texture": "#poles", "uv": [ 0.0, 0.0, 0.5, 0.5 ], "enabled": false },
				"east": { "texture": "#poles", "uv": [ 0.0, 0.0, 0.5, 0.5 ], "enabled": false },
				"south": { "texture": "#poles", "uv": [ 0.0, 0.0, 0.5, 0.5 ], "enabled": false },
				"west": { "texture": "#poles", "uv": [ 0.0, 0.0, 0.5, 0.5 ], "enabled": false },
				"up": { "texture": "#poles", "uv": [ 0.0, 0.0, 0.5, 0.5 ], "enabled": false },
				"down": { "texture": "#poles", "uv": [ 0.0, 0.0, 0.5, 0.5 ], "enabled": false }
			},
			"children": [
				{
					"name": "handle 1",
					"from": [ -1.3, 7.0, -1.3 ], 
					"to": [ 1.2, 9.7, 1.2 ], 
					"rotationOrigin": [ -0.3, 7.0, -0.3 ],
					"faces": {
						"north": { "texture": "#brass", "uv": [ 11.0, 4.5, 13.5, 7.0 ] },
						"east": { "texture": "#brass", "uv": [ 9.0, 4.5, 11.5, 7.0 ] },
						"south": { "texture": "#brass", "uv": [ 5.5, 9.0, 8.0, 11.5 ] },
						"west": { "texture": "#brass", "uv": [ 7.0, 5.0, 9.5, 7.5 ] },
						"up": { "texture": "#brass", "uv": [ 0.0, 13.5, 2.5, 16.0 ], "enabled": false },
						"down": { "texture": "#brass", "uv": [ 5.0, 6.5, 7.5, 9.0 ], "autoUv": false }
					}
				},
				{
					"name": "handle 2",
					"from": [ -1.0, 0.0, -1.0 ], 
					"to": [ 1.0, 7.0, 1.0 ], 
					"rotationOrigin": [ -1.0, 0.0, -1.0 ],
					"faces": {
						"north": { "texture": "#blackbronze", "uv": [ 13.5, 9.0, 15.5, 16.0 ] },
						"east": { "texture": "#blackbronze", "uv": [ 11.5, 7.5, 13.5, 14.5 ] },
						"south": { "texture": "#blackbronze", "uv": [ 12.0, 8.0, 14.0, 15.0 ] },
						"west": { "texture": "#blackbronze", "uv": [ 13.5, 8.5, 15.5, 15.5 ] },
						"up": { "texture": "#blackbronze", "uv": [ 0.0, 0.0, 2.0, 2.0 ], "enabled": false },
						"down": { "texture": "#blackbronze", "uv": [ 13.5, 11.0, 15.5, 13.0 ] }
					}
				},
				{
					"name": "Cube1",
					"from": [ -0.9, 2.0, -0.2 ], 
					"to": [ -0.6, 4.0, 0.1 ], 
					"rotationOrigin": [ -0.9, 2.0, -0.2 ],
					"rotationY": -22.5,
					"rotationZ": 35.0,
					"faces": {
						"north": { "texture": "#ironbloom", "uv": [ 0.0, 0.0, 0.5, 2.0 ] },
						"east": { "texture": "#ironbloom", "uv": [ 0.0, 0.0, 0.5, 2.0 ] },
						"south": { "texture": "#ironbloom", "uv": [ 0.0, 0.0, 0.5, 2.0 ] },
						"west": { "texture": "#ironbloom", "uv": [ 0.0, 0.0, 0.5, 2.0 ] },
						"up": { "texture": "#ironbloom", "uv": [ 0.0, 0.0, 0.5, 0.5 ] },
						"down": { "texture": "#ironbloom", "uv": [ 0.0, 0.0, 0.5, 0.5 ] }
					},
					"children": [
						{
							"name": "Cube6",
							"from": [ 0.0, 1.84, 0.0 ], 
							"to": [ 0.3, 3.44, 0.3 ], 
							"rotationOrigin": [ 0.0, 1.8385, 0.0 ],
							"rotationX": -22.5,
							"rotationZ": -22.5,
							"faces": {
								"north": { "texture": "#ironbloom", "uv": [ 0.0, 0.0, 0.5, 1.5 ] },
								"east": { "texture": "#ironbloom", "uv": [ 0.0, 0.0, 0.5, 1.5 ] },
								"south": { "texture": "#ironbloom", "uv": [ 0.0, 0.0, 0.5, 1.5 ] },
								"west": { "texture": "#ironbloom", "uv": [ 0.0, 0.0, 0.5, 1.5 ] },
								"up": { "texture": "#ironbloom", "uv": [ 0.0, 0.0, 0.5, 0.5 ] },
								"down": { "texture": "#ironbloom", "uv": [ 0.0, 0.0, 0.5, 0.5 ] }
							},
							"children": [
								{
									"name": "Cube7",
									"from": [ 0.0, 1.5, 0.0 ], 
									"to": [ 0.3, 3.1, 0.3 ], 
									"rotationOrigin": [ 0.0, 1.5, 0.0 ],
									"rotationX": -12.5,
									"rotationZ": -22.5,
									"faces": {
										"north": { "texture": "#ironbloom", "uv": [ 0.0, 0.0, 0.5, 1.5 ] },
										"east": { "texture": "#ironbloom", "uv": [ 0.0, 0.0, 0.5, 1.5 ] },
										"south": { "texture": "#ironbloom", "uv": [ 0.0, 0.0, 0.5, 1.5 ] },
										"west": { "texture": "#ironbloom", "uv": [ 0.0, 0.0, 0.5, 1.5 ] },
										"up": { "texture": "#ironbloom", "uv": [ 0.0, 0.0, 0.5, 0.5 ] },
										"down": { "texture": "#ironbloom", "uv": [ 0.0, 0.0, 0.5, 0.5 ] }
									},
									"children": [
										{
											"name": "Cube8",
											"from": [ 0.0, 1.5, 0.0 ], 
											"to": [ 0.3, 3.0, 0.3 ], 
											"rotationOrigin": [ 0.0, 1.5, 0.0 ],
											"rotationX": -19.386154350274907,
											"rotationY": -7.035894214785023,
											"rotationZ": -27.969067609350382,
											"faces": {
												"north": { "texture": "#ironbloom", "uv": [ 0.0, 0.0, 0.5, 1.5 ] },
												"east": { "texture": "#ironbloom", "uv": [ 0.0, 0.0, 0.5, 1.5 ] },
												"south": { "texture": "#ironbloom", "uv": [ 0.0, 0.0, 0.5, 1.5 ] },
												"west": { "texture": "#ironbloom", "uv": [ 0.0, 0.0, 0.5, 1.5 ] },
												"up": { "texture": "#ironbloom", "uv": [ 0.0, 0.0, 0.5, 0.5 ] },
												"down": { "texture": "#ironbloom", "uv": [ 0.0, 0.0, 0.5, 0.5 ] }
											}
										}
									]
								}
							]
						}
					]
				},
				{
					"name": "Cube9",
					"from": [ -0.55, 6.5, -2.0 ], 
					"to": [ 0.45, 7.3, -0.9 ], 
					"rotationOrigin": [ -0.5, 6.5, -2.0 ],
					"faces": {
						"north": { "texture": "#molybdochalkos", "uv": [ 0.0, 0.0, 1.0, 0.5 ] },
						"east": { "texture": "#molybdochalkos", "uv": [ 0.0, 0.0, 1.0, 0.5 ] },
						"south": { "texture": "#molybdochalkos", "uv": [ 0.0, 0.0, 1.0, 0.5 ] },
						"west": { "texture": "#molybdochalkos", "uv": [ 0.0, 0.0, 1.0, 0.5 ] },
						"up": { "texture": "#molybdochalkos", "uv": [ 0.0, 0.0, 1.0, 1.0 ] },
						"down": { "texture": "#molybdochalkos", "uv": [ 0.0, 0.0, 1.0, 1.0 ] }
					},
					"children": [
						{
							"name": "Cube10",
							"from": [ 0.35, 0.7, 0.1 ], 
							"to": [ 0.65, 1.7, 0.4 ], 
							"rotationOrigin": [ 0.3, 0.7, 0.1 ],
							"faces": {
								"north": { "texture": "#molybdochalkos", "uv": [ 0.0, 0.0, 0.5, 1.0 ] },
								"east": { "texture": "#molybdochalkos", "uv": [ 0.0, 0.0, 0.5, 1.0 ] },
								"south": { "texture": "#molybdochalkos", "uv": [ 0.0, 0.0, 0.5, 1.0 ] },
								"west": { "texture": "#molybdochalkos", "uv": [ 0.0, 0.0, 0.5, 1.0 ] },
								"up": { "texture": "#molybdochalkos", "uv": [ 0.0, 0.0, 0.5, 0.5 ] },
								"down": { "texture": "#molybdochalkos", "uv": [ 0.0, 0.0, 0.5, 0.5 ] }
							},
							"children": [
								{
									"name": "Cube11",
									"from": [ 0.0, 0.7, 0.0 ], 
									"to": [ 0.3, 1.0, 0.7 ], 
									"rotationOrigin": [ 0.0, 0.7, 0.0 ],
									"faces": {
										"north": { "texture": "#molybdochalkos", "uv": [ 0.0, 0.0, 0.5, 0.5 ] },
										"east": { "texture": "#molybdochalkos", "uv": [ 0.0, 0.0, 0.5, 0.5 ] },
										"south": { "texture": "#molybdochalkos", "uv": [ 0.0, 0.0, 0.5, 0.5 ] },
										"west": { "texture": "#molybdochalkos", "uv": [ 0.0, 0.0, 0.5, 0.5 ] },
										"up": { "texture": "#molybdochalkos", "uv": [ 0.0, 0.0, 0.5, 0.5 ] },
										"down": { "texture": "#molybdochalkos", "uv": [ 0.0, 0.0, 0.5, 0.5 ] }
									}
								}
							]
						}
					]
				},
				{
					"name": "Cube12",
					"from": [ -1.1, 2.0, -1.1 ], 
					"to": [ 1.1, 3.0, 1.1 ], 
					"rotationOrigin": [ -1.1, 2.0, -1.1 ],
					"faces": {
						"north": { "texture": "#brass", "uv": [ 0.0, 0.0, 2.0, 1.0 ] },
						"east": { "texture": "#brass", "uv": [ 0.0, 0.0, 2.0, 1.0 ] },
						"south": { "texture": "#brass", "uv": [ 0.0, 0.0, 2.0, 1.0 ] },
						"west": { "texture": "#brass", "uv": [ 0.0, 0.0, 2.0, 1.0 ] },
						"up": { "texture": "#brass", "uv": [ 0.0, 0.0, 2.0, 2.0 ] },
						"down": { "texture": "#brass", "uv": [ 0.0, 0.0, 2.0, 2.0 ] }
					},
					"children": [
						{
							"name": "Cube14",
							"from": [ -0.18, 7.6, -0.18 ], 
							"to": [ 2.29, 7.7, 2.29 ], 
							"rotationOrigin": [ -0.1, 7.6, -0.1 ],
							"faces": {
								"north": { "texture": "#brass", "uv": [ 0.0, 0.0, 2.0, 0.5 ] },
								"east": { "texture": "#brass", "uv": [ 0.0, 0.0, 2.0, 0.5 ] },
								"south": { "texture": "#brass", "uv": [ 0.0, 0.0, 2.0, 0.5 ] },
								"west": { "texture": "#brass", "uv": [ 0.0, 0.0, 2.0, 0.5 ] },
								"up": { "texture": "#brass", "uv": [ 0.0, 0.0, 2.0, 2.0 ] },
								"down": { "texture": "#brass", "uv": [ 0.0, 0.0, 2.0, 2.0 ] }
							}
						}
					]
				},
				{
					"name": "Cube13",
					"from": [ -0.8, 9.0, -0.8 ], 
					"to": [ 0.7, 12.0, 0.7 ], 
					"rotationOrigin": [ -0.8, 9.0, -0.8 ],
					"faces": {
						"north": { "texture": "#tech-powergenerator", "uv": [ 10.5, 9.0, 13.5, 10.5 ], "rotation": 90 },
						"east": { "texture": "#tech-powergenerator", "uv": [ 10.5, 9.0, 13.5, 10.5 ], "rotation": 90 },
						"south": { "texture": "#tech-powergenerator", "uv": [ 10.5, 9.0, 13.5, 10.5 ], "rotation": 90 },
						"west": { "texture": "#tech-powergenerator", "uv": [ 10.5, 9.0, 13.5, 10.5 ], "rotation": 90 },
						"up": { "texture": "#tech-powergenerator", "uv": [ 3.0, 0.0, 4.5, 1.5 ] },
						"down": { "texture": "#tech-powergenerator", "uv": [ 0.0, 0.0, 1.5, 1.5 ] }
					},
					"children": [
						{
							"name": "bulb",
							"from": [ -0.6, 0.5, -0.6 ], 
							"to": [ 2.1, 4.0, 2.1 ], 
							"renderPass": 3,
							"rotationOrigin": [ -0.6, 0.5, -0.6 ],
							"faces": {
								"north": { "texture": "#pixil-frame-0(1)", "uv": [ 3.0, 6.5, 5.5, 10.0 ] },
								"east": { "texture": "#pixil-frame-0(1)", "uv": [ 3.0, 4.0, 5.5, 7.5 ] },
								"south": { "texture": "#pixil-frame-0(1)", "uv": [ 9.5, 0.5, 12.0, 4.0 ] },
								"west": { "texture": "#pixil-frame-0(1)", "uv": [ 6.5, 6.0, 9.0, 9.5 ] },
								"up": { "texture": "#pixil-frame-0(1)", "uv": [ 9.0, 5.0, 11.5, 7.5 ] },
								"down": { "texture": "#pixil-frame-0(1)", "uv": [ 13.0, 13.0, 15.5, 15.5 ] }
							},
							"children": [
								{
									"name": "Cube25",
									"from": [ 0.3, 3.4, 0.3 ], 
									"to": [ 2.4, 3.9, 2.4 ], 
									"renderPass": 3,
									"rotationOrigin": [ 0.3, 3.4, 0.3 ],
									"faces": {
										"north": { "texture": "#pixil-frame-0(1)", "uv": [ 9.0, 3.5, 11.0, 4.0 ] },
										"east": { "texture": "#pixil-frame-0(1)", "uv": [ 3.5, 8.0, 5.5, 8.5 ] },
										"south": { "texture": "#pixil-frame-0(1)", "uv": [ 3.0, 6.5, 5.0, 7.0 ] },
										"west": { "texture": "#pixil-frame-0(1)", "uv": [ 8.0, 4.0, 10.0, 4.5 ] },
										"up": { "texture": "#pixil-frame-0(1)", "uv": [ 0.5, 11.5, 2.5, 13.5 ] },
										"down": { "texture": "#pixil-frame-0(1)", "uv": [ 6.5, 8.5, 8.5, 10.5 ] }
									}
								}
							]
						}
					]
				},
				{
					"name": "Cube15",
					"from": [ 0.0, 8.0, 1.0 ], 
					"to": [ 0.3, 8.3, 1.5 ], 
					"rotationOrigin": [ 0.0, 8.0, 1.0 ],
					"faces": {
						"north": { "texture": "#ironbloom", "uv": [ 0.0, 0.0, 0.5, 0.5 ] },
						"east": { "texture": "#ironbloom", "uv": [ 0.0, 0.0, 0.5, 0.5 ] },
						"south": { "texture": "#ironbloom", "uv": [ 0.0, 0.0, 0.5, 0.5 ] },
						"west": { "texture": "#ironbloom", "uv": [ 0.0, 0.0, 0.5, 0.5 ] },
						"up": { "texture": "#ironbloom", "uv": [ 0.0, 0.0, 0.5, 0.5 ] },
						"down": { "texture": "#ironbloom", "uv": [ 0.0, 0.0, 0.5, 0.5 ] }
					},
					"children": [
						{
							"name": "Cube17",
							"from": [ -0.1, 0.0, 0.3 ], 
							"to": [ 0.2, 0.3, 1.1 ], 
							"rotationOrigin": [ -0.1, 0.0, 0.3 ],
							"rotationX": 34.13182173890751,
							"rotationY": 50.56788150742681,
							"rotationZ": 5.473947330335786,
							"faces": {
								"north": { "texture": "#molybdochalkos", "uv": [ 0.0, 0.0, 0.5, 0.5 ] },
								"east": { "texture": "#molybdochalkos", "uv": [ 0.0, 0.0, 0.5, 0.5 ] },
								"south": { "texture": "#molybdochalkos", "uv": [ 0.0, 0.0, 0.5, 0.5 ] },
								"west": { "texture": "#molybdochalkos", "uv": [ 0.0, 0.0, 0.5, 0.5 ] },
								"up": { "texture": "#molybdochalkos", "uv": [ 0.0, 0.0, 0.5, 0.5 ] },
								"down": { "texture": "#molybdochalkos", "uv": [ 0.0, 0.0, 0.5, 0.5 ] }
							},
							"children": [
								{
									"name": "Cube16",
									"from": [ 0.0, 0.0, 0.6 ], 
									"to": [ 0.3, 0.3, 1.4 ], 
									"rotationOrigin": [ 0.0, 0.0, 0.6 ],
									"rotationX": 22.5,
									"rotationY": 22.5,
									"faces": {
										"north": { "texture": "#molybdochalkos", "uv": [ 0.0, 0.0, 0.5, 0.5 ] },
										"east": { "texture": "#molybdochalkos", "uv": [ 0.0, 0.0, 0.5, 0.5 ] },
										"south": { "texture": "#molybdochalkos", "uv": [ 0.0, 0.0, 0.5, 0.5 ] },
										"west": { "texture": "#molybdochalkos", "uv": [ 0.0, 0.0, 0.5, 0.5 ] },
										"up": { "texture": "#molybdochalkos", "uv": [ 0.0, 0.0, 0.5, 0.5 ] },
										"down": { "texture": "#molybdochalkos", "uv": [ 0.0, 0.0, 0.5, 0.5 ] }
									},
									"children": [
										{
											"name": "Cube18",
											"from": [ 0.0, 0.0, 0.7 ], 
											"to": [ 0.3, 0.3, 1.5 ], 
											"rotationOrigin": [ 0.0, 0.0, 0.7 ],
											"rotationX": 22.5,
											"rotationY": 18.0,
											"rotationZ": -1.6592490791180023E-6,
											"faces": {
												"north": { "texture": "#molybdochalkos", "uv": [ 0.0, 0.0, 0.5, 0.5 ] },
												"east": { "texture": "#molybdochalkos", "uv": [ 0.0, 0.0, 0.5, 0.5 ] },
												"south": { "texture": "#molybdochalkos", "uv": [ 0.0, 0.0, 0.5, 0.5 ] },
												"west": { "texture": "#molybdochalkos", "uv": [ 0.0, 0.0, 0.5, 0.5 ] },
												"up": { "texture": "#molybdochalkos", "uv": [ 0.0, 0.0, 0.5, 0.5 ] },
												"down": { "texture": "#molybdochalkos", "uv": [ 0.0, 0.0, 0.5, 0.5 ] }
											},
											"children": [
												{
													"name": "Cube19",
													"from": [ 0.0, 0.0, 0.6 ], 
													"to": [ 0.3, 0.3, 1.4 ], 
													"rotationOrigin": [ 0.0, 0.0, 0.6 ],
													"rotationX": 22.5,
													"rotationY": 10.0,
													"rotationZ": 7.013632594061522E-7,
													"faces": {
														"north": { "texture": "#molybdochalkos", "uv": [ 0.0, 0.0, 0.5, 0.5 ] },
														"east": { "texture": "#molybdochalkos", "uv": [ 0.0, 0.0, 0.5, 0.5 ] },
														"south": { "texture": "#molybdochalkos", "uv": [ 0.0, 0.0, 0.5, 0.5 ] },
														"west": { "texture": "#molybdochalkos", "uv": [ 0.0, 0.0, 0.5, 0.5 ] },
														"up": { "texture": "#molybdochalkos", "uv": [ 0.0, 0.0, 0.5, 0.5 ] },
														"down": { "texture": "#molybdochalkos", "uv": [ 0.0, 0.0, 0.5, 0.5 ] }
													},
													"children": [
														{
															"name": "Cube20",
															"from": [ 0.0, 0.0, 0.6 ], 
															"to": [ 0.3, 0.3, 1.3 ], 
															"rotationOrigin": [ 0.0, 0.0, 0.6 ],
															"rotationX": 22.5,
															"rotationY": 8.0,
															"rotationZ": 4.524279653098101E-6,
															"faces": {
																"north": { "texture": "#molybdochalkos", "uv": [ 0.0, 0.0, 0.5, 0.5 ] },
																"east": { "texture": "#molybdochalkos", "uv": [ 0.0, 0.0, 0.5, 0.5 ] },
																"south": { "texture": "#molybdochalkos", "uv": [ 0.0, 0.0, 0.5, 0.5 ] },
																"west": { "texture": "#molybdochalkos", "uv": [ 0.0, 0.0, 0.5, 0.5 ] },
																"up": { "texture": "#molybdochalkos", "uv": [ 0.0, 0.0, 0.5, 0.5 ] },
																"down": { "texture": "#molybdochalkos", "uv": [ 0.0, 0.0, 0.5, 0.5 ] }
															},
															"children": [
																{
																	"name": "Cube21",
																	"from": [ 0.0, 0.0, 0.5 ], 
																	"to": [ 0.3, 0.3, 1.2 ], 
																	"rotationOrigin": [ 0.0, 0.0, 0.5 ],
																	"rotationX": 22.5,
																	"rotationY": 12.0,
																	"rotationZ": -1.3070541161361435E-6,
																	"faces": {
																		"north": { "texture": "#molybdochalkos", "uv": [ 0.0, 0.0, 0.5, 0.5 ] },
																		"east": { "texture": "#molybdochalkos", "uv": [ 0.0, 0.0, 0.5, 0.5 ] },
																		"south": { "texture": "#molybdochalkos", "uv": [ 0.0, 0.0, 0.5, 0.5 ] },
																		"west": { "texture": "#molybdochalkos", "uv": [ 0.0, 0.0, 0.5, 0.5 ] },
																		"up": { "texture": "#molybdochalkos", "uv": [ 0.0, 0.0, 0.5, 0.5 ] },
																		"down": { "texture": "#molybdochalkos", "uv": [ 0.0, 0.0, 0.5, 0.5 ] }
																	},
																	"children": [
																		{
																			"name": "Cube22",
																			"from": [ 0.0, 0.0, 0.6 ], 
																			"to": [ 0.3, 0.3, 1.5 ], 
																			"rotationOrigin": [ 0.0, 0.0, 0.6 ],
																			"rotationX": 2.0,
																			"faces": {
																				"north": { "texture": "#molybdochalkos", "uv": [ 0.0, 0.0, 0.5, 0.5 ] },
																				"east": { "texture": "#molybdochalkos", "uv": [ 0.0, 0.0, 0.5, 0.5 ] },
																				"south": { "texture": "#molybdochalkos", "uv": [ 0.0, 0.0, 0.5, 0.5 ] },
																				"west": { "texture": "#molybdochalkos", "uv": [ 0.0, 0.0, 0.5, 0.5 ] },
																				"up": { "texture": "#molybdochalkos", "uv": [ 0.0, 0.0, 0.5, 0.5 ] },
																				"down": { "texture": "#molybdochalkos", "uv": [ 0.0, 0.0, 0.5, 0.5 ] }
																			},
																			"children": [
																				{
																					"name": "Cube23",
																					"from": [ 0.0, 0.0, 0.7 ], 
																					"to": [ 0.3, 0.3, 1.6 ], 
																					"rotationOrigin": [ 0.0, 0.0, 0.7 ],
																					"rotationX": 26.5,
																					"faces": {
																						"north": { "texture": "#molybdochalkos", "uv": [ 0.0, 0.0, 0.5, 0.5 ] },
																						"east": { "texture": "#molybdochalkos", "uv": [ 0.0, 0.0, 0.5, 0.5 ] },
																						"south": { "texture": "#molybdochalkos", "uv": [ 0.0, 0.0, 0.5, 0.5 ] },
																						"west": { "texture": "#molybdochalkos", "uv": [ 0.0, 0.0, 0.5, 0.5 ] },
																						"up": { "texture": "#molybdochalkos", "uv": [ 0.0, 0.0, 0.5, 0.5 ] },
																						"down": { "texture": "#molybdochalkos", "uv": [ 0.0, 0.0, 0.5, 0.5 ] }
																					},
																					"children": [
																						{
																							"name": "Cube24",
																							"from": [ 0.0, 0.0, 0.7 ], 
																							"to": [ 0.3, 0.3, 1.6 ], 
																							"rotationOrigin": [ 0.0, 0.0, 0.7 ],
																							"rotationX": 45.0,
																							"rotationY": 1.4562217153955492E-6,
																							"rotationZ": 7.587279361140967E-15,
																							"faces": {
																								"north": { "texture": "#molybdochalkos", "uv": [ 0.0, 0.0, 0.5, 0.5 ] },
																								"east": { "texture": "#molybdochalkos", "uv": [ 0.0, 0.0, 0.5, 0.5 ] },
																								"south": { "texture": "#molybdochalkos", "uv": [ 0.0, 0.0, 0.5, 0.5 ] },
																								"west": { "texture": "#molybdochalkos", "uv": [ 0.0, 0.0, 0.5, 0.5 ] },
																								"up": { "texture": "#molybdochalkos", "uv": [ 0.0, 0.0, 0.5, 0.5 ] },
																								"down": { "texture": "#molybdochalkos", "uv": [ 0.0, 0.0, 0.5, 0.5 ] }
																							}
																						}
																					]
																				}
																			]
																		}
																	]
																}
															]
														}
													]
												}
											]
										}
									]
								}
							]
						}
					]
				}
			]
		}
	]}