{
	
	code: "fishnugget",
	maxstacksize: 64,
	attributes: {
		displaycaseable: true,
		shelvable: true,
		"handbook": { "groupBy": [ "fishnugget-*" ] },
		nutritionPropsWhenInMealByType: { 
			"@*-(raw|smashed)": {satiety: 155, foodcategory: "Protein"},
		},
		bakingPropertiesByType: {
			"*-smashed": {
				temp: 150,
				levelFrom: 0.0,
				levelTo: 0.25,
				startScaleY: 1.0,
				endScaleY: 1.0,
				resultCode: "expandedfoods:fishnugget-tenderpartbaked",
			},
			"*-tenderpartbaked": {
				temp: 150,
				levelFrom: 0.25,
				levelTo: 0.5,
				startScaleY: 1.0,
				endScaleY: 1.0,
				resultCode: "expandedfoods:fishnugget-tender",
				initialCode: "expandedfoods:fishnugget-smashed"
			},
			"*-tender": {
				temp: 150,
				levelFrom: 0.5,
				levelTo: 0.75,
				startScaleY: 1.0,
				endScaleY: 1.0,
				resultCode: "expandedfoods:fishnugget-tendercharred",
				initialCode: "expandedfoods:fishnugget-tenderpartbaked"
			},
			"*-tendercharred": {
				temp: 150,
				levelFrom: 0.75,
				levelTo: 1.0,
				startScaleY: 1.0,
				endScaleY: 0.9,
				initialCode: "expandedfoods:fishnugget-tender"
			},
			"*-raw": {
				temp: 150,
				levelFrom: 0.0,
				levelTo: 0.25,
				startScaleY: 1.0,
				endScaleY: 1.0,
				resultCode: "expandedfoods:fishnugget-cookedpartbaked",
			},
			"*-cookedpartbaked": {
				temp: 150,
				levelFrom: 0.25,
				levelTo: 0.5,
				startScaleY: 1.0,
				endScaleY: 1.0,
				resultCode: "expandedfoods:fishnugget-cooked",
				initialCode: "expandedfoods:fishnugget-raw"
			},
			"*-cooked": {
				temp: 150,
				levelFrom: 0.5,
				levelTo: 0.75,
				startScaleY: 1.0,
				endScaleY: 1.0,
				resultCode: "expandedfoods:fishnugget-cookedcharred",
				initialCode: "expandedfoods:fishnugget-cookedpartbaked"
			},
			"*-cookedcharred": {
				temp: 150,
				levelFrom: 0.75,
				levelTo: 1.0,
				startScaleY: 1.0,
				endScaleY: 0.9,
				initialCode: "expandedfoods:fishnugget-cooked"
			},
		},
		onDisplayTransformByType: { 
			"*-raw": {
				translation: { x: 0, y: 0.25, z: 0 },
				scale: 1.5 
			},
			"*-cookedpartbaked": {
				translation: { x: 0, y: 0.25, z: 0 },
				scale: 1.5 
			},
			"*-cooked": {
				translation: { x: 0, y: 0.25, z: 0 },
				scale: 1.5 
			},
			"*-cookedcharred": {
				translation: { x: 0, y: 0.25, z: 0 },
				scale: 1.5 
			},
			"*": {
				translation: { x: 0, y: -.375, z: 0 },
				scale: 0.25 
			},
		},
    	inPiePropertiesByType: {
      		"@*-(raw|smashed)": { texture: "game:block/food/pie/fill-fish", partType: 'Filling' },
    	},
	},
	variantgroups: [
		{ code: "type", states: ["smashed", "raw", "cookedpartbaked", "cooked", "cookedcharred", "tenderpartbaked", "tender", "tendercharred" ] },
	],
	shapebytype:	{
		"fishnugget-tenderpartbaked": {base: "item/food/primitivesurvival/fish-partbaked"},
		"fishnugget-tender": {base: "item/food/primitivesurvival/fish-tender"},
		"fishnugget-tendercharred": {base: "item/food/primitivesurvival/fish-charred"},
		"fishnugget-smashed": {base: "item/food/primitivesurvival/fish-smash"},
		"fishnugget-raw": {base: "item/food/meat/poultry-nugget"},
		"@*-(cookedpartbaked|cooked|cookedcharred)": {base: "item/food/meat/poultry-cooked"},
	},
	texturesByType: {
		"*-cookedpartbaked": {
			"cooked": {base: "item/food/fillet-partbaked" },
		},
		"*-cookedcharred": {
			"cooked": {base: "item/food/fillet-charred" },
		},
		"*": {
			"partbaked": {base: "item/food/fillet-partbaked" },
			"cooked": {base: "primitivesurvival:item/fishing/fillet-cooked" },
			"charred": {base: "item/food/fillet-charred" },
			"meat": {base: "primitivesurvival:item/fishing/fillet-raw" },
			"raw": {base: "primitivesurvival:item/fishing/fillet-raw" },
		},
	},
	creativeinventory: { "general": ["*"], "items": ["*"], "expandedfoods": ["*"] },
	nutritionPropsByType: {
		"@*-(cookedpartbaked|tenderpartbaked)": {satiety: 95, foodcategory: "Protein"},
		"@*-(cooked|tender)": {satiety: 105, foodcategory: "Protein"},
		"@*-(tendercharred|cookedcharred)": {satiety: 85, foodcategory: "Protein"}
	},
	transitionablePropsByType: {
		"@*-(smashed|raw)": [{	
			type: "Perish",
			freshHours: { avg: 48 },
			transitionHours: { avg: 12 },
			transitionedStack: { type: "item", code: "game:rot" },
			transitionRatio: 1
			}
		],
		"@*-(tenderpartbaked|tender|cookedpartbaked|cooked)": [{
			type: "Perish",
			freshHours: { avg: 120 },
			transitionHours: { avg: 36 },
			transitionedStack: { type: "item", code: "game:rot" },
			transitionRatio: 1
		}],
		"@*-(tendercharred|cookedcharred)": [{
			type: "Perish",
			freshHours: { avg: 240 },
			transitionHours: { avg: 72 },
			transitionedStack: { type: "item", code: "game:rot" },
			transitionRatio: 1
		}],
	},
	materialDensity: 600,
	guiTransformByType: {
		"@*-(cookedpartbaked|cooked|cookedcharred|raw)": {
			rotate: false,
			translation: { x: 0.0, y: 0, z: 0 },
			rotation: { x: 171, y: -122, z: 28 },
			origin: { x: 0.43, y: 0.04, z: 0.53 },
			scale: 7
		},
		"@*-(tenderpartbaked|tender|tendercharred|smashed)": {
			rotate: false,
			translation: { x: 0, y: 0, z: 0 },
			rotation: { x: -60, y: -158, z: -180 },
			origin: { x: 0.45, y: 0, z: 0.55 },
			scale: 1.54
		},
	},
	fpHandTransformByType: {
		"@*-(tenderpartbaked|tender|tendercharred|smashed)": {
			translation: { x: -0.06, y: 0.26, z: 0.13 },
			rotation: { x: 53, y: -5, z: -18 },
			origin: { x: 0.5, y: 0.1, z: 0.5 },
			scale: 0.8
		},
		"*": {
			translation: { x: -0.06, y: 0.36, z: 0.23 },
			rotation: { x: 0, y: -81, z: -35 },
			origin: { x: 0.5, y: 0.1, z: 0.5 },
			scale: 3
		},
	},
	tpHandTransformByType: {
		"@*-(tenderpartbaked|tender|tendercharred|smashed)": {
			translation: { x: 0, y: 0, z: 0 },
			rotation: { x: 0, y: 0, z: -13 },
			origin: { x: 0.13, y: 0, z: 0.14 },
			scale: 0.4	
		},
		"*": {
			translation: { x: 0.05, y: -0.05, z: 0.1 },
			rotation: { x: 1, y: 9, z: -11 },
			origin: { x: 0.21, y: -0.2, z: 0.15 },
			scale: 1	
		},
	},
	groundTransformByType: {
		"@*-(tenderpartbaked|tender|tendercharred|smashed)": {
			translation: { x: 0, y: 0, z: 0 },
			rotation: { x: 0, y: 0, z: 0 },
			origin: { x: 0, y: 0, z: 0. },
			scale: 2		
		},
		"*": {
			translation: { x: 0, y: 0, z: 0 },
			rotation: { x: 180, y: 33, z: -180 },
			origin: { x: 0.5, y: 0, z: 0.5 },
			scale: 5

		},
	},
	combustiblePropsByType: {
		"@*-(raw|cookedpartbaked|cooked)": {
			meltingPoint: 150,
			meltingDuration: 30,
			smeltedRatio: 1,
			smeltingType: "cook",
			smeltedStack: { type: "item", code: "fishnugget-cookedcharred" },
			requiresContainer: false
		},
		"@*-(smashed|tenderpartbaked|tender)": {
			meltingPoint: 150,
			meltingDuration: 30,
			smeltedRatio: 1,
			smeltingType: "cook",
			smeltedStack: { type: "item", code: "fishnugget-tendercharred" },
			requiresContainer: false
		},
	}
}