﻿{
	code: "wildtreedehydratedfruit",
	maxstacksize: 64,
	variantgroups: [
		{ code: "type", "loadFromProperties": "wildcrafttrees:block/treefruit" },
	],
	skipVariants: ["*-almond","*-cocoa","*-commonhackberry","*-sugarhackberry", "*-hazelnut"],
	materialDensityByType: {"*": 600},
	attributes: {
		displaycaseable: true,
		shelvable: true,
		"handbook": { "groupBy": [ "wildtreedehydratedfruit-*" ] },
		nutritionPropsWhenInMeal: { 
			satietyByType:  { 
				"*": 120,
			},
            foodcategory: "Fruit" 
		},
    	inPieProperties: { texture: "wildcrafttrees:block/food/pie/fill-{type}", partType: 'Filling' },
		onDisplayTransformByType: {
			"*": { 
				translation: { x: 0.0, y: -0.155, z: 0.0 },
				scale: 0.67
			},
		},
		inContainerTexture: { base: "game:block/barrel/{type}fruit" },
	},
	shapebytype: { 
		"*": { base: "item/food/dryfruit/wildcrafttrees/{type}" }
	},
	creativeinventory: { "general": ["*"], "items": ["*"], "expandedfoods": ["*"] },
	nutritionPropsByType: {
		"*-almond": { "satiety": 60, "foodcategory": "Protein" },
		"*-cocoa": { "satiety": 100, "foodcategory": "Fruit" },
		"*-hawthorn": { "satiety": 60, "foodcategory": "Fruit" },
		"*-commonhackberry": { "satiety": 60, "foodcategory": "Protein" },
		"*-sugarhackberry": { "satiety": 60, "foodcategory": "Protein" },
		"*-hazelnut": { "satiety": 60, "foodcategory": "Protein" },
		"*": { "satiety": 80, "foodcategory": "Fruit" }
	},
	transitionablePropsByType: {
		"@*-(hawthorn|fig)": [{
			type: "Perish",
			freshHours: { avg: 480 },
			transitionHours: { avg: 48 },
			transitionedStack: { "type": "item", "code": "game:rot" },
			transitionRatio: 0.25
		},{
			type: "Dry",
			freshHours: { avg: 0 },
			transitionHours: { avg: 360 },
			transitionedStack: { "type": "item", "code": "expandedfoods:wildtreedryfruit-{type}" },
			transitionRatio: 1
		}],
		"@*-(apricot|purpleplum|quince)": [{
			type: "Perish",
			freshHours: { avg: 360 },
			transitionHours: { avg: 48 },
			transitionedStack: { "type": "item", "code": "game:rot" },
			transitionRatio: 0.25
		},{
			type: "Dry",
			freshHours: { avg: 0 },
			transitionHours: { avg: 270 },
			transitionedStack: { "type": "item", "code": "expandedfoods:wildtreedryfruit-{type}" },
			transitionRatio: 1
		}],
		"@*-(citron|almond|cocoa|pomelo|hazelnut)": [{
			type: "Perish",
			freshHours: { avg: 960 },
			transitionHours: { avg: 48 },
			transitionedStack: { "type": "item", "code": "game:rot" },
			transitionRatio: 0.25
		},{
			type: "Dry",
			freshHours: { avg: 0 },
			transitionHours: { avg: 720 },
			transitionedStack: { "type": "item", "code": "expandedfoods:wildtreedryfruit-{type}" },
			transitionRatio: 1
		}],
		"@*-(commonhackberry|sugarhackberry)": [{
			type: "Perish",
			freshHours: { avg: 480 },
			transitionHours: { avg: 48 },
			transitionedStack: { "type": "item", "code": "game:rot" },
			transitionRatio: 0.25
		},{
			type: "Dry",
			freshHours: { avg: 0 },
			transitionHours: { avg: 360 },
			transitionedStack: { "type": "item", "code": "expandedfoods:wildtreedryfruit-{type}" },
			transitionRatio: 1
		}],
		"*": [{
			type: "Perish",
			freshHours: { avg: 120 },
			transitionHours: { avg: 12 },
			transitionedStack: { "type": "item", "code": "game:rot" },
			transitionRatio: 0.25
		},{
			type: "Dry",
			freshHours: { avg: 0 },
			transitionHours: { avg: 90 },
			transitionedStack: { "type": "item", "code": "expandedfoods:wildtreedryfruit-{type}" },
			transitionRatio: 1
		}]
	},
	"guiTransformByType": {
		"@*-(almond|hawthorn|commonhackberry|sugarhackberry|hazelnut)": {
			"rotation": { "x": 147, "y": 3, "z": -15 },
			"origin": { "x": 0.5, "y": 0, "z": 0.5 },
			"scale": 2.75
		},
		"*-cocoa": {
			"rotation": { "x": 148, "y": 0, "z": 0 },
			"origin": { "x": 0.55, "y": 0.1, "z": 0.5 },
			"scale": 2.75
		},
		"*-citron": {
			"rotation": { "x": 110, "y": -20, "z": -20 },
			"origin": { "x": 0.5, "y": 0, "z": 0.5 },
			"scale": 2.75
		},
		"@*-(apricot|purpleplum)": {
			"rotation": { "x": 147, "y": -27, "z": 5 },
			"origin": { "x": 0.5, "y": 0.05, "z": 0.5 },
			"scale": 2.75
		},
		"@*-(quince|fig|pomelo)": {
			"translation": { "x": 0, "y": 5, "z": 0 },
			"rotation": { "x": 130, "y": -84, "z": -3 },
			"origin": { "x": 0.5, "y": 0, "z": 0.5 },
			"scale": 2.75
		}
	},
	"fpHandTransformByType": {
		"@*-(almond|hawthorn|commonhackberry|sugarhackberry|hazelnut)": {
			"translation": { "x": 0, "y": 0.2, "z": 0 },
			"rotation": { "x": 0, "y": 0, "z": 0 },
			"origin": { "x": 0.5, "y": 0.1, "z": 0.5 },
			"scale": 1.2
		},
		"*-cocoa": {
			"translation": { "x": 0, "y": 0.2, "z": 0 },
			"rotation": { "x": 0, "y": 0, "z": 0 },
			"origin": { "x": 0.5, "y": 0.1, "z": 0.5 },
			"scale": 1.5
		},
		"*-citron": {
			"translation": { "x": 0, "y": 0.2, "z": 0 },
			"rotation": { "x": 0, "y": 0, "z": 0 },
			"origin": { "x": 0.5, "y": 0.1, "z": 0.5 },
			"scale": 1.5
		},
		"@*-(apricot|purpleplum|quince|fig|pomelo)": {
			"translation": { "x": 0, "y": 0.2, "z": 0 },
			"rotation": { "x": 0, "y": 0, "z": 0 },
			"origin": { "x": 0.5, "y": 0.1, "z": 0.5 },
			"scale": 1.5
		}
	},
	"tpHandTransformByType": {
		"@*-(almond|hawthorn|commonhackberry|sugarhackberry|hazelnut)": {
			"translation": { "x": -1.35, "y": -0.33, "z": -1.31 },
			"rotation": { "x": 90, "y": 90, "z": 90 },
			"origin": { "x": 0.5, "y": 0.1, "z": 0.5 },
			"scale": 0.38
		},
		"*-cocoa": {
			"translation": { "x": -1.45, "y": -0.4, "z": -1.31 },
			"rotation": { "x": 90, "y": 90, "z": 90 },
			"origin": { "x": 0.5, "y": 0.1, "z": 0.5 },
			"scale": 0.38
		},
		"@*-(apricot|citron|purpleplum|quince|fig|pomelo)": {
			"translation": { "x": -1.37, "y": -0.3, "z": -1.34 },
			"rotation": { "x": 90, "y": 90, "z": 90 },
			"origin": { "x": 0.5, "y": 0.1, "z": 0.5 },
			"scale": 0.38
		}
	},
	"groundTransformByType": {
		"@*-(almond|hawthorn|commonhackberry|sugarhackberry|hazelnut)": {
			"rotation": { "x": 0, "y": 0, "z": 0 },
			"origin": { "x": 0.5, "y": 0, "z": 0.5 },
			"scale": 2.3
		},
		"*-cocoa": {
			"rotation": { "x": 0, "y": 0, "z": 0 },
			"origin": { "x": 0.5, "y": 0, "z": 0.5 },
			"scale": 2.5
		},
		"@*-(apricot|citron|purpleplum|quince|fig|pomelo)": {
			"rotation": { "x": 0, "y": 0, "z": 0 },
			"origin": { "x": 0.5, "y": 0, "z": 0.5 },
			"scale": 2.5
		},
		"*": { 
			"rotation": { "x": 0, "y": 0, "z": 0 },
			"scale": 2.5
		}
	}
}