[
  {
    "ingredientPattern": "H,F,T",
    "ingredients": {
      "H": {
        "type": "item",
        "code": "wildcraft:herbs-sage"
      },
      "F": {
        "type": "block",
        "code": "game:flower-lupine-purple-*"
      },
      "T": {
        "type": "item",
        "code": "alchemy:mortarpestle-*",
        "isTool": true
      }
    },
    "shapeless": true,
    "width": 1,
    "height": 3,
    "output": {
      "type": "item",
      "code": "alchemy:potionbase-vitality-weak"
    }
  },
  {
    "ingredientPattern": "H,F,T",
    "ingredients": {
      "H": {
        "type": "block",
        "code": "game:flower-goldenpoppy-*"
      },
      "F": {
        "type": "item",
        "code": "wildcraft:herbs-sage"
      },
      "T": {
        "type": "item",
        "code": "alchemy:mortarpestle-*",
        "isTool": true
      }
    },
    "shapeless": true,
    "width": 1,
    "height": 3,
    "output": {
      "type": "item",
      "code": "alchemy:potionbase-vitality-weak"
    }
  },
  {
    "ingredientPattern": "H,F,T",
    "ingredients": {
      "H": {
        "type": "item",
        "code": "alchemy:cuttings-goldenpoppy-cooked"
      },
      "F": {
        "type": "item",
        "code": "alchemy:cuttings-sage-cooked"
      },
      "T": {
        "type": "item",
        "code": "alchemy:mortarpestle-*",
        "isTool": true
      }
    },
    "shapeless": true,
    "width": 1,
    "height": 3,
    "output": {
      "type": "item",
      "code": "alchemy:potionbase-vitality-strong"
    }
  },
  {
    "ingredientPattern": "H,F,T",
    "ingredients": {
      "H": {
        "type": "item",
        "code": "alchemy:cuttings-sage-cooked"
      },
      "F": {
        "type": "item",
        "code": "alchemy:cuttings-lupine-purple-cooked"
      },
      "T": {
        "type": "item",
        "code": "alchemy:mortarpestle-*",
        "isTool": true
      }
    },
    "shapeless": true,
    "width": 1,
    "height": 3,
    "output": {
      "type": "item",
      "code": "alchemy:potionbase-vitality-strong"
    }
  }
]
