﻿{
  "code": "pistol",
  "class": "Item",
  "creativeinventory": {"maltiezfirearms": ["*"]},
  "maxstacksize": 1,
  "storageFlags": 257,
  "durability": 600,
  "rackable": true,
  "tool": "bow",
  "behaviors": [
    {
      "name": "GroundStorable",
      "properties": {
        "layout": "Quadrants",
        "wallOffY": 1,
        "sprintKey": true,
        "selectionBox": {"x1": 0, "y1": 0, "z1": 0, "x2": 1, "y2": 0.1, "z2": 1},
        "collisionBox": {"x1": 0, "y1": 0, "z1": 0, "x2": 0, "y2": 0, "z2": 0}
      }
    }
  ],
  "attributes": {
    "toolrackTransform": {"translation": {"x": 1.05, "y": 0.55, "z": 0.5}, "rotation": {"x": -1, "y": 95, "z": -90}, "origin": {"x": 0, "y": 0, "z": 0}, "scale": 1.34},
    "groundStorageTransform": {"translation": {"x": 0.7, "y": 0.04, "z": 0.7}, "rotation": {"x": 0, "y": 57, "z": 90}, "origin": {"x": 0, "y": 0, "z": 0}, "scale": 0.8}
  },
  "heldLeftTpIdleAnimation": "firearmsempty",
  "heldLeftReadyAnimation": "firearmsempty",
  "heldRightReadyAnimation": "firearmsempty",
  "heldOldTpIdleAnimation": "firearmsempty",
  "heldTpUseAnimation": "firearmsempty",
  "shape": {"base": "maltiezfirearms:firearms/pistol-animated-tp"},
  "guiTransform": {
    "translation": {"x": 0, "y": 0, "z": 0},
    "rotation": {"x": -27, "y": 30, "z": -180},
    "origin": {"x": -0.38, "y": -0.34, "z": -0.9},
    "scaleXyz": {"x": -2.22, "y": 2.22, "z": 2.22}
  },
  "fpHandTransform": {"translation": {"x": 0.2, "y": 0.6, "z": 0.9}, "rotation": {"x": 0, "y": 0, "z": 0}, "origin": {"x": 0, "y": 0, "z": 0}, "scale": 4},
  "tpHandTransform": {"translation": {"x": -0.1, "y": 0, "z": 0}, "rotation": {"x": 90, "y": 0, "z": -90}, "origin": {"x": 0, "y": 0, "z": 0}, "scale": 0.8},
  "groundTransform": {"translation": {"x": 0, "y": 0.05, "z": 0}, "rotation": {"x": 0, "y": 0, "z": 90}, "origin": {"x": 0, "y": 0, "z": 0}, "scale": 4.8},
  "tpOffHandTransform": {"translation": {"x": -0.17, "y": -0.1, "z": -0.05}, "rotation": {"x": 90, "y": 0, "z": -90}, "origin": {"x": 0, "y": 0, "z": 0}, "scale": 0.8}
}