﻿[
  {
    "op": "addeach",
    "path": "/ingredients/4/validStacks/-",
    "value": [
        {
            "type": "item",
            "code": "expandedfoods:sausageherb-bushmeat-dried",
            "shapeElement": "bowl/meatnugget 1/*",
            "textureMapping": [
                "meatnugget",
                "group6"
            ]
        },
        {
            "type": "item",
            "code": "expandedfoods:sausageherb-bushmeatcheese-raw",
            "shapeElement": "bowl/meatnugget 1/*",
            "textureMapping": [
                "meatnugget",
                "group6"
            ]
        },
        {
            "type": "item",
            "code": "expandedfoods:sausageherb-bushmeatcheese-dried",
            "shapeElement": "bowl/meatnugget 1/*",
            "textureMapping": [
                "meatnugget",
                "group6"
            ]
        },
        {
            "type": "item",
            "code": "expandedfoods:sausageherb-poultry-raw",
            "shapeElement": "bowl/meatnugget 1/*",
            "textureMapping": [
                "meatnugget",
                "group5"
            ]
        },
        {
            "type": "item",
            "code": "expandedfoods:sausageherb-poultry-dried",
            "shapeElement": "bowl/meatnugget 1/*",
            "textureMapping": [
                "meatnugget",
                "group5"
            ]
        },
        {
            "type": "item",
            "code": "expandedfoods:sausageherb-poultrycheese-raw",
            "shapeElement": "bowl/meatnugget 1/*",
            "textureMapping": [
                "meatnugget",
                "group5"
            ]
        },
        {
            "type": "item",
            "code": "expandedfoods:sausageherb-poultrycheese-dried",
            "shapeElement": "bowl/meatnugget 1/*",
            "textureMapping": [
                "meatnugget",
                "group5"
            ]
        },   
        {
            "type": "item",
            "code": "expandedfoods:sausageherb-redmeat-raw",
            "shapeElement": "bowl/meatnugget 1/*",
            "textureMapping": [
                "meatnugget",
                "group6"
            ]
        },    
        {
            "type": "item",
            "code": "expandedfoods:sausageherb-redmeat-dried",
            "shapeElement": "bowl/meatnugget 1/*",
            "textureMapping": [
                "meatnugget",
                "group6"
            ]
        },    
        {
            "type": "item",
            "code": "expandedfoods:sausageherb-redmeatcheese-raw",
            "shapeElement": "bowl/meatnugget 1/*",
            "textureMapping": [
                "meatnugget",
                "group6"
            ]
        },    
        {
            "type": "item",
            "code": "expandedfoods:sausageherb-redmeatcheese-dried",
            "shapeElement": "bowl/meatnugget 1/*",
            "textureMapping": [
                "meatnugget",
                "group6"
            ]
        },    
    ],
    "file": "game:recipes/cooking/soup.json",
    "side": "server",
    dependsOn: [ { "modid": "wildcraft" } ]
  },

]