{
  "code": "potionbase-basic",
  "shape": { "base": "alchemy:item/potionbase" },
  "textures": {
    "mat1": { "base": "game:block/plant/mushroom/flyagaric/cap" },
    "mat2": { "base": "game:block/plant/mushroom/flyagaric/cap" },
    "mat3": { "base": "alchemy:item/potionbase/horsetail" },
    "mat4": { "base": "alchemy:item/potionbase/horsetail" }
  },
  "creativeinventory": {
    "general": [ "*" ],
    "items": [ "*" ]
  },
  "maxstacksize": 64,
  "materialDensity": 620,
  "combustibleProps": {
    "burnTemperature": 400,
    "burnDuration": 6
  },
  "guiTransform": {
    "translation": {
      "x": 3,
      "y": 0,
      "z": 0
    },
    "rotation": {
      "x": -28,
      "y": 23,
      "z": 180
    },
    "origin": {
      "x": 0.5,
      "y": 0.175,
      "z": 0.5
    },
    "scale": 3
  },
  "groundTransform": {
    "translation": {
      "x": 0,
      "y": 0,
      "z": 0
    },
    "rotation": {
      "x": 0,
      "y": 0,
      "z": 1
    },
    "origin": {
      "x": 0.5,
      "y": 0,
      "z": 0.5
    },
    "scale": 3
  },
  "tpHandTransform": {
    "translation": {
      "x": 0.3,
      "y": -0.16,
      "z": 0.5
    },
    "rotation": {
      "x": 0,
      "y": 0,
      "z": 0
    },
    "origin": {
      "x": 0,
      "y": 0.13,
      "z": 0
    },
    "scale": 0.66
  },
  "fpHandTransform": {
    "translation": {
      "x": 0,
      "y": 0.24,
      "z": 0.3
    },
    "rotation": {
      "x": 0,
      "y": 0,
      "z": 0
    },
    "origin": {
      "x": 0.5,
      "y": 0.1,
      "z": 0.5
    },
    "scale": 2
  }
}