[
  {
    "side": "server",
    "file": "game:blocktypes/metal/torchholder.json",
    "op": "add",
    "path": "/particlePropertiesByType/*-filledblue-*",
    "value": [
      {
				"__comment": "Ember cubicles",
				"hsvaColor": [{ "avg": 170, "var": 20 }, { "avg": 255, "var": 50 }, { "avg": 255, "var": 50 },  { "avg": 255, "var": 0 }],
				"gravityEffect": { "dist": "invexp", "avg": -0.07, "var": 0.4 },
				"posOffsetByType": {
					"*-up": [ { "avg": 0, "var": 0.1 }, { "avg": -0.2, "var": 0 }, { "avg": 0, "var": 0.1 }],
					"*-north": [ { "avg": 0, "var": 0.1 }, { "avg": -0.23, "var": 0 }, { "avg": -0.09, "var": 0.1 }],
					"*-east": [ { "avg": 0.09, "var": 0.1 }, { "avg": -0.23, "var": 0 }, { "avg": 0, "var": 0.1 }],
					"*-south": [ { "avg": 0, "var": 0.1 }, { "avg": -0.23, "var": 0 }, { "avg": 0.09, "var": 0.1 }],
					"*-west": [ { "avg": -0.09, "var": 0.1 }, { "avg": -0.23, "var": 0 }, { "avg": 0, "var": 0.1 }]
				},
				"velocity": [ { "avg": 0, "var": 0.15 }, { "avg": 0.5, "var": 0.1 }, { "avg": 0, "var": 0.15 }],
				"quantity": { "avg": 0.015 },
				"size": { "avg": 0.4, "var": 0 },
				"sizeEvolve": { "transform": "quadratic", "factor": -0.7 },
				"lifeLength": { "avg": 1.5 },
				"vertexFlags": 128,
				"windAffectednes": 0.2
			},
			{
				"__comment": "Smoke quads",
				"hsvaColor": [{ "avg": 0, "var": 0 }, { "avg": 0, "var": 0 }, { "avg": 40, "var": 30 },  { "avg": 220, "var": 50 }],
				"opacityEvolve": { "transform": "quadratic", "factor": -16 },
				"gravityEffect": { "avg": 0, "var": 0 },
				"posOffsetByType": {
					"*-up": [ { "avg": 0, "var": 0.1 }, { "avg": -0.2, "var": 0 }, { "avg": 0, "var": 0.1 }],
					"*-north": [ { "avg": 0, "var": 0.1 }, { "avg": -0.23, "var": 0 }, { "avg": -0.09, "var": 0.1 }],
					"*-east": [ { "avg": 0.09, "var": 0.1 }, { "avg": -0.23, "var": 0 }, { "avg": 0, "var": 0.1 }],
					"*-south": [ { "avg": 0, "var": 0.1 }, { "avg": -0.23, "var": 0 }, { "avg": 0.09, "var": 0.1 }],
					"*-west": [ { "avg": -0.09, "var": 0.1 }, { "avg": -0.23, "var": 0 }, { "avg": 0, "var": 0.1 }]
				},
				"velocity": [ { "avg": 0, "var": 0.025 }, { "avg": 0.15, "var": 0.1 }, { "avg": 0, "var": 0.025 }],
				"quantity": { "avg": 0.05 },
				"size": { "avg": 0.25, "var": 0.05 },
				"sizeEvolve": { "transform": "linear", "factor": 0.5 },
				"particleModel": "Quad",
				"windAffectednes": 0.7
			},
			{
				"__comment": "Fire quads",
				"hsvaColor": [{ "avg": 170, "var": 20 }, { "avg": 255, "var": 50 }, { "avg": 255, "var": 50 },  { "avg": 255, "var": 0 }],
				"opacityEvolve": { "transform": "quadratic", "factor": -16 },
				"gravityEffect": { "avg": 0, "var": 0 },
				"posOffsetByType": {
					"*-up": [ { "avg": 0, "var": 0.12 }, { "avg": -0.2, "var": 0 }, { "avg": 0, "var": 0.12 }],
					"*-north": [ { "avg": 0, "var": 0.12 }, { "avg": -0.23, "var": 0 }, { "avg": -0.09, "var": 0.12 }],
					"*-east": [ { "avg": 0.09, "var": 0.12 }, { "avg": -0.23, "var": 0 }, { "avg": 0, "var": 0.12 }],
					"*-south": [ { "avg": 0, "var": 0.12 }, { "avg": -0.23, "var": 0 }, { "avg": 0.09, "var": 0.12 }],
					"*-west": [ { "avg": -0.09, "var": 0.12 }, { "avg": -0.23, "var": 0 }, { "avg": 0, "var": 0.12 }]
				},
				"velocity": [ { "avg": 0, "var": 0.025 }, { "avg": 0.18, "var": 0.07 }, { "avg": 0, "var": 0.025 }],
				"quantity": { "avg": 0.4 },
				"size": { "avg": 0.25, "var": 0.05 },
				"lifeLength": { "avg": 0.5 },
				"sizeEvolve": { "transform": "linear", "factor": 0.5 },
				"particleModel": "Quad",
				"vertexFlags": 128,
				"windAffectednes": 0.7
			}
    ]
  }
]
