﻿{
  "ingredientPattern": "ST,IH",
  "width": 2,
  "height": 2,
  "ingredients": {
    "T": {
      "type": "item",
      "code": "game:metalplate-copper",
      "quantity": 3
    },
    "S": {
      "type": "item",
      "code": "game:solderingiron",
      "isTool": true,
      "toolDurabilityCost": 1
    },
    "I": {
      "type": "item",
      "code": "game:solderbar-*",
      "quantity": 2,
      "name": "mat",
      "allowedVariants": [ "tin", "silver" ]
    },
    "H": {
      "type": "item",
      "code": "game:hoop-iron"
    }
  },
  "output": {
    "type": "block",
    "code": "lavoisier:alembicboilingflask",
    "quantity": 1
  }
}