{
	code: "headonspear",
	class: "BlockHeadOnSpear",
	entityClass: "BlockEntityOutlawSpawnBlocker",
	"storageFlags": 257,
	attributesByType:
	{
		"*-looter-*": {
			handbook: {
				groupBy: ["headonspear-*"],
				extraSections: [
					{ title: "headonspear-handbook-help-title", text: "headonspear-looter-handbook-help-text" }
				]
			},
			outlawSpawnBlockRadius: 15
		},
		"*-poacher-*": {
			handbook: {
				groupBy: ["headonspear-*"],
				extraSections: [
					{ title: "headonspear-handbook-help-title", text: "headonspear-poacher-handbook-help-text" }
				]
			},
			outlawSpawnBlockRadius: 20
		},
		"*-brigand-*": {
			handbook: {
				groupBy: ["headonspear-*"],
				extraSections: [
					{ title: "headonspear-handbook-help-title", text: "headonspear-brigand-handbook-help-text" }
				]
			},
			outlawSpawnBlockRadius: 25
		},
		"*-yeoman-*": {
			handbook: {
				groupBy: ["headonspear-*"],
				extraSections: [
					{ title: "headonspear-handbook-help-title", text: "headonspear-yeoman-handbook-help-text" }
				]
			},
			outlawSpawnBlockRadius: 25
		},
		"*-deserter-archer-*": {
			handbook: {
				groupBy: ["headonspear-*"],
				extraSections: [
					{ title: "headonspear-handbook-help-title", text: "headonspear-deserter-archer-handbook-help-text" }
				]
			},
			outlawSpawnBlockRadius: 30
		},
		"*-deserter-footman-*": {
			handbook: {
				groupBy: ["headonspear-*"],
				extraSections: [
					{ title: "headonspear-handbook-help-title", text: "headonspear-deserter-footman-handbook-help-text" }
				]
			},
			outlawSpawnBlockRadius: 35
		}
	},
	variantgroups: [
		{ code: "type", states: ["looter", "poacher", "brigand", "yeoman", "deserter-archer", "deserter-footman"]},
		{ code: "material", states: ["chert", "granite", "andesite", "basalt", "obsidian", "peridotite", "flint", 
			"copper", "tinbronze", "bismuthbronze", "blackbronze", "ornategold", "ornatesilver", "hacking" ] },
		{ loadFromProperties: "abstract/horizontalorientation" }
	],
	creativeinventory: { "general": ["*-north"], "construction": ["*-north"] },
	blockmaterial: "Wood",
	shape: { base: "block/justice/head_on_spear" },
	resistance: 1.5,
	lightAbsorption: 0,
    shapeByType: {
		"*-north": { base: "block/justice/head_on_spear", rotateY:90, alternates: [ { base: "block/justice/head_on_spear1", rotateY:90 }, { base: "block/justice/head_on_spear2", rotateY:90 } ] },
		"*-east": { base: "block/justice/head_on_spear", rotateY:0, alternates: [ { base: "block/justice/head_on_spear1", rotateY:0 }, { base: "block/justice/head_on_spear2", rotateY:0 } ] },
		"*-south": { base: "block/justice/head_on_spear", rotateY:270, alternates: [ { base: "block/justice/head_on_spear1", rotateY:270 }, { base: "block/justice/head_on_spear2", rotateY:270 } ] },
		"*-west": { base: "block/justice/head_on_spear", rotateY:180, alternates: [ { base: "block/justice/head_on_spear1", rotateY:180 }, { base: "block/justice/head_on_spear2", rotateY:180 } ] }
	},
	texturesByType: {
		"*-looter-*": {
			"head": { base: "item/justice/dead_outlaw/looter", alternates: [ { base: "item/justice/dead_outlaw/looter2" }, { base: "item/justice/dead_outlaw/looter3" }, { base: "item/justice/dead_outlaw/looter4" } ] },
			"material": { base: "item/tool/material/{material}" }
		},
		"*-poacher-*": {
			"head": { base: "item/justice/dead_outlaw/poacher1", alternates: [ { base: "item/justice/dead_outlaw/poacher2" }, { base: "item/justice/dead_outlaw/poacher3" }, { base: "item/justice/dead_outlaw/poacher4" } ] },
			"material": { base: "item/tool/material/{material}" }
		},
		"*-brigand-*": {
			"head": { base: "item/justice/dead_outlaw/bandit1", alternates: [ { base: "item/justice/dead_outlaw/bandit2" }, { base: "item/justice/dead_outlaw/bandit3" } ] },
			"material": { base: "item/tool/material/{material}" }
		},
		"*-yeoman-*": {
			"head": { base: "item/justice/dead_outlaw/yeoman1", alternates: [ { base: "item/justice/dead_outlaw/yeoman2" }, { base: "item/justice/dead_outlaw/yeoman3" }, { base: "item/justice/dead_outlaw/yeoman4" } ] },
			"material": { base: "item/tool/material/{material}" }
		},
		"*-deserter-archer-*": {
			"head": { base: "item/justice/dead_outlaw/deserter_archer4", alternates: [ { base: "item/justice/dead_outlaw/deserter_archer2" }, { base: "item/justice/dead_outlaw/deserter_archer3" }, { base: "item/justice/dead_outlaw/deserter_archer1" } ] },
			"material": { base: "item/tool/material/{material}" }
		},
		"*-deserter-footman-*": {
			"head": { base: "item/justice/dead_outlaw/deserter_footman1", alternates: [ { base: "item/justice/dead_outlaw/deserter_footman2" }, { base: "item/justice/dead_outlaw/deserter_footman3" }, { base: "item/justice/dead_outlaw/deserter_footman4" } ] },
			"material": { base: "item/tool/material/{material}" }
		},
	},
	sidesolidByType: {	
		"*-north": { all:false },
		"*-west": { all:false },
		"*-south": { all:false },
		"*-east": { all:false }
	},
	sideopaque :  { all:false },
	sounds: {
		"hit": "block/planks",
		"break": "block/planks",
		"place": "block/planks",
		"walk": "walk/wood"
	},
    collisionboxes: [
		{ x1: 0.4375, y1: 0, z1: 0.4375, x2: 0.562, y2: 2.8125, z2: 0.5625, rotateYByType: {  "*-north": 90, "*-east": 0, "*-south": 270 , "*-west": 180 } },
		{ x1: 0.375, y1: 2.125, z1: 0.5625, x2: 0.875, y2: 2.5, z2: 0.8125, rotateYByType: {  "*-north": 90, "*-east": 0, "*-south": 270 , "*-west": 180 } }
	],
	selectionboxbytype: {
		"*-north":  { x1: 0.47, y1: 0, z1: 0.455, x2: 0.56, y2: 2.8125, z2: 0.5465 , rotateY: 270 },
		"*-west": { x1: 0.47, y1: 0, z1: 0.455, x2: 0.56, y2: 2.8125, z2: 0.5465 , rotateY: 0 },
		"*-south": { x1: 0.47, y1: 0, z1: 0.455, x2: 0.56, y2: 2.8125, z2: 0.5465 , rotateY: 90 },
		"*-east": { x1: 0.47, y1: 0, z1: 0.455, x2: 0.56, y2: 2.8125, z2: 0.5465 , rotateY: 180 }
	},
	maxStackSize: 1,
	materialDensity: 600,

	heldRightTpIdleAnimation: "holdinglanternrighthand",
	heldLeftTpIdleAnimation: "holdinglanternlefthand",

	heldTpUseAnimation: "twohandplaceblock",
	guiTransform: {
		translation: { x: -2, y: 134, z: 0 },
		rotation: { x: 1, y: -180, z: 0 },
		scale: 2.84
	},
	fpHandTransform: {
		translation: { x: 0, y: -1.15, z: 0.5 },
		rotation: { x: -22, y: -31, z: 0 },
		scale: 2.23
	},
	tpHandTransform: {
		translation: { x: 0.2, y: -0.4, z: -0.5 },
		rotation: { x: -89, y: 0, z: -98 },
		scale: 1
	},
	tpOffHandTransform: {
		translation: { x: 0.2, y: -0.4, z: -0.5 },
		rotation: { x: -91, y: 0, z: -86 },
		scale: 1
	},
	drops: [{ type: "block", code: "headonspear-{type}-{material}-north"}]
}