﻿{
  "code": "saltedpaper",
  "shape": { "base": "game:block/wood/crate/label-paper" },
  "attributes": {
    "displaycaseable": true,
    "shelvable": true,
    "groundStorageTransform": {
      "translation": {
        "x": 0,
        "y": -0.9,
        "z": -0.1
      },
      "rotation": {
        "x": 90,
        "y": 0,
        "z": 0
      },
      "scale": 0.9
    }
  },
  "creativeinventory": {
    "general": [ "*" ],
    "items": [ "*" ]
  },
  "textures": {
    "labelbase": { "base": "kosphotography:item/saltedpaper" }
  },
  "maxstacksize": 32,
  "materialDensity": 210,
  "fpHandTransform": {
    "translation": {
      "x": 0.15,
      "y": -0.5,
      "z": 0
    },
    "rotation": {
      "x": -25,
      "y": -17,
      "z": -16
    },
    "origin": {
      "x": 0.5,
      "y": 0.5,
      "z": 0.1
    },
    "scale": 2.55
  },
  "tpHandTransform": {
    "translation": {
      "x": 0,
      "y": 0,
      "z": 0
    },
    "rotation": {
      "x": 5,
      "y": 180,
      "z": 1
    },
    "origin": {
      "x": -0.8,
      "y": -1.47,
      "z": -0.39
    },
    "scale": 0.65
  },
  "tpOffHandTransform": {
    "translation": {
      "x": 0,
      "y": 0,
      "z": 0
    },
    "rotation": {
      "x": 5,
      "y": 180,
      "z": 1
    },
    "origin": {
      "x": -0.8,
      "y": -1.47,
      "z": -0.39
    },
    "scale": 0
  },
  "groundTransform": {
    "translation": {
      "x": 0,
      "y": 0,
      "z": 0
    },
    "rotation": {
      "x": 90,
      "y": 0,
      "z": 2
    },
    "origin": {
      "x": 0.5,
      "y": 0.5,
      "z": 0.08
    },
    "scale": 3.2
  },
  "guiTransform": {
    "translation": {
      "x": 0,
      "y": 0,
      "z": 0
    },
    "rotation": {
      "x": 42,
      "y": 34,
      "z": -33
    },
    "origin": {
      "x": 0.53,
      "y": 0.55,
      "z": 0
    },
    "scale": 2.45
  }
}