{
	code: "shalestov",
	behaviors: [ { name: "HorizontalOrientable" } ],
	variantgroups: [
		{ code: "state", states: ["unlit", "lit"] },
		{ code: "side", loadFromProperties: "abstract/horizontalorientation" }
	],
	shapebytype: {
		"*-lit-north": { base: "block/stone/shale-stov-lit", rotateY: 0 },
		"*-lit-east": { base: "block/stone/shale-stov-lit", rotateY: 270 },
		"*-lit-south": { base: "block/stone/shale-stov-lit", rotateY: 180 },
		"*-lit-west": { base: "block/stone/shale-stov-lit", rotateY: 90 },
		"*-unlit-north": { base: "block/stone/shale-stov-unlit", rotateY: 0 },
		"*-unlit-east": { base: "block/stone/shale-stov-unlit", rotateY: 270 },
		"*-unlit-south": { base: "block/stone/shale-stov-unlit", rotateY: 180 },
		"*-unlit-west": { base: "block/stone/shale-stov-unlit", rotateY: 90 }
	},
	blockmaterial: "Stone",
	creativeinventory: { "general": [ "shalestov-lit-north", "shalestov-unlit-north" ], "decorative": [ "shalestov-lit-north", "shalestov-unlit-north" ] },
	replaceable: 500,
	resistance: 3.5,
	lightAbsorption: 0,
	lightHsvByType: {
		"*-unlit-*": [0, 0, 0],
		"*-lit-*": [7, 7, 11],
	},
	sounds: {
		walk: "walk/stone",
		byTool: {
			"Pickaxe": { hit: "block/rock-hit-pickaxe", break: "block/rock-break-pickaxe" }
		}
	},
	guitransform: {
		rotation: { x: -22.5, y: 135, z: 0 },
	},
	heldTpIdleAnimation: "holdbothhandslarge", heldTpUseAnimation: "twohandplaceblock",
	tpHandTransform: {
		translation: { x: -1.2, y: -1.1, z: -0.8 },
		rotation: { x: -2, y: 25, z: -78 },
		scale: 0.37
	}
}