{
	"editor": {
		"allAngles": false,
		"entityTextureMode": false
	},
	"textureWidth": 16,
	"textureHeight": 16,
	"textureSizes": {
	},
	"textures": {
		"temporalgear": "game:item/resource/temporalgear",
		"chromium": "game:block/metal/ingot/chromium",
		"iron": "game:block/metal/ingot/iron"
	},
	"elements": [
		{
			"name": "origin",
			"from": [ 10.0, 0.5, 7.5 ], 
			"to": [ 10.0, 0.5, 7.5 ], 
			"rotationOrigin": [ 8.0, 0.0, 8.0 ],
			"faces": {
				"north": { "texture": "#null", "uv": [ 0.0, 0.0, 0.5, 0.5 ], "enabled": false },
				"east": { "texture": "#null", "uv": [ 0.0, 0.0, 0.5, 0.5 ], "enabled": false },
				"south": { "texture": "#null", "uv": [ 0.0, 0.0, 0.5, 0.5 ], "enabled": false },
				"west": { "texture": "#null", "uv": [ 0.0, 0.0, 0.5, 0.5 ], "enabled": false },
				"up": { "texture": "#null", "uv": [ 0.0, 0.0, 0.5, 0.5 ], "enabled": false },
				"down": { "texture": "#null", "uv": [ 0.0, 0.0, 0.5, 0.5 ], "enabled": false }
			},
			"children": [
				{
					"name": "handle 2",
					"from": [ -7.0, -0.5, -0.1 ], 
					"to": [ 1.0, 0.7, 1.1 ], 
					"rotationOrigin": [ -3.0, 0.0, 0.5 ],
					"faces": {
						"north": { "texture": "#iron", "uv": [ 0.0, 5.5, 8.0, 6.5 ] },
						"east": { "texture": "#iron", "uv": [ 0.5, 0.5, 1.5, 1.5 ] },
						"south": { "texture": "#iron", "uv": [ 0.0, 10.5, 8.0, 11.5 ] },
						"west": { "texture": "#iron", "uv": [ 14.0, 10.0, 15.0, 11.0 ] },
						"up": { "texture": "#iron", "uv": [ 0.0, 2.5, 8.0, 3.5 ] },
						"down": { "texture": "#iron", "uv": [ 0.0, 5.0, 8.0, 6.0 ] }
					},
					"children": [
						{
							"name": "blade",
							"from": [ 8.0, 0.4, -0.3 ], 
							"to": [ 10.0, 0.8, 1.5 ], 
							"rotationOrigin": [ 8.0, 0.4, -0.3 ],
							"rotationY": -1.9999998236580536,
							"faces": {
								"north": { "texture": "#iron", "uv": [ 12.0, 1.0, 14.0, 1.5 ] },
								"east": { "texture": "#iron", "uv": [ 11.0, 12.0, 12.5, 12.5 ] },
								"south": { "texture": "#iron", "uv": [ 8.0, 12.0, 10.0, 12.5 ] },
								"west": { "texture": "#iron", "uv": [ 10.0, 11.0, 11.5, 11.5 ] },
								"up": { "texture": "#iron", "uv": [ 7.0, 11.0, 9.0, 12.5 ] },
								"down": { "texture": "#iron", "uv": [ 4.0, 5.0, 6.0, 6.5 ] }
							}
						},
						{
							"name": "RampU",
							"from": [ 8.0, 0.8, 0.0 ], 
							"to": [ 10.0, 1.2, 1.2 ], 
							"rotationOrigin": [ 8.0, 1.2, 0.0 ],
							"rotationY": -1.9999998236580536,
							"rotationZ": -11.5,
							"faces": {
								"north": { "texture": "#iron", "uv": [ 12.0, 1.0, 14.0, 1.5 ] },
								"east": { "texture": "#iron", "uv": [ 11.0, 12.0, 12.0, 12.5 ] },
								"south": { "texture": "#iron", "uv": [ 8.0, 12.0, 10.0, 12.5 ] },
								"west": { "texture": "#iron", "uv": [ 10.0, 11.0, 11.0, 11.5 ] },
								"up": { "texture": "#iron", "uv": [ 6.0, 14.0, 8.0, 15.0 ] },
								"down": { "texture": "#iron", "uv": [ 4.0, 5.0, 6.0, 6.0 ] }
							}
						},
						{
							"name": "RampD",
							"from": [ 8.0, 0.0, 0.0 ], 
							"to": [ 10.0, 0.4, 1.2 ], 
							"rotationOrigin": [ 8.0, 0.0, 0.0 ],
							"rotationY": -1.9999998236580536,
							"rotationZ": 11.5,
							"faces": {
								"north": { "texture": "#iron", "uv": [ 12.0, 1.0, 14.0, 1.5 ] },
								"east": { "texture": "#iron", "uv": [ 11.0, 12.0, 12.0, 12.5 ] },
								"south": { "texture": "#iron", "uv": [ 8.0, 12.0, 10.0, 12.5 ] },
								"west": { "texture": "#iron", "uv": [ 10.0, 11.0, 11.0, 11.5 ] },
								"up": { "texture": "#iron", "uv": [ 6.0, 14.0, 8.0, 15.0 ] },
								"down": { "texture": "#iron", "uv": [ 4.0, 5.0, 6.0, 6.0 ] }
							}
						}
					]
				},
				{
					"name": "Cube1",
					"from": [ -6.0, -0.7, -0.3 ], 
					"to": [ -4.0, 0.9, 1.3 ], 
					"rotationOrigin": [ -6.0, -0.7, -0.3 ],
					"faces": {
						"north": { "texture": "#chromium", "uv": [ 7.5, 4.0, 9.0, 8.0 ], "rotation": 90, "autoUv": false },
						"east": { "texture": "#chromium", "uv": [ 9.0, 1.5, 10.5, 3.0 ] },
						"south": { "texture": "#chromium", "uv": [ 4.5, 4.0, 6.0, 8.0 ], "rotation": 270, "autoUv": false },
						"west": { "texture": "#chromium", "uv": [ 8.5, 1.5, 10.0, 3.0 ] },
						"up": { "texture": "#chromium", "uv": [ 6.5, 4.0, 8.0, 8.0 ], "rotation": 270, "autoUv": false },
						"down": { "texture": "#chromium", "uv": [ 1.0, 4.0, 2.5, 8.0 ], "rotation": 90, "autoUv": false }
					}
				},
				{
					"name": "Cube7",
					"from": [ -6.3, -0.6, -0.2 ], 
					"to": [ -3.3, 0.8, 1.2 ], 
					"rotationOrigin": [ -6.3, -0.6, -0.2 ],
					"faces": {
						"north": { "texture": "#temporalgear", "uv": [ 7.5, 4.0, 9.0, 8.0 ], "rotation": 90, "autoUv": false },
						"east": { "texture": "#temporalgear", "uv": [ 9.0, 1.5, 10.0, 2.5 ] },
						"south": { "texture": "#temporalgear", "uv": [ 4.5, 4.0, 6.0, 8.0 ], "rotation": 270, "autoUv": false },
						"west": { "texture": "#temporalgear", "uv": [ 8.5, 1.5, 9.5, 2.5 ] },
						"up": { "texture": "#temporalgear", "uv": [ 6.5, 4.0, 8.0, 8.0 ], "rotation": 270, "autoUv": false },
						"down": { "texture": "#temporalgear", "uv": [ 1.0, 4.0, 2.5, 8.0 ], "rotation": 90, "autoUv": false }
					}
				}
			]
		}
	]}