{
  "code": "herbrackhook",
  "shape": { "base": "alchemy:item/herbhook" },
  "variantgroups": [
    {
      "code": "metal",
      "loadFromProperties": "block/metal"
    }
  ],
  "__comment": "These are excluded since you cannot craft them",
  "textures": {
    "hook": { "base": "game:block/metal/sheet/{metal}1" }
  },
  "attributes": {
    "handbook": {
      "groupBy": [ "herbrackhook-*" ]
    }
  },
  "guiTransform": {
    "translation": {
      "x": 3,
      "y": 0,
      "z": 0
    },
    "rotation": {
      "x": 0,
      "y": 0,
      "z": 180
    },
    "origin": {
      "x": 0.5,
      "y": 0.33,
      "z": 0.5
    },
    "scale": 3
  },
  "groundTransform": {
    "translation": {
      "x": 0,
      "y": 0,
      "z": 0
    },
    "rotation": {
      "x": 0,
      "y": 0,
      "z": 1
    },
    "origin": {
      "x": 0.5,
      "y": 0,
      "z": 0.5
    },
    "scale": 3
  },
  "tpHandTransform": {
    "translation": {
      "x": 0.5,
      "y": -0.4,
      "z": 0.1
    },
    "rotation": {
      "x": 0,
      "y": 0,
      "z": 0
    },
    "origin": {
      "x": 0,
      "y": 0,
      "z": 0
    },
    "scale": 1.01
  },
  "fpHandTransform": {
    "translation": {
      "x": 0,
      "y": 0.2,
      "z": 0.7
    },
    "rotation": {
      "x": 0,
      "y": 0,
      "z": 0
    },
    "origin": {
      "x": 0.5,
      "y": 0.1,
      "z": 0.2
    },
    "scale": 2.5
  },
  "creativeinventory": {
    "general": [ "*-copper" ],
    "decorative": [ "*" ]
  },
  "maxstacksize": 64
}