{
  "editor": {
    "allAngles": false,
    "entityTextureMode": false
  },
  "textureWidth": 16,
  "textureHeight": 16,
  "textureSizes": {
  },
  "textures": {
    "all": "game:block/waterportion"
  },
  "elements": [
    {
      "name": "contents",
      "from": [5.5, 4, 5.5],
      "to": [10.5, 4.5, 10.5],
      "faces": {
        "north": {"texture": "#all"},
        "east": {"texture": "#all"},
        "south": {"texture": "#all"},
        "west": {"texture": "#all"},
        "up": {"uv": [10.5, 9.5, 15.5, 14.5], "texture": "#all"},
        "down": {"texture": "#all"}
      }
    }
  ]
}