{
   "code": "humanoid-trader-tinkerer",
   "class": "EntityTrader",
   "canClimb": true,
   "client": {
      "animations": [
	 { "code": "die", "animation": "die", "animationSpeed": 1.75, "blendMode": "AddAverage", "weight": 10 },
	 { "code": "hurt", "animation": "hurt", "animationSpeed": 2, "blendMode": "AddAverage" },
	 { "code": "rowdywelcome", "animation": "rowdywelcome", "blendMode": "AddAverage" },
	 { "code": "lazywelcome" , "animation": "lazywelcome", "blendMode": "AddAverage" },
	 { "code": "lazynod", "animation": "lazynod", "blendMode": "AddAverage" }
      ],
      "behaviors": [
	 { "code": "nametag", "showtagonlywhentargeted": true },
	 { "code": "repulseagents" },
	 { "code": "controlledphysics", "stepHeight": 1.01 },
	 { "code": "interpolateposition" },
         { code: "conversable", dialogue: "config/dialogue/trader" }
      ],
      "renderer": "Shape",
      "shape": { "base": "game:entity/humanoid/trader" },
      "texture": {
	 "alternates": [
	    { "base": "game:entity/humanoid/traderclothes/set1" },
	    { "base": "game:entity/humanoid/traderclothes/set2" },
	    { "base": "game:entity/humanoid/traderclothes/set3" },
	    { "base": "game:entity/humanoid/traderclothes/set4" },
	    { "base": "game:entity/humanoid/traderclothes/set5" }
	 ],
	 "base": "game:entity/humanoid/trader"
      }
   },
   "deadHitboxSize": { "x": 0.75, "y": 0.5 },
   "hitboxSize": { "x": 0.6, "y": 1.75 },
   "attributes": {
      "tradeProps": {
	 "money": { "avg": 30, "var": 10 },
	 "buying": {
	    "maxItems": 12,
	    "list": [
		    {
                "code": "locustmod:bulb",
                "type": "item",
                "stacksize": 2,
                "stock": {
                    "avg": 2.5,
                    "var": 0.5
                },
                "price": {
                    "avg": 4,
                    "var": 0
                }
            },
			{
                "code": "locustmod:filament",
                "type": "item",
                "stacksize": 2,
                "stock": {
                    "avg": 4,
                    "var": 1
                },
                "price": {
                    "avg": 1,
                    "var": 0
                }
            },
			{
                "code": "locustmod:fieldresonator",
                "type": "item",
                "stacksize": 2,
                "stock": {
                    "avg": 2,
                    "var": 0
                },
                "price": {
                    "avg": 2.5,
                    "var": 0.5
                }
            },
			{
                "code": "locustmod:temporalpowercell",
                "type": "item",
                "stacksize": 10,
                "stock": {
                    "avg": 2.5,
                    "var": 0.5
                },
                "price": {
                    "avg": 2.5,
                    "var": 0.5
                }
            },
			{
                "code": "locustmod:plating",
                "type": "item",
                "stacksize": 2,
                "stock": {
                    "avg": 4,
                    "var": 1
                },
                "price": {
                    "avg": 3,
                    "var": 0
                }
            },
			{
                "code": "locustmod:temporalessence",
                "type": "item",
                "stacksize": 2,
                "stock": {
                    "avg": 3,
                    "var": 1
                },
                "price": {
                    "avg": 1,
                    "var": 0
                }
            },
			{
                "code": "locustmod:gloveframe",
                "type": "item",
                "stacksize": 1,
                "stock": {
                    "avg": 1,
                    "var": 0
                },
                "price": {
                    "avg": 21,
                    "var": 3
                }
            },
			{
                "code": "locustmod:brokenhaft",
                "type": "item",
                "stacksize": 1,
                "stock": {
                    "avg": 1,
                    "var": 0
                },
                "price": {
                    "avg": 19,
                    "var": 3
                }
            },
            {
                "code": "game:gear-temporal",
                "type": "item",
                "stacksize": 1,
                "stock": {
                    "avg": 2.5,
                    "var": 0.5
                },
                "price": {
                    "avg": 4,
                    "var": 0
                }
            },
			{
                "code": "game:metal-parts",
                "type": "block",
                "stacksize": 4,
                "stock": {
                    "avg": 3.5,
                    "var": 0.5
                },
                "price": {
                    "avg": 1,
                    "var": 0
                }
            }
	       ]
	    },
	    "selling": {
	       "maxItems": 16,
	       "list": [
		  {
                "code": "locustmod:filament",
                "type": "item",
                "stacksize": 2,
                "stock": {
                    "avg": 3,
                    "var": 2
                },
                "price": {
                    "avg": 1,
                    "var": 0
                }
            },
            {
                "code": "locustmod:czbatt",
                "type": "item",
                "stacksize": 1,
                "stock": {
                    "avg": 3,
                    "var": 0.25
                },
                "price": {
                    "avg": 3,
                    "var": 0
                }
            },
			{
                "code": "locustmod:plating",
                "type": "item",
                "stacksize": 2,
                "stock": {
                    "avg": 4,
                    "var": 2
                },
                "price": {
                    "avg": 3.5,
                    "var": 0.5
                }
            },
			{
                "code": "locustmod:schematic-armor1",
                "type": "item",
                "stacksize": 1,
                "stock": {
                    "avg": 1,
                    "var": 0
                },
                "price": {
                    "avg": 37,
                    "var": 5
                }
            },
			{
                "code": "locustmod:schematic-armor2",
                "type": "item",
                "stacksize": 1,
                "stock": {
                    "avg": 1,
                    "var": 0
                },
                "price": {
                    "avg": 35,
                    "var": 3
                }
            },
			{
                "code": "locustmod:schematic-gaunt",
                "type": "item",
                "stacksize": 1,
                "stock": {
                    "avg": 1,
                    "var": 0
                },
                "price": {
                    "avg": 19,
                    "var": 3
                }
            },
			{
                "code": "locustmod:schematic-sword",
                "type": "item",
                "stacksize": 1,
                "stock": {
                    "avg": 1,
                    "var": 0
                },
                "price": {
                    "avg": 18,
                    "var": 3
                }
            },
			{
                "code": "locustmod:schematic-basicpart",
                "type": "item",
                "stacksize": 1,
                "stock": {
                    "avg": 1,
                    "var": 0
                },
                "price": {
                    "avg": 10,
                    "var": 3
                }
            },
			{
                "code": "locustmod:schematic-advpart",
                "type": "item",
                "stacksize": 1,
                "stock": {
                    "avg": 1,
                    "var": 0
                },
                "price": {
                    "avg": 15,
                    "var": 2
                }
            },
			{
                "code": "locustmod:fieldresonator",
                "type": "item",
                "stacksize": 2,
                "stock": {
                    "avg": 3,
                    "var": 1
                },
                "price": {
                    "avg": 3.5,
                    "var": 0.5
                }
            },
			{
                "code": "locustmod:temporalpowercell",
                "type": "item",
                "stacksize": 10,
                "stock": {
                    "avg": 2.5,
                    "var": 0.5
                },
                "price": {
                    "avg": 3.5,
                    "var": 0.5
                }
            },
			{
                "code": "locustmod:temporalessence",
                "type": "item",
                "stacksize": 2,
                "stock": {
                    "avg": 4,
                    "var": 1
                },
                "price": {
                    "avg": 1,
                    "var": 0
                }
            },
			 {
                "code": "game:metal-parts",
                "type": "block",
                "stacksize": 4,
                "stock": {
                    "avg": 2,
                    "var": 0.5
                },
                "price": {
                    "avg": 2,
                    "var": 0.5
                }
            }
        ]
    },
    "buying": {
        "maxItems": 12,
        "list": [
            {
                "code": "locustmod:bulb",
                "type": "item",
                "stacksize": 2,
                "stock": {
                    "avg": 2.5,
                    "var": 0.5
                },
                "price": {
                    "avg": 4,
                    "var": 0
                }
            },
			{
                "code": "locustmod:filament",
                "type": "item",
                "stacksize": 2,
                "stock": {
                    "avg": 4,
                    "var": 1
                },
                "price": {
                    "avg": 1,
                    "var": 0
                }
            },
			{
                "code": "locustmod:fieldresonator",
                "type": "item",
                "stacksize": 2,
                "stock": {
                    "avg": 2,
                    "var": 0
                },
                "price": {
                    "avg": 2.5,
                    "var": 0.5
                }
            },
			{
                "code": "locustmod:temporalpowercell",
                "type": "item",
                "stacksize": 10,
                "stock": {
                    "avg": 2.5,
                    "var": 0.5
                },
                "price": {
                    "avg": 2.5,
                    "var": 0.5
                }
            },
			{
                "code": "locustmod:plating",
                "type": "item",
                "stacksize": 2,
                "stock": {
                    "avg": 4,
                    "var": 1
                },
                "price": {
                    "avg": 3,
                    "var": 0
                }
            },
			{
                "code": "locustmod:temporalessence",
                "type": "item",
                "stacksize": 2,
                "stock": {
                    "avg": 3,
                    "var": 1
                },
                "price": {
                    "avg": 1,
                    "var": 0
                }
            },
			{
                "code": "locustmod:gloveframe",
                "type": "item",
                "stacksize": 1,
                "stock": {
                    "avg": 1,
                    "var": 0
                },
                "price": {
                    "avg": 21,
                    "var": 3
                }
            },
			{
                "code": "locustmod:brokenhaft",
                "type": "item",
                "stacksize": 1,
                "stock": {
                    "avg": 1,
                    "var": 0
                },
                "price": {
                    "avg": 19,
                    "var": 3
                }
            },
            {
                "code": "game:gear-temporal",
                "type": "item",
                "stacksize": 1,
                "stock": {
                    "avg": 2.5,
                    "var": 0.5
                },
                "price": {
                    "avg": 4,
                    "var": 0
                }
            },
			{
                "code": "game:metal-parts",
                "type": "block",
                "stacksize": 4,
                "stock": {
                    "avg": 3.5,
                    "var": 0.5
                },
                "price": {
                    "avg": 1,
                    "var": 0
                }
            }
	       ]
	    }
	 }
   },
   "server": {
      "pathfinder": { "maxTurnAnglePerSec": 1440, "minTurnAnglePerSec": 720 },
      "behaviors": [
	 {
	    "code": "nametag",
	    "selectFromRandomName": [ "Anni", "Björn", "Bright", "Carl", "Friedbert", "Harry", "Jagoda", "Krasni", "Любов", "Mira", "Paul", "Rudoplh", "Swetko", "Torborg", "Weng", "Wazlaf" ],
	    "showtagonlywhentargeted": true
	 },
	 { "code": "repulseagents" },
	 { "code": "controlledphysics", "stepHeight": 1.01 },
	 { "code": "reviveondeath", "maxHours": 72, "minHours": 24 },
	 { "code": "health", "currenthealth": 25, "maxhealth": 25 },
	 {
	    "code": "emotionstates",
	    "states": [
	       { "accumType": "noaccum", "chance": 0.0, "code": "aggressiveondamage", "duration": 0, "priority": 2, "slot": 0 },
	       { "accumType": "max", "chance": 0.0, "code": "fleeondamage", "duration": 0, "priority": 1, "slot": 0 }
	    ]
	 },
	 {
	    "aitasks": [
	       {
		  "code": "meleeattack",
		  "animation": "Attack",
		  "animationSpeed": 2,
		  "attackDurationMs": 900,
		  "damage": 5,
		  "damagePlayerAtMs": 300,
		  "entityCodes": [ "player" ],
		  "maxcooldown": 3500,
		  "mincooldown": 2500,
		  "priority": 2,
		  "whenInEmotionState": "aggressiveondamage"
	       },
	       {
		  "code": "seekentity",
		  "animation": "Run",
		  "animationSpeed": 1.75,
		  "entityCodes": [ "player" ],
		  "maxcooldown": 1500,
		  "mincooldown": 1000,
		  "movespeed": 0.035,
		  "priority": 1.5,
		  "seekingRange": 20,
		  "whenInEmotionState": "aggressiveondamage"
	       },
	       {
		  "code": "fleeentity",
		  "animation": "Run",
		  "animationSpeed": 1.75,
		  "entityCodes": [ "player" ],
		  "movespeed": 0.035,
		  "priority": 1.5,
		  "seekingRange": 12,
		  "whenInEmotionState": "fleeondamage"
	       },
	       {
		  "code": "idle",
		  "animation": "laugh",
		  "maxcooldown": 30000,
		  "maxduration": 2500,
		  "mincooldown": 5000,
		  "minduration": 2500,
		  "priority": 1.2
	       },
	       {
		  "code": "idle",
		  "animation": "idle2",
		  "maxcooldown": 30000,
		  "maxduration": 2500,
		  "mincooldown": 5000,
		  "minduration": 2500,
		  "priority": 1.2
	       },
	       {
		  "code": "wander",
		  "animation": "Walk",
		  "maxDistanceToSpawn": 4,
		  "movespeed": 0.01,
		  "priority": 1,
		  "teleportInGameHours": 1,
		  "teleportWhenOutOfRange": true,
		  "wanderChance": 0.005,
		  "wanderRangeMax": 3,
		  "wanderRangeMin": 1
	       },
	       {
		  "code": "lookaround",
		  "priority": 0.5
	       }
	    ],
	    "code": "taskai"
	 },
            { code: "conversable", dialogue: "config/dialogue/trader" }
      ],
   },
   "sounds": {}
}
