{
  "Ingredients": [
    {
      "type": "item",
      "code": "chemistrylib:soap",
      "quantity": 1
    },
    {
      "type": "item",
      "code": "game:salt",
      "quantity": 1
    },
    {
      "type": "item",
      "code": "game:waterportion",
      "quantity": 100
    }
  ],
  "Simmering": {
    "meltingPoint": 200,
    "meltingDuration": 250,
    "smeltedRatio": 1,
    "smeltingType": "bake",
    "smeltedStack": {
      "type": "item",
      "code": "chemistrylib:organicliquidportion-glycerin",
      "quantity": 5
    },
    "requiresContainer": true
  }
}