[
  {
    "Ingredients": [
      {
        "type": "item",
        "code": "game:lime",
        "quantity": 1
      },
      {
        "type": "item",
        "code": "game:ore-bituminouscoal",
        "quantity": 1
      },
      {
        "type": "item",
        "code": "chemistrylib:glauberssalt",
        "quantity": 2
      }
    ],
    "Simmering": {
      "meltingPoint": 200,
      "meltingDuration": 250,
      "smeltedRatio": 1,
      "smeltingType": "bake",
      "smeltedStack": {
        "type": "item",
        "code": "chemistrylib:sodaash",
        "quantity": 2
      },
      "requiresContainer": false
    }
  },
  {
    "Ingredients": [
      {
        "type": "item",
        "code": "game:lime",
        "quantity": 1
      },
      {
        "type": "item",
        "code": "game:ore-lignite",
        "quantity": 1
      },
      {
        "type": "item",
        "code": "chemistrylib:glauberssalt",
        "quantity": 2
      }
    ],
    "Simmering": {
      "meltingPoint": 200,
      "meltingDuration": 250,
      "smeltedRatio": 1,
      "smeltingType": "bake",
      "smeltedStack": {
        "type": "item",
        "code": "chemistrylib:sodaash",
        "quantity": 2
      },
      "requiresContainer": false
    }
  },
  {
    "Ingredients": [
      {
        "type": "item",
        "code": "game:lime",
        "quantity": 1
      },
      {
        "type": "item",
        "code": "game:ore-anthracite",
        "quantity": 1
      },
      {
        "type": "item",
        "code": "chemistrylib:glauberssalt",
        "quantity": 2
      }
    ],
    "Simmering": {
      "meltingPoint": 200,
      "meltingDuration": 250,
      "smeltedRatio": 1,
      "smeltingType": "bake",
      "smeltedStack": {
        "type": "item",
        "code": "chemistrylib:sodaash",
        "quantity": 2
      },
      "requiresContainer": false
    }
  },
  {
    "Ingredients": [
      {
        "type": "item",
        "code": "game:lime",
        "quantity": 1
      },
      {
        "type": "item",
        "code": "game:charcoal",
        "quantity": 1
      },
      {
        "type": "item",
        "code": "chemistrylib:glauberssalt",
        "quantity": 2
      }
    ],
    "Simmering": {
      "meltingPoint": 200,
      "meltingDuration": 250,
      "smeltedRatio": 1,
      "smeltingType": "bake",
      "smeltedStack": {
        "type": "item",
        "code": "chemistrylib:sodaash",
        "quantity": 2
      },
      "requiresContainer": false
    }
  }
]