{
  "code": "mineralacidportion",
  "class": "ItemLiquidPortion",
  "matterState": "liquid",
  "variantgroups": [
    {
      "code": "type",
      "states": [ "hydrochloric", "hydrofluoric", "nitric", "sulfuric", "aquaregia" ]
    }
  ],
  "attributes": {
    "handbook": {
      "ignoreCreativeInvStacks": true
    },
    "waterTightContainerProps": {
      "containable": true,
      "itemsPerLitre": 100,
      "texturebytype": {
        "*-hydrochloric": {
          "base": "block/liquid/clearliquid",
          "alpha": 180
        },
        "*-hydrofluoric": {
          "base": "block/liquid/clearliquid",
          "alpha": 180
        },
        "*-nitric": {
          "base": "block/liquid/nitricacid",
          "alpha": 180
        },
        "*-sulfuric": {
          "base": "game:block/liquid/ice/glacier1",
          "alpha": 180
        },
        "*-aquaregia": {
          "base": "block/liquid/nitricacid",
          "alpha": 80
        }
      },
      "allowSpill": true,
      "whenSpilled": {
        "action": "DropContents",
        "stack": {
          "type": "item",
          "code": "mineralacidportion-{type}",
          "states": [ "hydrochloric", "hydrofluoric", "nitric", "sulfuric", "aquaregia" ]
        }
      },
      "nutritionPropsPerLitreByType": {
        "*-hydrochloric": {
          "satiety": 0,
          "health": -300,
          "foodcategory": "NoNutrition"
        },
        "*-hydrofluoric": {
          "satiety": 0,
          "health": -1000,
          "foodcategory": "NoNutrition"
        },
        "*-nitric": {
          "satiety": 0,
          "health": -200,
          "foodcategory": "NoNutrition"
        },
        "*-sulfuric": {
          "satiety": 0,
          "health": -400,
          "foodcategory": "NoNutrition"
        },
        "*-aquaregia": {
          "satiety": 0,
          "health": -250,
          "foodcategory": "NoNutrition"
        }
      }
    }
  },
  "shape": { "base": "game:item/liquid" },
  "texturebytype": {
    "*-hydrochloric": {
      "base": "block/liquid/clearliquid",
      "alpha": 180
    },
    "*-hydrofluoric": {
      "base": "block/liquid/clearliquid",
      "alpha": 180
    },
    "*-nitric": {
      "base": "block/liquid/nitricacid",
      "alpha": 180
    },
    "*-sulfuric": {
      "base": "game:block/liquid/ice/glacier1",
      "alpha": 180
    },
    "*-aquaregia": {
      "base": "block/liquid/nitricacid",
      "alpha": 80
    }
  },
  "creativeinventoryStacks": [
    {
      "tabs": [ "general", "liquids", "chemistry" ],
      "stacks": [
        {
          "type": "block",
          "code": "game:woodbucket",
          "attributes": {
            "ucontents": [
              {
                "type": "item",
                "code": "chemistrylib:mineralacidportion-{type}",
                "states": [ "hydrochloric", "hydrofluoric", "nitric", "sulfuric", "aquaregia" ],
                "makefull": true
              }
            ]
          }
        }
      ]
    }
  ],
  "maxstacksize": 5000,
  "materialDensity": 200,
  "guiTransform": {
    "translation": {
      "x": 0,
      "y": 1,
      "z": 0
    },
    "rotation": {
      "x": 123,
      "y": -33,
      "z": -13
    },
    "origin": {
      "x": 0.5,
      "y": 0,
      "z": 0.5
    },
    "scale": 1.4
  },
  "fpHandTransform": {
    "translation": {
      "x": 0,
      "y": 0,
      "z": 0
    },
    "rotation": {
      "x": 25,
      "y": 157,
      "z": -5
    }
  },
  "tpHandTransform": {
    "translation": {
      "x": -1.5,
      "y": -1,
      "z": -1.4
    }
  }
}