﻿[
    {
        "op": "addeach",
        "path": "/ingredients/5/validStacks/-",
        "value": [
            {
                "type": "item",
                "code": "ancienttools:saltedmeat-redmeat-cooked",
                "shapeElement": "bowl/red meat/*",
                "texturemapping": [
                    "meat",
                    "group2"
                ],
            },
            {
                "type": "item",
                "code": "ancienttools:saltedmeat-bushmeat-cooked",
                "shapeElement": "bowl/red meat/*",
                "texturemapping": [
                    "meat",
                    "group7"
                ],
            },
            {
                "type": "item",
                "code": "ancienttools:saltedmeat-poultry-cooked",
                "shapeElement": "bowl/red meat/*",
                "texturemapping": [
                    "meat",
                    "group3"
                ],
            },
            {
                "type": "item",
                "code": "expandedfoods:saltedmeatnugget-redmeat-cookedpartbaked",
                "shapeElement": "bowl/meatnugget 1/*",
                "texturemapping": [
                    "meatnugget",
                    "redmeat-raw"
                ],
            },
            {
                "type": "item",
                "code": "expandedfoods:saltedmeatnugget-bushmeat-cookedpartbaked",
                "shapeElement": "bowl/meatnugget 1/*",
                "texturemapping": [
                    "meatnugget",
                    "bushmeat-raw"
                ],
            },
            {
                "type": "item",
                "code": "expandedfoods:saltedmeatnugget-poultry-cookedpartbaked",
                "shapeElement": "bowl/meatnugget 1/*",
                "texturemapping": [
                    "meatnugget",
                    "poultry-raw"
                ],
            },
            {
                "type": "item",
                "code": "expandedfoods:saltedmeatnugget-redmeat-cooked",
                "shapeElement": "bowl/meatnugget 1/*",
                "texturemapping": [
                    "meatnugget",
                    "redmeat-raw"
                ],
            },
            {
                "type": "item",
                "code": "expandedfoods:saltedmeatnugget-bushmeat-cooked",
                "shapeElement": "bowl/meatnugget 1/*",
                "texturemapping": [
                    "meatnugget",
                    "bushmeat-raw"
                ],
            },
            {
                "type": "item",
                "code": "expandedfoods:saltedmeatnugget-poultry-cooked",
                "shapeElement": "bowl/meatnugget 1/*",
                "texturemapping": [
                    "meatnugget",
                    "poultry-raw"
                ],
            },
            {
                "type": "item",
                "code": "expandedfoods:saltedmeatnugget-redmeat-cookedcharred",
                "shapeElement": "bowl/meatnugget 1/*",
                "texturemapping": [
                    "meatnugget",
                    "redmeat-raw"
                ],
            },
            {
                "type": "item",
                "code": "expandedfoods:saltedmeatnugget-bushmeat-cookedcharred",
                "shapeElement": "bowl/meatnugget 1/*",
                "texturemapping": [
                    "meatnugget",
                    "bushmeat-raw"
                ],
            },
            {
                "type": "item",
                "code": "expandedfoods:saltedmeatnugget-poultry-cookedcharred",
                "shapeElement": "bowl/meatnugget 1/*",
                "texturemapping": [
                    "meatnugget",
                    "poultry-raw"
                ],
            },
            {
                "type": "item",
                "code": "expandedfoods:saltedmeatnugget-redmeat-tenderpartbaked",
                "shapeElement": "bowl/red meat/*",
                "texturemapping": [
                    "meat",
                    "group2"
                ],
            },
            {
                "type": "item",
                "code": "expandedfoods:saltedmeatnugget-bushmeat-tenderpartbaked",
                "shapeElement": "bowl/red meat/*",
                "texturemapping": [
                    "meat",
                    "group7"
                ],
            },
            {
                "type": "item",
                "code": "expandedfoods:saltedmeatnugget-poultry-tenderpartbaked",
                "shapeElement": "bowl/red meat/*",
                "texturemapping": [
                    "meat",
                    "group3"
                ],
            },
            {
                "type": "item",
                "code": "expandedfoods:saltedmeatnugget-redmeat-tender",
                "shapeElement": "bowl/red meat/*",
                "texturemapping": [
                    "meat",
                    "group2"
                ],
            },
            {
                "type": "item",
                "code": "expandedfoods:saltedmeatnugget-bushmeat-tender",
                "shapeElement": "bowl/red meat/*",
                "texturemapping": [
                    "meat",
                    "group7"
                ],
            },
            {
                "type": "item",
                "code": "expandedfoods:saltedmeatnugget-poultry-tender",
                "shapeElement": "bowl/red meat/*",
                "texturemapping": [
                    "meat",
                    "group3"
                ],
            },
            {
                "type": "item",
                "code": "expandedfoods:saltedmeatnugget-redmeat-tendercharred",
                "shapeElement": "bowl/red meat/*",
                "texturemapping": [
                    "meat",
                    "group2"
                ],
            },
            {
                "type": "item",
                "code": "expandedfoods:saltedmeatnugget-bushmeat-tendercharred",
                "shapeElement": "bowl/red meat/*",
                "texturemapping": [
                    "meat",
                    "group7"
                ],
            },
            {
                "type": "item",
                "code": "expandedfoods:saltedmeatnugget-poultry-tendercharred",
                "shapeElement": "bowl/red meat/*",
                "texturemapping": [
                    "meat",
                    "group3"
                ],
            },
        ],
    "file": "recipes/mixing/salad.json",
    "side": "server",
    dependsOn: [{ "modid": "ancienttools" }]
  },
  {
    "op": "addeach",
    "path": "/ingredients/2/validStacks/-",
    "value": [{ type: "item", code: "expandedfoods:breadedvegetable-birch-*-partbaked",  shapeElement: "bowl/vegetable 3/*", textureMapping: ["vegetable", "breading-birch-partbaked"]}, { type: "item", code: "expandedfoods:breadedvegetable-birch-*-cooked",  shapeElement: "bowl/vegetable 3/*", textureMapping: ["vegetable", "breading-birch"]}, { type: "item", code: "expandedfoods:breadedvegetable-birch-*-charred",  shapeElement: "bowl/vegetable 3/*", textureMapping: ["vegetable", "breading-birch-charred"]}, { type: "item", code: "expandedfoods:breadedvegetable-birch-*-syruppartbaked",  shapeElement: "bowl/vegetable 3/*", textureMapping: ["vegetable", "breading-birch-syrup"]}, { type: "item", code: "expandedfoods:breadedvegetable-birch-*-syrupv",  shapeElement: "bowl/vegetable 3/*", textureMapping: ["vegetable", "breading-birch-*-syrup"]}, { type: "item", code: "expandedfoods:breadedvegetable-birch-*-syrupcharred",  shapeElement: "bowl/vegetable 3/*", textureMapping: ["vegetable", "breading-birch-syrup"]}, { type: "item", code: "expandedfoods:breadedmushroom-birch-partbaked",  shapeElement: "bowl/vegetable 3/*", textureMapping: ["vegetable", "breading-birch-partbaked"]}, { type: "item", code: "expandedfoods:breadedmushroom-birch-cooked",  shapeElement: "bowl/vegetable 3/*", textureMapping: ["vegetable", "breading-birch"]}, { type: "item", code: "expandedfoods:breadedmushroom-birch-charred",  shapeElement: "bowl/vegetable 3/*", textureMapping: ["vegetable", "breading-birch-charred"]}, { type: "item", code: "expandedfoods:breadedmushroom-birch-syruppartbaked",  shapeElement: "bowl/vegetable 3/*", textureMapping: ["vegetable", "breading-birch-syrup"]}, { type: "item", code: "expandedfoods:breadedmushroom-birch-syrup",  shapeElement: "bowl/vegetable 3/*", textureMapping: ["vegetable", "breading-birch-syrup"]}, { type: "item", code: "expandedfoods:breadedmushroom-birch-syrupcharred",  shapeElement: "bowl/vegetable 3/*", textureMapping: ["vegetable", "breading-birch-syrup"]}, { type: "item", code: "expandedfoods:breadedvegetable-pine-*-partbaked",  shapeElement: "bowl/vegetable 3/*", textureMapping: ["vegetable", "breading-pine-partbaked"]}, { type: "item", code: "expandedfoods:breadedvegetable-pine-*-cooked",  shapeElement: "bowl/vegetable 3/*", textureMapping: ["vegetable", "breading-pine"]}, { type: "item", code: "expandedfoods:breadedvegetable-pine-*-charred",  shapeElement: "bowl/vegetable 3/*", textureMapping: ["vegetable", "breading-pine-charred"]}, { type: "item", code: "expandedfoods:breadedvegetable-pine-*-syruppartbaked",  shapeElement: "bowl/vegetable 3/*", textureMapping: ["vegetable", "breading-pine-syrup"]}, { type: "item", code: "expandedfoods:breadedvegetable-pine-*-syrupv",  shapeElement: "bowl/vegetable 3/*", textureMapping: ["vegetable", "breading-pine-syrup"]}, { type: "item", code: "expandedfoods:breadedvegetable-pine-*-syrupcharred",  shapeElement: "bowl/vegetable 3/*", textureMapping: ["vegetable", "breading-pine-syrup"]}, { type: "item", code: "expandedfoods:breadedmushroom-pine-partbaked",  shapeElement: "bowl/vegetable 3/*", textureMapping: ["vegetable", "breading-pine-partbaked"]}, { type: "item", code: "expandedfoods:breadedmushroom-pine-cooked",  shapeElement: "bowl/vegetable 3/*", textureMapping: ["vegetable", "breading-pine"]}, { type: "item", code: "expandedfoods:breadedmushroom-pine-charred",  shapeElement: "bowl/vegetable 3/*", textureMapping: ["vegetable", "breading-pine-charred"]}, { type: "item", code: "expandedfoods:breadedmushroom-pine-syruppartbaked",  shapeElement: "bowl/vegetable 3/*", textureMapping: ["vegetable", "breading-pine-syrup"]}, { type: "item", code: "expandedfoods:breadedmushroom-pine-syrup",  shapeElement: "bowl/vegetable 3/*", textureMapping: ["vegetable", "breading-pine-syrup"]}, { type: "item", code: "expandedfoods:breadedmushroom-pine-syrupcharred",  shapeElement: "bowl/vegetable 3/*", textureMapping: ["vegetable", "breading-pine-syrup"]},],
    "file": "recipes/mixing/salad.json",
    "side": "server",
    dependsOn: [{ "modid": "ancienttools" }]
  },
  {
    "op": "addeach",
    "path": "/ingredients/3/validStacks/-",
    "value": [{ type: "item", code: "expandedfoods:breadedvegetable-birch-*-partbaked",  shapeElement: "bowl/vegetable 4/*", textureMapping: ["vegetable", "breading-birch-partbaked"]}, { type: "item", code: "expandedfoods:breadedvegetable-birch-*-cooked",  shapeElement: "bowl/vegetable 4/*", textureMapping: ["vegetable", "breading-birch"]}, { type: "item", code: "expandedfoods:breadedvegetable-birch-*-charred",  shapeElement: "bowl/vegetable 4/*", textureMapping: ["vegetable", "breading-birch-charred"]}, { type: "item", code: "expandedfoods:breadedvegetable-birch-*-syruppartbaked",  shapeElement: "bowl/vegetable 4/*", textureMapping: ["vegetable", "breading-birch-syrup"]}, { type: "item", code: "expandedfoods:breadedvegetable-birch-*-syrupv",  shapeElement: "bowl/vegetable 4/*", textureMapping: ["vegetable", "breading-birch-syrup"]}, { type: "item", code: "expandedfoods:breadedvegetable-birch-*-syrupcharred",  shapeElement: "bowl/vegetable 4/*", textureMapping: ["vegetable", "breading-birch-syrup"]}, { type: "item", code: "expandedfoods:breadedmushroom-birch-partbaked",  shapeElement: "bowl/vegetable 4/*", textureMapping: ["vegetable", "breading-birch-partbaked"]}, { type: "item", code: "expandedfoods:breadedmushroom-birch-cooked",  shapeElement: "bowl/vegetable 4/*", textureMapping: ["vegetable", "breading-birch"]}, { type: "item", code: "expandedfoods:breadedmushroom-birch-charred",  shapeElement: "bowl/vegetable 4/*", textureMapping: ["vegetable", "breading-birch-charred"]}, { type: "item", code: "expandedfoods:breadedmushroom-birch-syruppartbaked",  shapeElement: "bowl/vegetable 4/*", textureMapping: ["vegetable", "breading-birch-syrup"]}, { type: "item", code: "expandedfoods:breadedmushroom-birch-syrup",  shapeElement: "bowl/vegetable 4/*", textureMapping: ["vegetable", "breading-birch-syrup"]}, { type: "item", code: "expandedfoods:breadedmushroom-birch-syrupcharred",  shapeElement: "bowl/vegetable 4/*", textureMapping: ["vegetable", "breading-birch-syrup"]}, { type: "item", code: "expandedfoods:breadedvegetable-pine-*-partbaked",  shapeElement: "bowl/vegetable 4/*", textureMapping: ["vegetable", "breading-pine-partbaked"]}, { type: "item", code: "expandedfoods:breadedvegetable-pine-*-cooked",  shapeElement: "bowl/vegetable 4/*", textureMapping: ["vegetable", "breading-pine"]}, { type: "item", code: "expandedfoods:breadedvegetable-pine-*-charred",  shapeElement: "bowl/vegetable 4/*", textureMapping: ["vegetable", "breading-pine-charred"]}, { type: "item", code: "expandedfoods:breadedvegetable-pine-*-syruppartbaked",  shapeElement: "bowl/vegetable 4/*", textureMapping: ["vegetable", "breading-pine-syrup"]}, { type: "item", code: "expandedfoods:breadedvegetable-pine-*-syrupv",  shapeElement: "bowl/vegetable 4/*", textureMapping: ["vegetable", "breading-pine-syrup"]}, { type: "item", code: "expandedfoods:breadedvegetable-pine-*-syrupcharred",  shapeElement: "bowl/vegetable 4/*", textureMapping: ["vegetable", "breading-pine-syrup"]}, { type: "item", code: "expandedfoods:breadedmushroom-pine-partbaked",  shapeElement: "bowl/vegetable 4/*", textureMapping: ["vegetable", "breading-pine-partbaked"]}, { type: "item", code: "expandedfoods:breadedmushroom-pine-cooked",  shapeElement: "bowl/vegetable 4/*", textureMapping: ["vegetable", "breading-pine"]}, { type: "item", code: "expandedfoods:breadedmushroom-pine-charred",  shapeElement: "bowl/vegetable 4/*", textureMapping: ["vegetable", "breading-pine-charred"]}, { type: "item", code: "expandedfoods:breadedmushroom-pine-syruppartbaked",  shapeElement: "bowl/vegetable 4/*", textureMapping: ["vegetable", "breading-pine-syrup"]}, { type: "item", code: "expandedfoods:breadedmushroom-pine-syrup",  shapeElement: "bowl/vegetable 4/*", textureMapping: ["vegetable", "breading-pine-syrup"]}, { type: "item", code: "expandedfoods:breadedmushroom-pine-syrupcharred",  shapeElement: "bowl/vegetable 4/*", textureMapping: ["vegetable", "breading-pine-syrup"]},],
    "file": "recipes/mixing/salad.json",
    "side": "server",
    dependsOn: [{ "modid": "ancienttools" }]
  },
  {
    "op": "addeach",
    "path": "/ingredients/5/validStacks/-",
    "value": [{ type: "item", code: "expandedfoods:breadedmeatnugget-birch-bushmeat-syruppartbaked",  shapeElement: "bowl/red meat/*", textureMapping: ["meat", "breading-birch-syrup"]  }, { type: "item", code: "expandedfoods:breadedmeatnugget-birch-poultry-syruppartbaked",  shapeElement: "bowl/poultry/*", textureMapping: ["meat", "breading-birch-syrup"]  }, { type: "item", code: "expandedfoods:breadedmeatnugget-birch-redmeat-syruppartbaked",  shapeElement: "bowl/red meat/*", textureMapping: ["meat", "breading-birch-syrup"]  }, { type: "item", code: "expandedfoods:breadedmeatnugget-birch-bushmeat-syrups",  shapeElement: "bowl/red meat/*", textureMapping: ["meat", "breading-birch-syrup"]  }, { type: "item", code: "expandedfoods:breadedmeatnugget-birch-poultry-syrups",  shapeElement: "bowl/poultry/*", textureMapping: ["meat", "breading-birch-syrup"]  }, { type: "item", code: "expandedfoods:breadedmeatnugget-birch-redmeat-syrups",  shapeElement: "bowl/red meat/*", textureMapping: ["meat", "breading-birch-syrup"]  },  { type: "item", code: "expandedfoods:breadedmeatnugget-birch-bushmeat-syrupcharred",  shapeElement: "bowl/red meat/*", textureMapping: ["meat", "breading-birch-syrup"]  }, { type: "item", code: "expandedfoods:breadedmeatnugget-birch-poultry-syrupcharred",  shapeElement: "bowl/poultry/*", textureMapping: ["meat", "breading-birch-syrup"]  }, { type: "item", code: "expandedfoods:breadedmeatnugget-birch-redmeat-syrupcharred",  shapeElement: "bowl/red meat/*", textureMapping: ["meat", "breading-birch-syrup"]  }, { type: "item", code: "expandedfoods:breadedmeatnugget-birch-bushmeat-partbaked",  shapeElement: "bowl/red meat/*", textureMapping: ["meat", "breading-birch-partbaked"]  }, { type: "item", code: "expandedfoods:breadedmeatnugget-birch-poultry-partbaked",  shapeElement: "bowl/poultry/*", textureMapping: ["meat", "breading-birch-partbaked"]  }, { type: "item", code: "expandedfoods:breadedmeatnugget-birch-redmeat-partbaked",  shapeElement: "bowl/red meat/*", textureMapping: ["meat", "breading-birch-partbaked"]  }, { type: "item", code: "expandedfoods:breadedmeatnugget-birch-bushmeat-tender",  shapeElement: "bowl/red meat/*", textureMapping: ["meat", "breading-birch"]  }, { type: "item", code: "expandedfoods:breadedmeatnugget-birch-poultry-tender",  shapeElement: "bowl/poultry/*", textureMapping: ["meat", "breading-birch"]  }, { type: "item", code: "expandedfoods:breadedmeatnugget-birch-redmeat-tender",  shapeElement: "bowl/red meat/*", textureMapping: ["meat", "breading-birch"]  }, { type: "item", code: "expandedfoods:breadedmeatnugget-birch-bushmeat-charred",  shapeElement: "bowl/red meat/*", textureMapping: ["meat", "breading-birch-charred"]  }, { type: "item", code: "expandedfoods:breadedmeatnugget-birch-poultry-charred",  shapeElement: "bowl/poultry/*", textureMapping: ["meat", "breading-birch-charred"]  }, { type: "item", code: "expandedfoods:breadedmeatnugget-birch-redmeat-charred",  shapeElement: "bowl/red meat/*", textureMapping: ["meat", "breading-birch-charred"]  }, { type: "item", code: "expandedfoods:breadedmeatnugget-pine-bushmeat-syruppartbaked",  shapeElement: "bowl/red meat/*", textureMapping: ["meat", "breading-pine-syrup"]  }, { type: "item", code: "expandedfoods:breadedmeatnugget-pine-poultry-syruppartbaked",  shapeElement: "bowl/poultry/*", textureMapping: ["meat", "breading-pine-syrup"]  }, { type: "item", code: "expandedfoods:breadedmeatnugget-pine-redmeat-syruppartbaked",  shapeElement: "bowl/red meat/*", textureMapping: ["meat", "breading-pine-syrup"]  }, { type: "item", code: "expandedfoods:breadedmeatnugget-pine-bushmeat-syrups",  shapeElement: "bowl/red meat/*", textureMapping: ["meat", "breading-pine-syrup"]  }, { type: "item", code: "expandedfoods:breadedmeatnugget-pine-poultry-syrups",  shapeElement: "bowl/poultry/*", textureMapping: ["meat", "breading-pine-syrup"]  }, { type: "item", code: "expandedfoods:breadedmeatnugget-pine-redmeat-syrups",  shapeElement: "bowl/red meat/*", textureMapping: ["meat", "breading-pine-syrup"]  },  { type: "item", code: "expandedfoods:breadedmeatnugget-pine-bushmeat-syrupcharred",  shapeElement: "bowl/red meat/*", textureMapping: ["meat", "breading-pine-syrup"]  }, { type: "item", code: "expandedfoods:breadedmeatnugget-pine-poultry-syrupcharred",  shapeElement: "bowl/poultry/*", textureMapping: ["meat", "breading-pine-syrup"]  }, { type: "item", code: "expandedfoods:breadedmeatnugget-pine-redmeat-syrupcharred",  shapeElement: "bowl/red meat/*", textureMapping: ["meat", "breading-pine-syrup"]  }, { type: "item", code: "expandedfoods:breadedmeatnugget-pine-bushmeat-partbaked",  shapeElement: "bowl/red meat/*", textureMapping: ["meat", "breading-pine-partbaked"]  }, { type: "item", code: "expandedfoods:breadedmeatnugget-pine-poultry-partbaked",  shapeElement: "bowl/poultry/*", textureMapping: ["meat", "breading-pine-partbaked"]  }, { type: "item", code: "expandedfoods:breadedmeatnugget-pine-redmeat-partbaked",  shapeElement: "bowl/red meat/*", textureMapping: ["meat", "breading-pine-partbaked"]  }, { type: "item", code: "expandedfoods:breadedmeatnugget-pine-bushmeat-tender",  shapeElement: "bowl/red meat/*", textureMapping: ["meat", "breading-pine"]  }, { type: "item", code: "expandedfoods:breadedmeatnugget-pine-poultry-tender",  shapeElement: "bowl/poultry/*", textureMapping: ["meat", "breading-pine"]  }, { type: "item", code: "expandedfoods:breadedmeatnugget-pine-redmeat-tender",  shapeElement: "bowl/red meat/*", textureMapping: ["meat", "breading-pine"]  }, { type: "item", code: "expandedfoods:breadedmeatnugget-pine-bushmeat-charred",  shapeElement: "bowl/red meat/*", textureMapping: ["meat", "breading-pine-charred"]  }, { type: "item", code: "expandedfoods:breadedmeatnugget-pine-poultry-charred",  shapeElement: "bowl/poultry/*", textureMapping: ["meat", "breading-pine-charred"]  }, { type: "item", code: "expandedfoods:breadedmeatnugget-pine-redmeat-charred",  shapeElement: "bowl/red meat/*", textureMapping: ["meat", "breading-pine-charred"]  },  ],
    "file": "recipes/mixing/salad.json",
    "side": "server",
    dependsOn: [{ "modid": "ancienttools" }]
  },
  {
    "op": "addeach",
    "path": "/ingredients/12/validStacks/-",
    "value": [{ type: "item", code: "expandedfoods:breadedball-birch-partbaked", shapeElement: "bowl/meatnugget 1/*", textureMapping: ["meatnugget", "breading-birch-partbaked"] }, { type: "item", code: "expandedfoods:breadedball-birch-cooked", shapeElement: "bowl/meatnugget 1/*", textureMapping: ["meatnugget", "breading-birch"] }, { type: "item", code: "expandedfoods:breadedball-birch-charred", shapeElement: "bowl/meatnugget 1/*", textureMapping: ["meatnugget", "breading-birch-charred"] }, { type: "item", code: "expandedfoods:breadedball-birch-syruppartbaked", shapeElement: "bowl/meatnugget 1/*", textureMapping: ["meatnugget", "breading-birch-syrup"] }, { type: "item", code: "expandedfoods:breadedball-birch-syrup", shapeElement: "bowl/meatnugget 1/*", textureMapping: ["meatnugget", "breading-birch-syrup"] }, { type: "item", code: "expandedfoods:breadedball-birch-syrupcharred", shapeElement: "bowl/meatnugget 1/*", textureMapping: ["meatnugget", "breading-birch-syrup"] }, { type: "item", code: "expandedfoods:breadedball-pine-partbaked", shapeElement: "bowl/meatnugget 1/*", textureMapping: ["meatnugget", "breading-pine-partbaked"] }, { type: "item", code: "expandedfoods:breadedball-pine-cooked", shapeElement: "bowl/meatnugget 1/*", textureMapping: ["meatnugget", "breading-pine"] }, { type: "item", code: "expandedfoods:breadedball-pine-charred", shapeElement: "bowl/meatnugget 1/*", textureMapping: ["meatnugget", "breading-pine-charred"] }, { type: "item", code: "expandedfoods:breadedball-pine-syruppartbaked", shapeElement: "bowl/meatnugget 1/*", textureMapping: ["meatnugget", "breading-pine-syrup"] }, { type: "item", code: "expandedfoods:breadedball-pine-syrup", shapeElement: "bowl/meatnugget 1/*", textureMapping: ["meatnugget", "breading-pine-syrup"] }, { type: "item", code: "expandedfoods:breadedball-pine-syrupcharred", shapeElement: "bowl/meatnugget 1/*", textureMapping: ["meatnugget", "breading-pine-syrup"] },],
    "file": "recipes/mixing/salad.json",
    "side": "server",
    dependsOn: [{ "modid": "ancienttools" }]
  },
]