{
	"editor": {
		"collapsedPaths": "Root/LowerTorso/UpperTorso/UpperArmR/LowerArmR/billhook",
		"allAngles": true,
		"entityTextureMode": true
	},
	"textureWidth": 64,
	"textureHeight": 64,
	"textureSizes": {
		"seraph": [64,64]
	},
	"textures": {
		"poacher1": "entity/bandit/poacher1",
		"spearwood": "entity/spearwood",
		"hunterbackpack": "item/bag/hunterbackpack",
		"copper": "item/tool/material/copper",
		"string": "item/tool/material/string"
	},
	"elements": [
		{
			"name": "LowerTorso",
			"from": [ 6.0, 15.1, 5.2 ],
			"to": [ 11.0, 19.4, 11.2 ],
			"unwrapMode": 4,
			"uv": [ 25.0, 7.0 ],
			"rotationOrigin": [ 8.0, 15.1, 8.2 ],
			"rotationZ": 3.0,
			"faces": {
				"north": { "texture": "#poacher1", "uv": [ 25.0, 10.0, 46.0, 15.0 ], "autoUv": false },
				"east": { "texture": "#poacher1", "uv": [ 57.0, 10.0, 63.0, 15.0 ], "autoUv": false },
				"south": { "texture": "#poacher1", "uv": [ 52.0, 10.0, 57.0, 15.0 ], "autoUv": false },
				"west": { "texture": "#poacher1", "uv": [ 46.0, 10.0, 52.0, 15.0 ], "autoUv": false },
				"up": { "texture": "#poacher1", "uv": [ 46.0, 7.0, 40.0, 10.0 ], "rotation": 90, "autoUv": false },
				"down": { "texture": "#poacher1", "uv": [ 46.0, 15.0, 40.0, 15.0 ], "rotation": 90, "autoUv": false }
			},
			"children": [
				{
					"name": "UpperTorso",
					"from": [ 0.0, 4.1, -0.15 ],
					"to": [ 5.3, 9.1, 6.15 ],
					"uv": [ 52.0, 2.0 ],
					"rotationOrigin": [ 2.0, 4.8, 3.0 ],
					"rotationZ": -6.0,
					"faces": {
						"north": { "texture": "#poacher1", "uv": [ 41.0, 5.0, 46.0, 10.0 ], "autoUv": false },
						"east": { "texture": "#poacher1", "uv": [ 57.0, 5.0, 63.0, 10.0 ], "autoUv": false },
						"south": { "texture": "#poacher1", "uv": [ 52.0, 5.0, 57.0, 10.0 ], "autoUv": false },
						"west": { "texture": "#poacher1", "uv": [ 46.0, 5.0, 52.0, 10.0 ], "autoUv": false },
						"up": { "texture": "#poacher1", "uv": [ 46.0, 0.0, 52.0, 5.0 ], "rotation": 90, "autoUv": false },
						"down": { "texture": "#poacher1", "uv": [ 34.0, 5.0, 40.0, 10.0 ], "rotation": 90, "autoUv": false }
					},
					"children": [
						{
							"name": "UpperArmL",
							"from": [ 1.0, -2.1, 5.4 ],
							"to": [ 4.0, 4.9, 7.4 ],
							"unwrapMode": 4,
							"uv": [ 42.0, 38.5 ],
							"rotationOrigin": [ 2.0, 4.7, 5.2 ],
							"rotationX": -10.0,
							"faces": {
								"north": { "texture": "#poacher1", "uv": [ 42.0, 41.5, 45.0, 48.5 ] },
								"east": { "texture": "#poacher1", "uv": [ 50.0, 41.5, 52.0, 48.5 ] },
								"south": { "texture": "#poacher1", "uv": [ 47.0, 41.5, 50.0, 48.5 ] },
								"west": { "texture": "#poacher1", "uv": [ 45.0, 41.5, 47.0, 48.5 ] },
								"up": { "texture": "#poacher1", "uv": [ 45.0, 38.5, 47.0, 41.5 ], "rotation": 90 },
								"down": { "texture": "#poacher1", "uv": [ 45.0, 48.5, 47.0, 51.5 ], "rotation": 90 }
							},
							"children": [
								{
									"name": "LowerArmL",
									"from": [ 0.2, -7.3, -0.1 ],
									"to": [ 2.7, 0.7, 1.9 ],
									"unwrapMode": 4,
									"uv": [ 42.5, 49.0 ],
									"rotationOrigin": [ 1.4, 0.7, 0.9 ],
									"rotationX": 8.0,
									"rotationZ": -6.0,
									"faces": {
										"north": { "texture": "#poacher1", "uv": [ 42.5, 51.5, 45.0, 59.5 ] },
										"east": { "texture": "#poacher1", "uv": [ 49.5, 51.5, 51.5, 59.5 ] },
										"south": { "texture": "#poacher1", "uv": [ 47.0, 51.5, 49.5, 59.5 ] },
										"west": { "texture": "#poacher1", "uv": [ 45.0, 51.5, 47.0, 59.5 ] },
										"up": { "texture": "#poacher1", "uv": [ 45.0, 49.0, 47.0, 51.5 ], "rotation": 90 },
										"down": { "texture": "#poacher1", "uv": [ 45.0, 59.5, 47.0, 62.0 ], "rotation": 90 }
									},
									"attachmentpoints": [
										{
											"code": "LeftHand",
											"posX": "1.0","posY": "1.0","posZ": "1.0",
											"rotationX": "0.0","rotationY": "-180.0","rotationZ": "0.0"
										}
									]
								}
							]
						},
						{
							"name": "Neck",
							"from": [ 1.5, 3.9, 1.6 ],
							"to": [ 4.5, 7.9, 4.6 ],
							"unwrapMode": 4,
							"uv": [ 12.0, 1.0 ],
							"rotationOrigin": [ 3.2, 3.6, 3.1 ],
							"rotationZ": 12.0,
							"faces": {
								"north": { "texture": "#poacher1", "uv": [ 12.0, 1.0, 15.0, 5.0 ] },
								"east": { "texture": "#poacher1", "uv": [ 21.0, 1.0, 24.0, 5.0 ] },
								"south": { "texture": "#poacher1", "uv": [ 18.0, 1.0, 21.0, 5.0 ] },
								"west": { "texture": "#poacher1", "uv": [ 15.0, 1.0, 18.0, 5.0 ] }
							},
							"children": [
								{
									"name": "Head",
									"from": [ -1.7, 2.0, -1.0 ],
									"to": [ 4.3, 7.0, 4.0 ],
									"unwrapMode": 4,
									"uv": [ 0.0, 0.0 ],
									"rotationOrigin": [ 2.7, 2.0, 1.5 ],
									"rotationZ": 2.0,
									"faces": {
										"north": { "texture": "#poacher1", "uv": [ 0.0, 6.0, 6.0, 11.0 ] },
										"east": { "texture": "#poacher1", "uv": [ 17.0, 6.0, 22.0, 11.0 ] },
										"south": { "texture": "#poacher1", "uv": [ 11.0, 6.0, 17.0, 11.0 ] },
										"west": { "texture": "#poacher1", "uv": [ 6.0, 6.0, 11.0, 11.0 ] },
										"up": { "texture": "#poacher1", "uv": [ 6.0, 0.0, 11.0, 6.0 ], "rotation": 90 },
										"down": { "texture": "#poacher1", "uv": [ 6.0, 11.0, 11.0, 17.0 ], "rotation": 90 }
									},
									"children": [
										{
											"name": "Hair",
											"from": [ -0.2, -3.1, -0.2 ],
											"to": [ 6.2, 5.3, 5.2 ],
											"uv": [ 8.0, 13.0 ],
											"rotationOrigin": [ 1.9, 2.0, 1.9 ],
											"faces": {
												"north": { "texture": "#poacher1", "uv": [ 8.0, 19.0, 14.0, 27.0 ] },
												"east": { "texture": "#poacher1", "uv": [ 25.0, 19.0, 30.0, 27.0 ] },
												"south": { "texture": "#poacher1", "uv": [ 19.0, 19.0, 25.0, 27.0 ] },
												"west": { "texture": "#poacher1", "uv": [ 14.0, 19.0, 19.0, 27.0 ] },
												"up": { "texture": "#poacher1", "uv": [ 14.0, 13.0, 18.375, 19.375 ], "rotation": 90, "autoUv": false }
											}
										}
									],
									"attachmentpoints": [
										{
											"code": "Eyes",
											"posX": "1.3","posY": "3.5","posZ": "2.5",
											"rotationX": "0.0","rotationY": "-90.0","rotationZ": "0.0"
										}
									]
								}
							]
						},
						{
							"name": "UpperArmR",
							"from": [ 1.0, -2.1, -1.2 ],
							"to": [ 4.0, 4.9, 0.8 ],
							"unwrapMode": 4,
							"autoUnwrap": false,
							"uv": [ 31.0, 36.0 ],
							"rotationOrigin": [ 2.0, 4.7, 0.8 ],
							"rotationX": 10.0,
							"faces": {
								"north": { "texture": "#poacher1", "uv": [ 33.0, 41.5, 36.0, 48.5 ] },
								"east": { "texture": "#poacher1", "uv": [ 31.0, 41.5, 33.0, 48.5 ] },
								"south": { "texture": "#poacher1", "uv": [ 38.0, 41.5, 41.0, 48.5 ] },
								"west": { "texture": "#poacher1", "uv": [ 36.0, 41.5, 38.0, 48.5 ] },
								"up": { "texture": "#poacher1", "uv": [ 36.0, 38.5, 38.0, 41.5 ], "rotation": 90 },
								"down": { "texture": "#poacher1", "uv": [ 36.0, 48.5, 38.0, 51.5 ], "rotation": 90 }
							},
							"children": [
								{
									"name": "LowerArmR",
									"from": [ 0.1, -7.3, 0.1 ],
									"to": [ 2.6, 0.7, 2.1 ],
									"unwrapMode": 4,
									"autoUnwrap": false,
									"uv": [ 31.5, 49.0 ],
									"rotationOrigin": [ 1.3, 0.7, 1.1 ],
									"rotationX": -8.0,
									"rotationZ": -6.0,
									"faces": {
										"north": { "texture": "#poacher1", "uv": [ 33.5, 51.5, 36.0, 59.5 ] },
										"east": { "texture": "#poacher1", "uv": [ 31.5, 51.5, 33.5, 59.5 ] },
										"south": { "texture": "#poacher1", "uv": [ 38.0, 51.5, 40.5, 59.5 ] },
										"west": { "texture": "#poacher1", "uv": [ 36.0, 51.5, 38.0, 59.5 ] },
										"up": { "texture": "#poacher1", "uv": [ 36.0, 49.0, 38.0, 51.5 ], "rotation": 90 },
										"down": { "texture": "#poacher1", "uv": [ 36.0, 59.5, 38.0, 62.0 ], "rotation": 90 }
									},
									"children": [
										{
											"name": "spear",
											"from": [ 8.5753, 1.2027, 4.7624 ],
											"to": [ 8.5753, 1.2027, 4.7624 ],
											"uv": [ 0.0, -1.0 ],
											"rotationOrigin": [ -1.4223, -1.2992, 3.0611 ],
											"rotationX": -179.686,
											"rotationY": 2.984,
											"rotationZ": -178.008,
											"faces": {
												"north": { "texture": "#poacher1", "uv": [ 0.0, -0.5, 0.5, 0.0 ] },
												"east": { "texture": "#poacher1", "uv": [ 0.5, -0.5, 1.0, 0.0 ] },
												"south": { "texture": "#poacher1", "uv": [ 1.0, -0.5, 1.5, 0.0 ] },
												"west": { "texture": "#poacher1", "uv": [ 1.5, -0.5, 2.0, 0.0 ] },
												"up": { "texture": "#poacher1", "uv": [ 0.0, -1.0, 0.5, -0.5 ] },
												"down": { "texture": "#poacher1", "uv": [ 0.5, -1.0, 1.0, -0.5 ] }
											},
											"children": [
												{
													"name": "handle",
													"from": [ -8.0, -0.5, -0.5 ],
													"to": [ 8.0, 1.0, 1.0 ],
													"uv": [ 0.0, 0.5 ],
													"rotationOrigin": [ -9.5, -8.0, 0.0 ],
													"faces": {
														"north": { "texture": "#spearwood", "uv": [ 0.0, 5.5, 16.0, 7.0 ] },
														"east": { "texture": "#spearwood", "uv": [ 7.0, 0.5, 8.5, 2.0 ] },
														"south": { "texture": "#spearwood", "uv": [ 0.0, 10.5, 16.0, 12.0 ] },
														"west": { "texture": "#spearwood", "uv": [ 14.0, 10.0, 15.5, 11.5 ] },
														"up": { "texture": "#spearwood", "uv": [ 0.0, 4.5, 16.0, 6.0 ] },
														"down": { "texture": "#spearwood", "uv": [ 0.0, 5.0, 16.0, 6.5 ] }
													},
													"children": [
														{
															"name": "Cube24",
															"from": [ 16.0, 0.0, 0.0 ],
															"to": [ 18.0, 1.0, 1.5 ],
															"uv": [ 0.0, 0.0 ],
															"rotationOrigin": [ 16.0, 0.0, 0.0 ],
															"faces": {
																"north": { "texture": "#spearwood", "uv": [ 11.0, 8.0, 13.0, 9.0 ] },
																"east": { "texture": "#spearwood", "uv": [ 3.0, 4.0, 4.5, 5.0 ] },
																"south": { "texture": "#spearwood", "uv": [ 1.0, 8.0, 3.0, 9.0 ] },
																"west": { "texture": "#spearwood", "uv": [ 0.0, 0.0, 1.5, 1.0 ] },
																"up": { "texture": "#spearwood", "uv": [ 0.0, 7.5, 2.0, 9.0 ] },
																"down": { "texture": "#spearwood", "uv": [ 0.0, 0.0, 2.0, 1.5 ] }
															}
														}
													]
												},
												{
													"name": "string 1",
													"from": [ 5.2, -0.9, -1.0 ],
													"to": [ 5.7, 1.3, 2.0 ],
													"uv": [ 1.0, 0.0 ],
													"rotationOrigin": [ 5.2, -0.9, 0.5 ],
													"rotationY": 52.0,
													"rotationZ": -1.0,
													"faces": {
														"north": { "texture": "#string", "uv": [ 10.0, 0.0, 12.0, 0.5 ], "rotation": 90 },
														"east": { "texture": "#string", "uv": [ 2.0, 2.0, 5.0, 4.0 ] },
														"south": { "texture": "#string", "uv": [ 6.0, 2.0, 8.0, 2.5 ], "rotation": 90 },
														"west": { "texture": "#string", "uv": [ 1.0, 1.5, 4.0, 3.5 ] },
														"up": { "texture": "#string", "uv": [ 2.0, 0.0, 5.0, 0.5 ], "rotation": 90 },
														"down": { "texture": "#string", "uv": [ 8.0, 2.0, 11.0, 2.5 ], "rotation": 90 }
													}
												},
												{
													"name": "string 2",
													"from": [ -15.5, -0.7, -1.5 ],
													"to": [ -15.0, 1.3, 1.5 ],
													"uv": [ 0.0, 0.0 ],
													"rotationOrigin": [ -15.5, -0.7, 0.0 ],
													"rotationY": -52.0,
													"faces": {
														"north": { "texture": "#string", "uv": [ 2.0, 0.0, 4.0, 0.5 ], "rotation": 90 },
														"east": { "texture": "#string", "uv": [ 0.0, 0.0, 3.0, 2.0 ] },
														"south": { "texture": "#string", "uv": [ 0.0, 0.0, 0.5, 2.0 ] },
														"west": { "texture": "#string", "uv": [ 0.0, 0.0, 3.0, 2.0 ] },
														"up": { "texture": "#string", "uv": [ 4.0, 0.0, 7.0, 0.5 ], "rotation": 90 },
														"down": { "texture": "#string", "uv": [ 0.0, 0.0, 0.5, 3.0 ] }
													}
												},
												{
													"name": "string 3",
													"from": [ 6.2, -0.6, -0.7 ],
													"to": [ 6.7, 1.1, 1.3 ],
													"uv": [ 0.0, 0.0 ],
													"rotationOrigin": [ 6.2, -0.6, 0.8 ],
													"rotationY": 12.0,
													"faces": {
														"north": { "texture": "#string", "uv": [ 8.0, 0.0, 9.5, 0.5 ], "rotation": 90 },
														"east": { "texture": "#string", "uv": [ 0.0, 0.0, 2.0, 1.5 ] },
														"south": { "texture": "#string", "uv": [ 2.0, 0.0, 3.5, 0.5 ], "rotation": 90 },
														"west": { "texture": "#string", "uv": [ 2.0, 2.5, 4.0, 4.0 ] },
														"up": { "texture": "#string", "uv": [ 0.0, 0.0, 0.5, 2.0 ] },
														"down": { "texture": "#string", "uv": [ 0.0, 0.0, 0.5, 2.0 ] }
													}
												},
												{
													"name": "string 4",
													"from": [ 4.8, -0.7, -0.9 ],
													"to": [ 5.3, 1.5, 1.1 ],
													"uv": [ 0.0, 0.0 ],
													"rotationOrigin": [ 4.8, -0.7, 0.6 ],
													"rotationX": 2.0,
													"rotationY": -26.0,
													"faces": {
														"north": { "texture": "#string", "uv": [ 0.0, 0.0, 2.0, 0.5 ], "rotation": 90 },
														"east": { "texture": "#string", "uv": [ 0.0, 0.0, 2.0, 2.0 ] },
														"south": { "texture": "#string", "uv": [ 2.0, 0.0, 4.0, 0.5 ], "rotation": 90 },
														"west": { "texture": "#string", "uv": [ 0.0, 4.0, 2.0, 6.0 ] },
														"up": { "texture": "#string", "uv": [ 4.0, 0.0, 6.0, 0.5 ], "rotation": 90 },
														"down": { "texture": "#string", "uv": [ 6.0, 0.0, 8.0, 0.5 ], "rotation": 90 }
													}
												},
												{
													"name": "string 5",
													"from": [ 3.8, -0.6, -0.8 ],
													"to": [ 4.3, 1.1, 1.2 ],
													"uv": [ 0.0, 0.0 ],
													"rotationOrigin": [ 3.8, -0.6, 0.7 ],
													"rotationX": 1.0,
													"faces": {
														"north": { "texture": "#string", "uv": [ 2.0, 0.0, 3.5, 0.5 ], "rotation": 90 },
														"east": { "texture": "#string", "uv": [ 0.0, 2.0, 2.0, 3.5 ] },
														"south": { "texture": "#string", "uv": [ 0.0, 2.0, 1.5, 2.5 ], "rotation": 90 },
														"west": { "texture": "#string", "uv": [ 2.0, 2.5, 4.0, 4.0 ] },
														"up": { "texture": "#string", "uv": [ 4.0, 0.0, 6.0, 0.5 ], "rotation": 90 },
														"down": { "texture": "#string", "uv": [ 2.0, 2.0, 4.0, 2.5 ], "rotation": 90 }
													}
												},
												{
													"name": "string 6",
													"from": [ 7.3, -1.0, -0.7 ],
													"to": [ 7.8, 1.5, 1.3 ],
													"uv": [ 0.0, 1.0 ],
													"rotationOrigin": [ 7.3, -1.0, 0.8 ],
													"rotationY": 6.0,
													"rotationZ": 2.0,
													"faces": {
														"north": { "texture": "#string", "uv": [ 8.0, 2.0, 10.5, 2.5 ], "rotation": 90 },
														"east": { "texture": "#string", "uv": [ 0.0, 2.0, 2.0, 4.5 ] },
														"south": { "texture": "#string", "uv": [ 6.0, 4.0, 8.5, 4.5 ], "rotation": 90 },
														"west": { "texture": "#string", "uv": [ 3.0, 2.5, 5.0, 5.0 ] },
														"up": { "texture": "#string", "uv": [ 6.0, 2.0, 8.0, 2.5 ], "rotation": 90 },
														"down": { "texture": "#string", "uv": [ 8.0, 2.0, 10.0, 2.5 ], "rotation": 90 }
													}
												},
												{
													"name": "handle 2",
													"from": [ -24.0, -0.5, -0.5 ],
													"to": [ -8.0, 1.0, 1.0 ],
													"uv": [ 0.0, 0.5 ],
													"rotationOrigin": [ -25.5, -8.0, 0.0 ],
													"faces": {
														"north": { "texture": "#spearwood", "uv": [ 0.0, 5.5, 16.0, 7.0 ] },
														"east": { "texture": "#spearwood", "uv": [ 0.5, 0.5, 2.0, 2.0 ] },
														"south": { "texture": "#spearwood", "uv": [ 0.0, 10.5, 16.0, 12.0 ] },
														"west": { "texture": "#spearwood", "uv": [ 14.0, 10.0, 15.5, 11.5 ] },
														"up": { "texture": "#spearwood", "uv": [ 0.0, 4.5, 16.0, 6.0 ] },
														"down": { "texture": "#spearwood", "uv": [ 0.0, 5.0, 16.0, 6.5 ] }
													}
												},
												{
													"name": "segment main11",
													"from": [ 10.0, 0.0, 0.0 ],
													"to": [ 14.0, 0.5, 0.5 ],
													"uv": [ 1.0, 2.0 ],
													"rotationOrigin": [ 10.0, 0.0, 0.0 ],
													"faces": {
														"north": { "texture": "#copper", "uv": [ 1.0, 3.5, 5.0, 4.0 ] },
														"east": { "texture": "#copper", "uv": [ 1.0, 2.0, 1.5, 2.5 ] },
														"south": { "texture": "#copper", "uv": [ 2.5, 4.5, 6.5, 5.0 ] },
														"west": { "texture": "#copper", "uv": [ 6.0, 2.0, 6.5, 2.5 ] },
														"up": { "texture": "#copper", "uv": [ 9.0, 2.0, 9.5, 6.0 ], "rotation": 90 },
														"down": { "texture": "#copper", "uv": [ 4.0, 3.0, 8.0, 3.5 ] }
													}
												},
												{
													"name": "segment main12",
													"from": [ 8.0, -0.5, 0.0 ],
													"to": [ 11.0, 1.0, 0.5 ],
													"uv": [ 1.0, 2.0 ],
													"rotationOrigin": [ 8.0, -0.5, 0.0 ],
													"faces": {
														"north": { "texture": "#copper", "uv": [ 1.0, 3.5, 4.0, 5.0 ] },
														"east": { "texture": "#copper", "uv": [ 1.0, 2.0, 1.5, 3.5 ] },
														"south": { "texture": "#copper", "uv": [ 2.5, 4.5, 5.5, 6.0 ] },
														"west": { "texture": "#copper", "uv": [ 6.0, 2.0, 6.5, 3.5 ] },
														"up": { "texture": "#copper", "uv": [ 9.0, 2.0, 9.5, 5.0 ], "rotation": 90 },
														"down": { "texture": "#copper", "uv": [ 4.0, 3.0, 7.0, 3.5 ] }
													}
												},
												{
													"name": "segment main13",
													"from": [ 10.0, -0.5, 0.0 ],
													"to": [ 12.5, 0.0, 0.5 ],
													"uv": [ 1.0, 2.0 ],
													"rotationOrigin": [ 10.0, -0.5, 0.0 ],
													"faces": {
														"north": { "texture": "#copper", "uv": [ 1.0, 3.5, 3.5, 4.0 ] },
														"east": { "texture": "#copper", "uv": [ 1.0, 2.0, 1.5, 2.5 ] },
														"south": { "texture": "#copper", "uv": [ 2.5, 4.5, 5.0, 5.0 ] },
														"west": { "texture": "#copper", "uv": [ 6.0, 2.0, 6.5, 2.5 ] },
														"up": { "texture": "#copper", "uv": [ 9.0, 2.0, 9.5, 4.5 ], "rotation": 90 },
														"down": { "texture": "#copper", "uv": [ 4.0, 3.0, 6.5, 3.5 ] }
													}
												},
												{
													"name": "segment main18",
													"from": [ 2.5, 0.7, 0.2 ],
													"to": [ 9.0, 1.2, 0.4 ],
													"uv": [ 1.0, 2.0 ],
													"rotationOrigin": [ 9.0, 0.7, 0.2 ],
													"rotationZ": -4.0,
													"faces": {
														"north": { "texture": "#copper", "uv": [ 1.0, 3.5, 7.5, 4.0 ] },
														"east": { "texture": "#copper", "uv": [ 1.0, 2.0, 1.5, 2.5 ] },
														"south": { "texture": "#copper", "uv": [ 2.5, 4.5, 9.0, 5.0 ] },
														"west": { "texture": "#copper", "uv": [ 6.0, 2.0, 6.5, 2.5 ] },
														"up": { "texture": "#copper", "uv": [ 9.0, 2.0, 9.5, 8.5 ], "rotation": 90 },
														"down": { "texture": "#copper", "uv": [ 4.0, 3.0, 10.5, 3.5 ] }
													},
													"children": [
														{
															"name": "Cube23",
															"from": [ 5.0, 0.0, 0.0 ],
															"to": [ 5.5, 2.0, 0.2 ],
															"uv": [ 0.0, 0.0 ],
															"rotationOrigin": [ 5.0, 0.0, 0.0 ],
															"rotationX": 1.0,
															"rotationZ": 60.0,
															"faces": {
																"north": { "texture": "#copper", "uv": [ 0.0, 0.0, 0.5, 2.0 ] },
																"east": { "texture": "#copper", "uv": [ 0.0, 0.0, 0.5, 2.0 ] },
																"south": { "texture": "#copper", "uv": [ 0.0, 0.0, 0.5, 2.0 ] },
																"west": { "texture": "#copper", "uv": [ 0.0, 0.0, 0.5, 2.0 ] },
																"up": { "texture": "#copper", "uv": [ 0.0, 0.0, 0.5, 0.5 ] },
																"down": { "texture": "#copper", "uv": [ 0.0, 0.0, 0.5, 0.5 ] }
															}
														},
														{
															"name": "Cube27",
															"from": [ 4.3, 0.0, 0.0 ],
															"to": [ 4.8, 1.0, 0.2 ],
															"uv": [ 0.0, 0.0 ],
															"rotationOrigin": [ 4.3, 0.0, 0.0 ],
															"rotationX": 1.0,
															"rotationZ": 60.0,
															"faces": {
																"north": { "texture": "#copper", "uv": [ 0.0, 0.0, 0.5, 1.0 ] },
																"east": { "texture": "#copper", "uv": [ 0.0, 0.0, 0.5, 1.0 ] },
																"south": { "texture": "#copper", "uv": [ 0.0, 0.0, 0.5, 1.0 ] },
																"west": { "texture": "#copper", "uv": [ 0.0, 0.0, 0.5, 1.0 ] },
																"up": { "texture": "#copper", "uv": [ 0.0, 0.0, 0.5, 0.5 ] },
																"down": { "texture": "#copper", "uv": [ 0.0, 0.0, 0.5, 0.5 ] }
															}
														}
													]
												},
												{
													"name": "segment main19",
													"from": [ 3.0, -0.7, 0.2 ],
													"to": [ 9.5, -0.2, 0.4 ],
													"uv": [ 1.0, 2.0 ],
													"rotationOrigin": [ 9.5, -0.2, 0.2 ],
													"rotationZ": 4.0,
													"faces": {
														"north": { "texture": "#copper", "uv": [ 1.0, 3.5, 7.5, 4.0 ] },
														"east": { "texture": "#copper", "uv": [ 1.0, 2.0, 1.5, 2.5 ] },
														"south": { "texture": "#copper", "uv": [ 2.5, 4.5, 9.0, 5.0 ] },
														"west": { "texture": "#copper", "uv": [ 6.0, 2.0, 6.5, 2.5 ] },
														"up": { "texture": "#copper", "uv": [ 9.0, 2.0, 9.5, 8.5 ], "rotation": 90 },
														"down": { "texture": "#copper", "uv": [ 4.0, 3.0, 10.5, 3.5 ] }
													}
												},
												{
													"name": "string 26",
													"from": [ -14.7, -0.8, -0.7 ],
													"to": [ -14.2, 1.2, 1.3 ],
													"uv": [ 0.0, 1.0 ],
													"rotationOrigin": [ -14.7, -0.8, 0.8 ],
													"rotationY": 6.0,
													"rotationZ": 2.0,
													"faces": {
														"north": { "texture": "#string", "uv": [ 8.0, 2.0, 10.0, 2.5 ], "rotation": 90 },
														"east": { "texture": "#string", "uv": [ 0.0, 2.0, 2.0, 4.0 ] },
														"south": { "texture": "#string", "uv": [ 6.0, 4.0, 8.0, 4.5 ], "rotation": 90 },
														"west": { "texture": "#string", "uv": [ 3.0, 2.5, 5.0, 4.5 ] },
														"up": { "texture": "#string", "uv": [ 6.0, 2.0, 8.0, 2.5 ], "rotation": 90 },
														"down": { "texture": "#string", "uv": [ 8.0, 2.0, 10.0, 2.5 ], "rotation": 90 }
													}
												},
												{
													"name": "string 27",
													"from": [ -15.1, -0.8, -0.8 ],
													"to": [ -14.6, 1.2, 1.2 ],
													"uv": [ 0.0, 0.0 ],
													"rotationOrigin": [ -15.1, -0.8, 0.7 ],
													"rotationX": 1.0,
													"rotationZ": 19.0,
													"faces": {
														"north": { "texture": "#string", "uv": [ 2.0, 0.0, 4.0, 0.5 ], "rotation": 90 },
														"east": { "texture": "#string", "uv": [ 0.0, 2.0, 2.0, 4.0 ] },
														"south": { "texture": "#string", "uv": [ 0.0, 2.0, 2.0, 2.5 ], "rotation": 90 },
														"west": { "texture": "#string", "uv": [ 2.0, 2.5, 4.0, 4.5 ] },
														"up": { "texture": "#string", "uv": [ 4.0, 0.0, 6.0, 0.5 ], "rotation": 90 },
														"down": { "texture": "#string", "uv": [ 2.0, 2.0, 4.0, 2.5 ], "rotation": 90 }
													}
												},
												{
													"name": "string 28",
													"from": [ -11.0, -0.8, -0.7 ],
													"to": [ -10.5, 1.2, 1.3 ],
													"uv": [ 0.0, 0.0 ],
													"rotationOrigin": [ -11.0, -0.8, 0.8 ],
													"rotationY": -17.0,
													"faces": {
														"north": { "texture": "#string", "uv": [ 8.0, 0.0, 10.0, 0.5 ], "rotation": 90 },
														"east": { "texture": "#string", "uv": [ 0.0, 0.0, 2.0, 2.0 ] },
														"south": { "texture": "#string", "uv": [ 2.0, 0.0, 4.0, 0.5 ], "rotation": 90 },
														"west": { "texture": "#string", "uv": [ 2.0, 2.5, 4.0, 4.5 ] },
														"up": { "texture": "#string", "uv": [ 0.0, 0.0, 0.5, 2.0 ] },
														"down": { "texture": "#string", "uv": [ 0.0, 0.0, 0.5, 2.0 ] }
													}
												},
												{
													"name": "string 29",
													"from": [ -10.5, -0.9, -0.9 ],
													"to": [ -10.0, 1.1, 1.6 ],
													"uv": [ 1.0, 0.0 ],
													"rotationOrigin": [ -10.5, -0.9, 0.6 ],
													"rotationY": 42.0,
													"rotationZ": -1.0,
													"faces": {
														"north": { "texture": "#string", "uv": [ 10.0, 0.0, 12.0, 0.5 ], "rotation": 90 },
														"east": { "texture": "#string", "uv": [ 2.0, 2.0, 4.5, 4.0 ] },
														"south": { "texture": "#string", "uv": [ 6.0, 2.0, 8.0, 2.5 ], "rotation": 90 },
														"west": { "texture": "#string", "uv": [ 1.0, 1.5, 3.5, 3.5 ] },
														"up": { "texture": "#string", "uv": [ 2.0, 0.0, 4.5, 0.5 ], "rotation": 90 },
														"down": { "texture": "#string", "uv": [ 8.0, 2.0, 10.5, 2.5 ], "rotation": 90 }
													}
												},
												{
													"name": "handle 24",
													"from": [ -31.0, -0.5, -0.5 ],
													"to": [ -24.0, 1.0, 1.0 ],
													"uv": [ 0.0, 0.5 ],
													"rotationOrigin": [ -31.5, 0.0, 0.0 ],
													"faces": {
														"north": { "texture": "#spearwood", "uv": [ 0.0, 5.5, 7.0, 7.0 ] },
														"east": { "texture": "#spearwood", "uv": [ 0.5, 0.5, 2.0, 2.0 ] },
														"south": { "texture": "#spearwood", "uv": [ 0.0, 10.5, 7.0, 12.0 ] },
														"west": { "texture": "#spearwood", "uv": [ 14.0, 10.0, 15.5, 11.5 ] },
														"up": { "texture": "#spearwood", "uv": [ 0.0, 4.5, 7.0, 6.0 ] },
														"down": { "texture": "#spearwood", "uv": [ 0.0, 5.0, 7.0, 6.5 ] }
													}
												}
											]
										}
									],
									"attachmentpoints": [
										{
											"code": "RightHand",
											"posX": "1.0","posY": "1.0","posZ": "1.0",
											"rotationX": "0.0","rotationY": "-180.0","rotationZ": "0.0"
										}
									]
								}
							]
						},
						{
							"name": "backpack",
							"from": [ 4.7738, -0.2306, 2.15 ],
							"to": [ 9.5738, 3.7694, 4.15 ],
							"unwrapMode": 3,
							"uv": [ 0.0, 0.0 ],
							"rotationOrigin": [ 7.2783, 0.2702, 3.35 ],
							"rotationX": -90.0,
							"rotationY": 68.0,
							"rotationZ": 90.0,
							"faces": {
								"north": { "texture": "#hunterbackpack", "uv": [ 8.5, 2.0, 13.0, 6.0 ] },
								"east": { "texture": "#hunterbackpack", "uv": [ 6.5, 2.0, 8.5, 6.0 ] },
								"south": { "texture": "#hunterbackpack", "uv": [ 2.0, 2.0, 6.5, 6.0 ] },
								"west": { "texture": "#hunterbackpack", "uv": [ 0.0, 2.0, 2.0, 6.0 ] },
								"up": { "texture": "#hunterbackpack", "uv": [ 2.0, 0.0, 6.5, 2.0 ] },
								"down": { "texture": "#hunterbackpack", "uv": [ 2.0, 6.0, 6.5, 8.0 ], "rotation": 180 }
							},
							"children": [
								{
									"name": "L wood",
									"from": [ -0.7, 0.4, -1.1 ],
									"to": [ 0.3, 6.4, -0.1 ],
									"uv": [ 12.0, 9.0 ],
									"rotationOrigin": [ 0.3, 0.5, -1.0 ],
									"rotationX": 17.0,
									"rotationZ": -6.0,
									"faces": {
										"north": { "texture": "#hunterbackpack", "uv": [ 12.0, 10.0, 13.0, 16.0 ] },
										"east": { "texture": "#hunterbackpack", "uv": [ 13.0, 10.0, 14.0, 16.0 ] },
										"south": { "texture": "#hunterbackpack", "uv": [ 14.0, 10.0, 15.0, 16.0 ] },
										"west": { "texture": "#hunterbackpack", "uv": [ 15.0, 10.0, 16.0, 16.0 ] },
										"up": { "texture": "#hunterbackpack", "uv": [ 12.0, 9.0, 13.0, 10.0 ] },
										"down": { "texture": "#hunterbackpack", "uv": [ 13.0, 9.0, 14.0, 10.0 ] }
									}
								},
								{
									"name": "R wood",
									"from": [ 4.5, 0.4, -1.1 ],
									"to": [ 5.5, 6.4, -0.1 ],
									"uv": [ 12.0, 9.0 ],
									"rotationOrigin": [ 4.5, 0.5, -1.0 ],
									"rotationX": 17.0,
									"rotationZ": 6.0,
									"faces": {
										"north": { "texture": "#hunterbackpack", "uv": [ 12.0, 10.0, 13.0, 16.0 ] },
										"east": { "texture": "#hunterbackpack", "uv": [ 13.0, 10.0, 14.0, 16.0 ] },
										"south": { "texture": "#hunterbackpack", "uv": [ 14.0, 10.0, 15.0, 16.0 ] },
										"west": { "texture": "#hunterbackpack", "uv": [ 15.0, 10.0, 16.0, 16.0 ] },
										"up": { "texture": "#hunterbackpack", "uv": [ 12.0, 9.0, 13.0, 10.0 ] },
										"down": { "texture": "#hunterbackpack", "uv": [ 13.0, 9.0, 14.0, 10.0 ] }
									}
								},
								{
									"name": "Cube1",
									"from": [ -0.1, 0.0, 2.0 ],
									"to": [ 4.9, 6.0, 2.5 ],
									"unwrapMode": 3,
									"uv": [ 0.0, 8.0 ],
									"rotationOrigin": [ -0.1, 0.0, 2.0 ],
									"rotationX": -6.0,
									"faces": {
										"north": { "texture": "#hunterbackpack", "uv": [ 6.0, 8.5, 11.0, 14.5 ] },
										"east": { "texture": "#hunterbackpack", "uv": [ 5.5, 8.5, 6.0, 14.5 ] },
										"south": { "texture": "#hunterbackpack", "uv": [ 0.5, 8.5, 5.5, 14.5 ] },
										"west": { "texture": "#hunterbackpack", "uv": [ 0.0, 8.5, 0.5, 14.5 ] },
										"up": { "texture": "#hunterbackpack", "uv": [ 0.5, 8.0, 5.5, 8.5 ] },
										"down": { "texture": "#hunterbackpack", "uv": [ 0.5, 14.5, 5.5, 15.0 ], "rotation": 180 }
									},
									"children": [
										{
											"name": "Cube5",
											"from": [ 0.0, 3.2, -0.4 ],
											"to": [ 2.0, 6.2, 0.6 ],
											"uv": [ 14.0, 0.0 ],
											"rotationOrigin": [ 1.0, 5.7, 0.6 ],
											"rotationX": -8.0,
											"rotationY": -3.0,
											"rotationZ": -22.0,
											"faces": {
												"south": { "texture": "#hunterbackpack", "uv": [ 14.0, 0.0, 16.0, 3.0 ] }
											}
										},
										{
											"name": "Cube6",
											"from": [ 0.0, 1.2, -0.4 ],
											"to": [ 2.0, 4.2, 0.6 ],
											"uv": [ 14.0, 0.0 ],
											"rotationOrigin": [ 1.0, 3.7, 0.6 ],
											"rotationX": -8.0,
											"rotationY": -3.0,
											"rotationZ": -22.0,
											"faces": {
												"south": { "texture": "#hunterbackpack", "uv": [ 14.0, 0.0, 16.0, 3.0 ] }
											}
										},
										{
											"name": "Cube7",
											"from": [ 1.0, 2.2, -0.4 ],
											"to": [ 3.0, 5.2, 0.6 ],
											"uv": [ 14.0, 0.0 ],
											"rotationOrigin": [ 2.0, 4.7, 0.6 ],
											"rotationX": -8.0,
											"rotationY": -3.0,
											"rotationZ": -22.0,
											"faces": {
												"south": { "texture": "#hunterbackpack", "uv": [ 14.0, 0.0, 16.0, 3.0 ] }
											}
										},
										{
											"name": "Cube8",
											"from": [ 2.0, 2.2, -0.4 ],
											"to": [ 4.0, 5.2, 0.6 ],
											"uv": [ 16.0, 0.0 ],
											"rotationOrigin": [ 3.0, 4.7, 0.6 ],
											"rotationX": -8.0,
											"rotationY": -8.0,
											"rotationZ": 14.0,
											"faces": {
												"south": { "texture": "#hunterbackpack", "uv": [ 16.0, 0.0, 14.0, 3.0 ], "autoUv": false }
											}
										},
										{
											"name": "Cube9",
											"from": [ 3.0, 3.2, -0.4 ],
											"to": [ 5.0, 6.2, 0.6 ],
											"uv": [ 0.0, 0.0 ],
											"rotationOrigin": [ 4.0, 5.7, 0.6 ],
											"rotationX": -8.0,
											"rotationY": -3.0,
											"rotationZ": 22.0,
											"faces": {
												"south": { "texture": "#hunterbackpack", "uv": [ 16.0, 0.0, 14.0, 3.0 ], "autoUv": false }
											}
										},
										{
											"name": "Cube10",
											"from": [ 3.0, 1.2, -0.4 ],
											"to": [ 5.0, 4.2, 0.6 ],
											"uv": [ 0.0, 0.0 ],
											"rotationOrigin": [ 4.0, 3.7, 0.6 ],
											"rotationX": -8.0,
											"rotationY": -3.0,
											"rotationZ": 22.0,
											"faces": {
												"south": { "texture": "#hunterbackpack", "uv": [ 16.0, 0.0, 14.0, 3.0 ], "autoUv": false }
											}
										},
										{
											"name": "Cube11",
											"from": [ 1.0, 4.0, -0.5 ],
											"to": [ 2.5, 6.0, 0.5 ],
											"uv": [ 14.5, 3.5 ],
											"rotationOrigin": [ 2.0, 6.0, 0.5 ],
											"rotationX": -28.0,
											"rotationY": 6.0,
											"rotationZ": -11.0,
											"faces": {
												"south": { "texture": "#hunterbackpack", "uv": [ 14.5, 3.5, 16.0, 5.5 ] }
											}
										},
										{
											"name": "Cube12",
											"from": [ 2.0, 4.0, -0.5 ],
											"to": [ 3.5, 6.0, 0.5 ],
											"uv": [ 16.0, 3.5 ],
											"rotationOrigin": [ 3.0, 6.0, 0.5 ],
											"rotationX": -33.0,
											"rotationY": -3.0,
											"rotationZ": 22.0,
											"faces": {
												"south": { "texture": "#hunterbackpack", "uv": [ 16.0, 3.5, 14.5, 5.5 ], "autoUv": false }
											}
										}
									]
								}
							]
						}
					],
					"attachmentpoints": [
						{
							"code": "Back",
							"posX": "5.0","posY": "3.0","posZ": "3.0",
							"rotationX": "0.0","rotationY": "0.0","rotationZ": "0.0"
						}
					]
				},
				{
					"name": "UpperFootL",
					"from": [ 0.4, -6.0, 3.0 ],
					"to": [ 4.6, 1.5, 6.2 ],
					"unwrapMode": 4,
					"uv": [ 16.0, 33.0 ],
					"rotationOrigin": [ 1.5, 0.5, 4.3 ],
					"rotationX": -3.0,
					"rotationZ": -5.0,
					"faces": {
						"north": { "texture": "#poacher1", "uv": [ 16.0, 37.0, 20.0, 44.5 ] },
						"east": { "texture": "#poacher1", "uv": [ 27.0, 37.0, 30.0, 44.5 ] },
						"south": { "texture": "#poacher1", "uv": [ 23.0, 37.0, 27.0, 44.5 ] },
						"west": { "texture": "#poacher1", "uv": [ 20.0, 37.0, 23.0, 44.5 ] },
						"up": { "texture": "#poacher1", "uv": [ 20.0, 33.0, 23.0, 37.0 ], "rotation": 90 },
						"down": { "texture": "#poacher1", "uv": [ 20.0, 44.5, 23.0, 48.5 ], "rotation": 90 }
					},
					"children": [
						{
							"name": "LowerFootL",
							"from": [ 0.1, -9.0, 0.1 ],
							"to": [ 4.1, 1.0, 3.1 ],
							"unwrapMode": 4,
							"uv": [ 16.0, 46.0 ],
							"rotationOrigin": [ 2.1, 0.5, 1.4 ],
							"rotationX": 2.0,
							"rotationZ": 2.0,
							"faces": {
								"north": { "texture": "#poacher1", "uv": [ 16.0, 50.0, 20.0, 60.0 ] },
								"east": { "texture": "#poacher1", "uv": [ 27.0, 50.0, 30.0, 60.0 ] },
								"south": { "texture": "#poacher1", "uv": [ 23.0, 50.0, 27.0, 60.0 ] },
								"west": { "texture": "#poacher1", "uv": [ 20.0, 50.0, 23.0, 60.0 ] },
								"up": { "texture": "#poacher1", "uv": [ 20.0, 46.0, 23.0, 50.0 ], "rotation": 90 },
								"down": { "texture": "#poacher1", "uv": [ 20.0, 60.0, 23.0, 64.0 ], "rotation": 90 }
							},
							"children": [
								{
									"name": "shoe1",
									"from": [ -1.13, -0.14, -0.27 ],
									"to": [ 4.17, 0.96, 3.33 ],
									"unwrapMode": 4,
									"uv": [ 30.5, 17.5 ],
									"rotationOrigin": [ 1.2002, 9.3244, 0.7002 ],
									"faces": {
										"north": { "texture": "#poacher1", "uv": [ 30.5, 22.5, 35.5, 23.5 ] },
										"east": { "texture": "#poacher1", "uv": [ 44.0, 22.5, 47.5, 23.5 ] },
										"south": { "texture": "#poacher1", "uv": [ 39.0, 22.5, 44.0, 23.5 ] },
										"west": { "texture": "#poacher1", "uv": [ 35.5, 22.5, 39.0, 23.5 ] },
										"up": { "texture": "#poacher1", "uv": [ 35.5, 17.5, 39.0, 22.5 ], "rotation": 90 },
										"down": { "texture": "#poacher1", "uv": [ 35.5, 23.5, 39.0, 28.5 ], "rotation": 90 }
									}
								}
							]
						}
					]
				},
				{
					"name": "UpperFootR",
					"from": [ 0.4, -6.0, -0.2 ],
					"to": [ 4.6, 1.3, 3.0 ],
					"unwrapMode": 4,
					"autoUnwrap": false,
					"uv": [ 1.0, 29.0 ],
					"rotationOrigin": [ 1.5, 0.5, 1.3 ],
					"rotationX": 3.0,
					"rotationZ": -5.0,
					"faces": {
						"north": { "texture": "#poacher1", "uv": [ 4.0, 37.0, 8.0, 44.0 ] },
						"east": { "texture": "#poacher1", "uv": [ 1.0, 37.0, 4.0, 44.0 ] },
						"south": { "texture": "#poacher1", "uv": [ 11.0, 37.0, 15.0, 44.0 ] },
						"west": { "texture": "#poacher1", "uv": [ 8.0, 37.0, 11.0, 44.0 ] },
						"up": { "texture": "#poacher1", "uv": [ 8.0, 33.0, 11.0, 37.0 ], "rotation": 90 },
						"down": { "texture": "#poacher1", "uv": [ 8.0, 46.0, 11.0, 50.0 ], "rotation": 90 }
					},
					"children": [
						{
							"name": "LowerFootR",
							"from": [ 0.1, -9.0, 0.1 ],
							"to": [ 4.1, 1.0, 3.1 ],
							"unwrapMode": 4,
							"autoUnwrap": false,
							"uv": [ 1.0, 46.0 ],
							"rotationOrigin": [ 2.1, 0.5, 1.4 ],
							"rotationX": -2.0,
							"rotationZ": 2.0,
							"faces": {
								"north": { "texture": "#poacher1", "uv": [ 4.0, 50.0, 8.0, 60.0 ] },
								"east": { "texture": "#poacher1", "uv": [ 1.0, 50.0, 4.0, 60.0 ] },
								"south": { "texture": "#poacher1", "uv": [ 11.0, 50.0, 15.0, 60.0 ] },
								"west": { "texture": "#poacher1", "uv": [ 8.0, 50.0, 11.0, 60.0 ] },
								"up": { "texture": "#poacher1", "uv": [ 8.0, 46.0, 11.0, 50.0 ], "rotation": 90 },
								"down": { "texture": "#poacher1", "uv": [ 8.0, 60.0, 11.0, 64.0 ], "rotation": 90 }
							},
							"children": [
								{
									"name": "shoe2",
									"from": [ -1.13, -0.14, -0.27 ],
									"to": [ 4.17, 0.96, 3.33 ],
									"unwrapMode": 4,
									"uv": [ 30.5, 17.5 ],
									"rotationOrigin": [ 1.2002, 9.3244, 0.7002 ],
									"faces": {
										"north": { "texture": "#poacher1", "uv": [ 30.5, 22.5, 35.5, 23.5 ] },
										"east": { "texture": "#poacher1", "uv": [ 44.0, 22.5, 47.5, 23.5 ] },
										"south": { "texture": "#poacher1", "uv": [ 39.0, 22.5, 44.0, 23.5 ] },
										"west": { "texture": "#poacher1", "uv": [ 35.5, 22.5, 39.0, 23.5 ] },
										"up": { "texture": "#poacher1", "uv": [ 35.5, 17.5, 39.0, 22.5 ], "rotation": 90 },
										"down": { "texture": "#poacher1", "uv": [ 35.5, 23.5, 39.0, 28.5 ], "rotation": 90 }
									}
								}
							]
						}
					]
				}
			]
		}
	],
	"animations": [
		{
			"name": "idle",
			"code": "idle",
			"quantityframes": 90,
			"onActivityStopped": "Stop",
			"onAnimationEnd": "Repeat",
			"keyframes": [
				{
					"frame": 0,
					"elements": {
						"UpperArmR": { "rotationX": 3.48, "rotationY": 1.74, "rotationZ": -1.74 },
						"LowerArmR": { "offsetX": 0.0, "offsetY": 1.0, "offsetZ": 0.0, "rotationX": 0.0, "rotationY": -19.0, "rotationZ": -69.0 },
						"UpperArmL": { "offsetX": 0.0, "offsetY": -1.0, "offsetZ": -1.0, "rotationX": -44.0, "rotationY": -8.0, "rotationZ": 3.0 },
						"LowerArmL": { "offsetX": 0.0, "offsetY": 0.5, "offsetZ": -0.0, "rotationX": 94.0, "rotationY": 0.0, "rotationZ": 0.0 },
						"Head": { "rotationX": 0.0, "rotationY": 0.0, "rotationZ": -14.0 }
					}
				},
				{
					"frame": 9,
					"elements": {
						"LowerArmR": { "offsetX": 0.0, "offsetY": 1.0, "offsetZ": 0.0, "rotationX": 0.0, "rotationY": -19.0, "rotationZ": -69.0 }
					}
				},
				{
					"frame": 16,
					"elements": {
						"LowerArmR": { "offsetX": 0.0, "offsetY": 1.0, "offsetZ": 0.0, "rotationX": 0.0, "rotationY": -19.0, "rotationZ": -69.0 }
					}
				},
				{
					"frame": 20,
					"elements": {
						"LowerArmR": { "offsetX": 0.0, "offsetY": 1.0, "offsetZ": 0.0, "rotationX": 0.0, "rotationY": -19.0, "rotationZ": -69.0 }
					}
				},
				{
					"frame": 21,
					"elements": {
						"UpperArmR": { "rotationX": 6.0, "rotationY": 3.0, "rotationZ": -3.0 },
						"LowerArmR": { "offsetX": 0.0, "offsetY": 1.0, "offsetZ": 0.0, "rotationX": 0.0, "rotationY": -19.0, "rotationZ": -69.0 }
					}
				},
				{
					"frame": 25,
					"elements": {
						"LowerArmR": { "offsetX": 0.0, "offsetY": 1.0, "offsetZ": 0.0, "rotationX": 0.0, "rotationY": -19.0, "rotationZ": -69.0 },
						"Head": { "rotationX": 0.0, "rotationY": 0.0, "rotationZ": -11.0 }
					}
				},
				{
					"frame": 30,
					"elements": {
						"LowerArmR": { "offsetX": 0.0, "offsetY": 1.0, "offsetZ": 0.0, "rotationX": 0.0, "rotationY": -19.0, "rotationZ": -69.0 }
					}
				},
				{
					"frame": 35,
					"elements": {
						"LowerArmR": { "offsetX": 0.0, "offsetY": 1.0, "offsetZ": 0.0, "rotationX": 0.0, "rotationY": -19.0, "rotationZ": -69.0 }
					}
				},
				{
					"frame": 50,
					"elements": {
						"LowerArmR": { "offsetX": 0.0, "offsetY": 1.0, "offsetZ": 0.0, "rotationX": 0.0, "rotationY": -19.0, "rotationZ": -69.0 }
					}
				},
				{
					"frame": 82,
					"elements": {
						"UpperArmR": { "rotationX": 3.48, "rotationY": 1.74, "rotationZ": -1.74 },
						"LowerArmR": { "offsetX": 0.0, "offsetY": 1.0, "offsetZ": 0.0, "rotationX": 0.0, "rotationY": -19.0, "rotationZ": -69.0 }
					}
				}
			]
		},

		{
			"name": "idle2",
			"code": "idle2",
			"quantityframes": 90,
			"onActivityStopped": "PlayTillEnd",
			"onAnimationEnd": "Stop",
			"keyframes": [
				{
					"frame": 0,
					"elements": {
						"UpperArmL": { "rotationX": 0.0, "rotationY": 0.0, "rotationZ": 0.0 },
						"LowerArmL": { "rotationX": 0.0, "rotationY": 0.0, "rotationZ": 0.0 },
						"UpperArmR": { "rotationX": 0.0, "rotationY": 0.0, "rotationZ": 0.0 },
						"LowerArmR": { "offsetX": 0.0, "offsetY": 1.0, "offsetZ": 0.0, "rotationX": 0.0, "rotationY": -19.0, "rotationZ": -69.0 }
					}
				},
				{
					"frame": 9,
					"elements": {
						"LowerArmL": { "rotationX": 0.0, "rotationY": 0.0, "rotationZ": 0.0 },
						"LowerArmR": { "offsetX": 0.0, "offsetY": 1.0, "offsetZ": 0.0, "rotationX": 0.0, "rotationY": -19.0, "rotationZ": -69.0 }
					}
				},
				{
					"frame": 16,
					"elements": {
						"LowerArmL": { "rotationX": 66.0, "rotationY": -6.0, "rotationZ": -17.0 },
						"LowerArmR": { "offsetX": 0.0, "offsetY": 1.0, "offsetZ": 0.0, "rotationX": 0.0, "rotationY": -19.0, "rotationZ": -69.0 }
					}
				},
				{
					"frame": 20,
					"elements": {
						"UpperArmL": { "rotationX": 61.0, "rotationY": 11.0, "rotationZ": -180.0 },
						"LowerArmL": { "rotationX": 105.0, "rotationY": 0.0, "rotationZ": 0.0 },
						"LowerArmR": { "offsetX": 0.0, "offsetY": 1.0, "offsetZ": 0.0, "rotationX": 0.0, "rotationY": -19.0, "rotationZ": -69.0 }
					}
				},
				{
					"frame": 21,
					"elements": {
						"UpperArmR": { "rotationX": 6.0, "rotationY": 3.0, "rotationZ": -3.0 },
						"LowerArmR": { "offsetX": 0.0, "offsetY": 1.0, "offsetZ": 0.0, "rotationX": 0.0, "rotationY": -19.0, "rotationZ": -69.0 }
					}
				},
				{
					"frame": 25,
					"elements": {
						"UpperArmL": { "rotationX": 75.0, "rotationY": 17.0, "rotationZ": -180.0 },
						"LowerArmL": { "rotationX": 108.0, "rotationY": 0.0, "rotationZ": 0.0 },
						"LowerArmR": { "offsetX": 0.0, "offsetY": 1.0, "offsetZ": 0.0, "rotationX": 0.0, "rotationY": -19.0, "rotationZ": -69.0 }
					}
				},
				{
					"frame": 30,
					"elements": {
						"UpperArmL": { "rotationX": 61.0, "rotationY": 11.0, "rotationZ": -180.0 },
						"LowerArmL": { "rotationX": 105.0, "rotationY": 0.0, "rotationZ": 0.0 },
						"LowerArmR": { "offsetX": 0.0, "offsetY": 1.0, "offsetZ": 0.0, "rotationX": 0.0, "rotationY": -19.0, "rotationZ": -69.0 }
					}
				},
				{
					"frame": 35,
					"elements": {
						"UpperArmL": { "rotationX": 75.0, "rotationY": 17.0, "rotationZ": -180.0 },
						"LowerArmL": { "rotationX": 108.0, "rotationY": 0.0, "rotationZ": 0.0 },
						"LowerArmR": { "offsetX": 0.0, "offsetY": 1.0, "offsetZ": 0.0, "rotationX": 0.0, "rotationY": -19.0, "rotationZ": -69.0 }
					}
				},
				{
					"frame": 50,
					"elements": {
						"UpperArmL": { "rotationX": -22.0, "rotationY": 0.0, "rotationZ": 0.0 },
						"LowerArmL": { "rotationX": 55.0, "rotationY": 0.0, "rotationZ": 8.0 },
						"LowerArmR": { "offsetX": 0.0, "offsetY": 1.0, "offsetZ": 0.0, "rotationX": 0.0, "rotationY": -19.0, "rotationZ": -69.0 }
					}
				},
				{
					"frame": 82,
					"elements": {
						"UpperArmR": { "rotationX": 3.478, "rotationY": 1.739, "rotationZ": -1.739 },
						"LowerArmR": { "offsetX": 0.0, "offsetY": 1.0, "offsetZ": 0.0, "rotationX": 0.0, "rotationY": -19.0, "rotationZ": -69.0 },
						"UpperArmL": { "rotationX": -22.0, "rotationY": 0.0, "rotationZ": 0.0 },
						"LowerArmL": { "rotationX": 55.0, "rotationY": 0.0, "rotationZ": 8.0 }
					}
				}
			]
		},

		{
			"name": "look",
			"code": "look",
			"quantityframes": 135,
			"onActivityStopped": "PlayTillEnd",
			"onAnimationEnd": "Stop",
			"keyframes": [
				{
					"frame": 0,
					"elements": {
						"UpperTorso": { "rotationX": 0.0, "rotationY": 0.0, "rotationZ": 0.0 },
						"UpperArmL": { "rotationX": 0.0, "rotationY": 0.0, "rotationZ": 0.0 },
						"LowerArmL": { "rotationX": 0.0, "rotationY": 0.0, "rotationZ": 0.0 },
						"LowerArmR": { "rotationX": 0.0, "rotationY": 0.0, "rotationZ": -130.0 },
						"spear": { "offsetX": 1.0, "offsetY": 1.0, "offsetZ": 0.0, "rotationX": 0.0, "rotationY": 0.0, "rotationZ": 14.0 }
					}
				},
				{
					"frame": 15,
					"elements": {
						"UpperArmL": { "rotationX": 33.0, "rotationY": 0.0, "rotationZ": -152.0 },
						"LowerArmL": { "rotationX": 89.0, "rotationY": -11.0, "rotationZ": 17.0 }
					}
				},
				{
					"frame": 22,
					"elements": {
						"LowerTorso": { "rotationX": 0.0, "rotationY": 0.0, "rotationZ": 0.0 }
					}
				},
				{
					"frame": 25,
					"elements": {
						"LowerTorso": { "rotationX": 0.0, "rotationY": 0.0, "rotationZ": 0.0 },
						"UpperTorso": { "rotationX": 0.0, "rotationY": 0.0, "rotationZ": 0.0 }
					}
				},
				{
					"frame": 42,
					"elements": {
						"LowerTorso": { "rotationX": 0.0, "rotationY": -6.0, "rotationZ": 0.0 },
						"UpperTorso": { "rotationX": 0.0, "rotationY": -22.0, "rotationZ": 0.0 }
					}
				},
				{
					"frame": 59,
					"elements": {
						"LowerTorso": { "rotationX": 0.0, "rotationY": -8.0, "rotationZ": 0.0 },
						"UpperTorso": { "rotationX": 0.0, "rotationY": -22.0, "rotationZ": 0.0 }
					}
				},
				{
					"frame": 77,
					"elements": {
						"LowerTorso": { "rotationX": 0.0, "rotationY": 0.0, "rotationZ": 0.0 },
						"UpperTorso": { "rotationX": 0.0, "rotationY": 8.0, "rotationZ": 0.0 }
					}
				},
				{
					"frame": 85,
					"elements": {
						"UpperArmL": { "rotationX": 33.0, "rotationY": 0.0, "rotationZ": -152.0 },
						"LowerArmL": { "rotationX": 89.0, "rotationY": -11.0, "rotationZ": 17.0 }
					}
				},
				{
					"frame": 115,
					"elements": {
						"UpperArmL": { "rotationX": 0.0, "rotationY": 0.0, "rotationZ": 0.0 },
						"LowerArmL": { "rotationX": 0.0, "rotationY": 0.0, "rotationZ": 0.0 }
					}
				},
				{
					"frame": 134,
					"elements": {
						"LowerArmL": { "offsetX": 0.0, "offsetY": 0.0, "offsetZ": 0.0 }
					}
				},
				{
					"frame": 135,
					"elements": {
						"LowerArmL": { "rotationX": 0.0, "rotationY": 0.0, "rotationZ": 0.0 }
					}
				}
			]
		},

		{
			"name": "walk",
			"code": "walk",
			"quantityframes": 40,
			"onActivityStopped": "EaseOut",
			"onAnimationEnd": "Repeat",
			"keyframes": [
				{
					"frame": 0,
					"elements": {
						"UpperFootL": { "rotationX": 0.0, "rotationY": 0.0, "rotationZ": 0.0 },
						"LowerFootL": { "rotationX": 0.0, "rotationY": 0.0, "rotationZ": 0.0 },
						"UpperFootR": { "rotationX": 0.0, "rotationY": 0.0, "rotationZ": 0.0 },
						"LowerFootR": { "rotationX": 0.0, "rotationY": 0.0, "rotationZ": 0.0 },
						"UpperArmR": { "rotationX": 0.0, "rotationY": 0.0, "rotationZ": 0.0 },
						"LowerArmL": { "rotationX": 0.0, "rotationY": 0.0, "rotationZ": 0.0 },
						"Head": { "offsetX": 0.0, "offsetY": 0.0, "offsetZ": 0.0 }
					}
				},
				{
					"frame": 9,
					"elements": {
						"LowerTorso": { "offsetX": 0.0, "offsetY": 0.3, "offsetZ": 0.0 },
						"LowerArmL": { "rotationX": 0.0, "rotationY": 0.0, "rotationZ": -25.0 }
					}
				},
				{
					"frame": 10,
					"elements": {
						"UpperFootL": { "rotationX": 0.0, "rotationY": 0.0, "rotationZ": -17.0 },
						"UpperFootR": { "rotationX": 0.0, "rotationY": -3.0, "rotationZ": 11.0 },
						"LowerFootR": { "rotationX": 0.0, "rotationY": 0.0, "rotationZ": 0.0 },
						"UpperArmR": { "rotationX": 0.0, "rotationY": 0.0, "rotationZ": -14.0 },
						"UpperArmL": { "rotationX": 0.0, "rotationY": 0.0, "rotationZ": 19.0 }
					}
				},
				{
					"frame": 15,
					"elements": {
						"LowerFootR": { "rotationX": 0.0, "rotationY": -3.0, "rotationZ": 19.0 },
						"Head": { "offsetX": 0.0, "offsetY": -0.2, "offsetZ": 0.0 }
					}
				},
				{
					"frame": 20,
					"elements": {
						"LowerTorso": { "offsetX": 0.0, "offsetY": 0.0, "offsetZ": 0.0 },
						"UpperFootR": { "rotationX": 0.0, "rotationY": 0.0, "rotationZ": 0.0 },
						"LowerFootR": { "rotationX": 0.0, "rotationY": 0.0, "rotationZ": 3.0 },
						"UpperFootL": { "rotationX": 0.0, "rotationY": 0.0, "rotationZ": 0.0 }
					}
				},
				{
					"frame": 24,
					"elements": {
						"LowerArmL": { "rotationX": 0.0, "rotationY": -19.0, "rotationZ": -28.0 }
					}
				},
				{
					"frame": 26,
					"elements": {
						"UpperArmR": { "rotationX": 0.0, "rotationY": 0.0, "rotationZ": 19.0 },
						"LowerArmL": { "rotationX": 0.0, "rotationY": -14.0, "rotationZ": -28.0 }
					}
				},
				{
					"frame": 30,
					"elements": {
						"LowerTorso": { "offsetX": 0.0, "offsetY": 0.4, "offsetZ": 0.0 },
						"UpperFootL": { "rotationX": 0.0, "rotationY": 0.0, "rotationZ": 14.0 },
						"LowerFootL": { "rotationX": 0.0, "rotationY": 0.0, "rotationZ": 0.0 },
						"UpperFootR": { "rotationX": 0.0, "rotationY": 0.0, "rotationZ": -14.0 },
						"LowerFootR": { "rotationX": 0.0, "rotationY": -6.0, "rotationZ": 0.0 },
						"UpperArmL": { "rotationX": 0.0, "rotationY": 0.0, "rotationZ": -14.0 },
						"Head": { "offsetX": 0.0, "offsetY": 0.0, "offsetZ": 0.0 }
					}
				},
				{
					"frame": 35,
					"elements": {
						"LowerFootL": { "rotationX": 0.0, "rotationY": 0.0, "rotationZ": 14.0 },
						"LowerArmL": { "rotationX": 0.0, "rotationY": -17.0, "rotationZ": -14.0 }
					}
				},
				{
					"frame": 39,
					"elements": {
						"LowerTorso": { "offsetX": 0.0, "offsetY": 0.0, "offsetZ": 0.0 },
						"UpperFootL": { "rotationX": 0.0, "rotationY": 0.0, "rotationZ": 0.0 },
						"LowerFootL": { "rotationX": 0.0, "rotationY": 0.0, "rotationZ": 0.0 }
					}
				}
			]
		},

		{
			"name": "WalkSpearShouldered",
			"code": "walkspearshouldered",
			"quantityframes": 40,
			"onActivityStopped": "EaseOut",
			"onAnimationEnd": "Repeat",
			"keyframes": [
				{
					"frame": 0,
					"elements": {
						"UpperFootL": { "rotationX": 0.0, "rotationY": 0.0, "rotationZ": 0.0 },
						"LowerFootL": { "rotationX": 0.0, "rotationY": 0.0, "rotationZ": 0.0 },
						"UpperFootR": { "rotationX": 0.0, "rotationY": 0.0, "rotationZ": 0.0 },
						"LowerFootR": { "rotationX": 0.0, "rotationY": 0.0, "rotationZ": 0.0 },
						"UpperArmR": { "rotationX": 0.0, "rotationY": -14.0, "rotationZ": 0.0 },
						"LowerArmR": { "rotationX": 0.0, "rotationY": 0.0, "rotationZ": -130.0 },
						"spear": { "offsetX": 1.0, "offsetY": 1.0, "offsetZ": 0.0, "rotationX": 0.0, "rotationY": 0.0, "rotationZ": 14.0 },
						"LowerArmL": { "rotationX": 0.0, "rotationY": 0.0, "rotationZ": 0.0 }
					}
				},
				{
					"frame": 9,
					"elements": {
						"LowerArmL": { "rotationX": 0.0, "rotationY": 0.0, "rotationZ": -25.0 }
					}
				},
				{
					"frame": 10,
					"elements": {
						"LowerTorso": { "offsetX": 0.0, "offsetY": 0.3, "offsetZ": 0.0 },
						"UpperFootL": { "rotationX": 0.0, "rotationY": 0.0, "rotationZ": -17.0 },
						"UpperFootR": { "rotationX": 0.0, "rotationY": -3.0, "rotationZ": 11.0 },
						"LowerFootR": { "rotationX": 0.0, "rotationY": 0.0, "rotationZ": 0.0 },
						"UpperArmR": { "rotationX": 0.0, "rotationY": -14.0, "rotationZ": -14.0 },
						"UpperArmL": { "rotationX": 0.0, "rotationY": 0.0, "rotationZ": 19.0 },
						"Neck": { "offsetX": 0.0, "offsetY": -0.1, "offsetZ": 0.0 }
					}
				},
				{
					"frame": 15,
					"elements": {
						"LowerFootR": { "rotationX": 0.0, "rotationY": -3.0, "rotationZ": 19.0 }
					}
				},
				{
					"frame": 20,
					"elements": {
						"LowerTorso": { "offsetX": 0.0, "offsetY": 0.0, "offsetZ": 0.0 },
						"UpperFootR": { "rotationX": 0.0, "rotationY": 0.0, "rotationZ": 0.0 },
						"LowerFootR": { "rotationX": 0.0, "rotationY": 0.0, "rotationZ": 3.0 },
						"UpperFootL": { "rotationX": 0.0, "rotationY": 0.0, "rotationZ": 0.0 },
						"Neck": { "offsetX": 0.0, "offsetY": 0.1, "offsetZ": 0.0 }
					}
				},
				{
					"frame": 24,
					"elements": {
						"LowerArmL": { "rotationX": 0.0, "rotationY": -19.0, "rotationZ": -28.0 }
					}
				},
				{
					"frame": 26,
					"elements": {
						"UpperArmR": { "rotationX": 0.0, "rotationY": -14.0, "rotationZ": 19.0 },
						"LowerArmL": { "rotationX": 0.0, "rotationY": -14.0, "rotationZ": -28.0 }
					}
				},
				{
					"frame": 30,
					"elements": {
						"LowerTorso": { "offsetX": 0.0, "offsetY": 0.3, "offsetZ": 0.0 },
						"UpperFootL": { "rotationX": 0.0, "rotationY": 0.0, "rotationZ": 14.0 },
						"LowerFootL": { "rotationX": 0.0, "rotationY": 0.0, "rotationZ": 0.0 },
						"UpperFootR": { "rotationX": 0.0, "rotationY": 0.0, "rotationZ": -14.0 },
						"LowerFootR": { "rotationX": 0.0, "rotationY": -6.0, "rotationZ": 0.0 },
						"UpperArmL": { "rotationX": 0.0, "rotationY": 0.0, "rotationZ": -14.0 },
						"Neck": { "offsetX": 0.0, "offsetY": -0.1, "offsetZ": 0.0 }
					}
				},
				{
					"frame": 35,
					"elements": {
						"LowerFootL": { "rotationX": 0.0, "rotationY": 0.0, "rotationZ": 14.0 },
						"LowerArmL": { "rotationX": 0.0, "rotationY": -17.0, "rotationZ": -14.0 }
					}
				},
				{
					"frame": 39,
					"elements": {
						"LowerTorso": { "offsetX": 0.0, "offsetY": 0.0, "offsetZ": 0.0 },
						"UpperFootL": { "rotationX": 0.0, "rotationY": 0.0, "rotationZ": 0.0 },
						"LowerFootL": { "rotationX": 0.0, "rotationY": 0.0, "rotationZ": 0.0 },
						"Neck": { "offsetX": 0.0, "offsetY": 0.0, "offsetZ": 0.0 }
					}
				}
			]
		},

		{
			"name": "die",
			"code": "die",
			"quantityframes": 30,
			"onActivityStopped": "PlayTillEnd",
			"onAnimationEnd": "Hold",
			"keyframes": [
				{
					"frame": 0,
					"elements": {
						"LowerTorso": { "offsetX": 0.0, "offsetY": 0.0, "offsetZ": 0.0, "rotationX": 0.0, "rotationY": 0.0, "rotationZ": 0.0 },
						"UpperFootL": { "rotationX": 0.0, "rotationY": 0.0, "rotationZ": 0.0 },
						"LowerFootL": { "offsetX": 0.0, "offsetY": 0.0, "offsetZ": 0.0, "rotationX": 0.0, "rotationY": 0.0, "rotationZ": 0.0 },
						"UpperFootR": { "rotationX": 0.0, "rotationY": 0.0, "rotationZ": 0.0 },
						"LowerFootR": { "offsetX": 0.0, "offsetY": 0.0, "offsetZ": 0.0, "rotationX": 0.0, "rotationY": 0.0, "rotationZ": 0.0 },
						"UpperTorso": { "rotationX": 0.0, "rotationY": 0.0, "rotationZ": 0.0 },
						"UpperArmR": { "rotationX": 0.0, "rotationY": 0.0, "rotationZ": 0.0 },
						"LowerArmR": { "rotationX": 0.0, "rotationY": 0.0, "rotationZ": 0.0 },
						"UpperArmL": { "rotationX": 0.0, "rotationY": 0.0, "rotationZ": 0.0 },
						"LowerArmL": { "rotationX": 0.0, "rotationY": 0.0, "rotationZ": 0.0 },
						"Neck": { "rotationX": 0.0, "rotationY": 0.0, "rotationZ": 0.0 },
						"Head": { "rotationX": 0.0, "rotationY": 0.0, "rotationZ": 0.0 }
					}
				},
				{
					"frame": 3,
					"elements": {
						"LowerTorso": { "offsetX": 5.0, "offsetY": -2.0, "offsetZ": 0.0, "rotationX": 0.0, "rotationY": 0.0, "rotationZ": 0.0 },
						"UpperArmL": { "rotationX": -17.0, "rotationY": 0.0, "rotationZ": 0.0 },
						"LowerArmL": { "rotationX": 0.0, "rotationY": 0.0, "rotationZ": -42.0 },
						"Neck": { "rotationX": 0.0, "rotationY": 0.0, "rotationZ": 0.0 },
						"Head": { "rotationX": 0.0, "rotationY": 0.0, "rotationZ": 11.0 },
						"UpperArmR": { "rotationX": 0.0, "rotationY": 0.0, "rotationZ": -30.0 },
						"LowerArmR": { "rotationX": 0.0, "rotationY": 0.0, "rotationZ": -50.0 },
						"UpperFootL": { "rotationX": 0.0, "rotationY": 0.0, "rotationZ": -53.0 },
						"LowerFootL": { "rotationX": 0.0, "rotationY": 0.0, "rotationZ": 53.0 },
						"UpperFootR": { "rotationX": 0.0, "rotationY": 0.0, "rotationZ": -3.0 },
						"LowerFootR": { "rotationX": 0.0, "rotationY": 0.0, "rotationZ": 53.0 }
					}
				},
				{
					"frame": 10,
					"elements": {
						"LowerTorso": { "offsetX": 5.0, "offsetY": -5.0, "offsetZ": 0.0, "rotationX": 0.0, "rotationY": 0.0, "rotationZ": 0.0 },
						"UpperTorso": { "rotationX": -11.0, "rotationY": -19.0, "rotationZ": 0.0 },
						"UpperArmL": { "rotationX": -17.0, "rotationY": 0.0, "rotationZ": 0.0 },
						"LowerArmL": { "rotationX": 0.0, "rotationY": 0.0, "rotationZ": -42.0 },
						"Neck": { "rotationX": 0.0, "rotationY": 0.0, "rotationZ": 0.0 },
						"Head": { "rotationX": 0.0, "rotationY": 0.0, "rotationZ": 17.0 },
						"UpperArmR": { "rotationX": 0.0, "rotationY": -30.0, "rotationZ": -30.0 },
						"LowerArmR": { "rotationX": -36.0, "rotationY": 0.0, "rotationZ": -53.0 },
						"UpperFootL": { "rotationX": 0.0, "rotationY": 22.0, "rotationZ": -86.0 },
						"LowerFootL": { "rotationX": 0.0, "rotationY": 0.0, "rotationZ": 102.0 },
						"UpperFootR": { "rotationX": 0.0, "rotationY": -11.0, "rotationZ": -3.0 },
						"LowerFootR": { "rotationX": 0.0, "rotationY": 0.0, "rotationZ": 78.0 }
					}
				},
				{
					"frame": 15,
					"elements": {
						"LowerTorso": { "offsetX": 5.0, "offsetY": -8.0, "offsetZ": 0.0, "rotationX": 0.0, "rotationY": 0.0, "rotationZ": 0.0 },
						"UpperTorso": { "rotationX": -11.0, "rotationY": -19.0, "rotationZ": 36.0 },
						"UpperArmL": { "rotationX": -17.0, "rotationY": 0.0, "rotationZ": 0.0 },
						"LowerArmL": { "rotationX": 0.0, "rotationY": 0.0, "rotationZ": -42.0 },
						"Neck": { "rotationX": 0.0, "rotationY": 0.0, "rotationZ": 8.0 },
						"Head": { "rotationX": 0.0, "rotationY": 0.0, "rotationZ": 25.0 },
						"UpperArmR": { "rotationX": 0.0, "rotationY": -53.0, "rotationZ": -44.0 },
						"LowerArmR": { "rotationX": -75.0, "rotationY": 0.0, "rotationZ": -64.0 },
						"UpperFootL": { "rotationX": 0.0, "rotationY": 22.0, "rotationZ": -114.0 },
						"LowerFootL": { "offsetX": 1.0, "offsetY": 0.0, "offsetZ": 0.0, "rotationX": 0.0, "rotationY": 0.0, "rotationZ": 114.0 },
						"UpperFootR": { "rotationX": 0.0, "rotationY": -11.0, "rotationZ": -3.0 },
						"LowerFootR": { "offsetX": 0.0, "offsetY": 1.0, "offsetZ": 0.0, "rotationX": 0.0, "rotationY": 0.0, "rotationZ": 100.0 }
					}
				},
				{
					"frame": 20,
					"elements": {
						"LowerTorso": { "offsetX": 2.0, "offsetY": -9.0, "offsetZ": 0.0, "rotationX": 0.0, "rotationY": 0.0, "rotationZ": 30.0 },
						"UpperTorso": { "rotationX": -11.0, "rotationY": -19.0, "rotationZ": 47.0 },
						"UpperArmL": { "rotationX": -17.0, "rotationY": 0.0, "rotationZ": 25.0 },
						"LowerArmL": { "rotationX": 0.0, "rotationY": 0.0, "rotationZ": -42.0 },
						"Neck": { "rotationX": 0.0, "rotationY": 0.0, "rotationZ": 8.0 },
						"Head": { "rotationX": 0.0, "rotationY": 0.0, "rotationZ": 25.0 },
						"UpperArmR": { "rotationX": 0.0, "rotationY": -53.0, "rotationZ": -61.0 },
						"LowerArmR": { "rotationX": -102.0, "rotationY": 8.0, "rotationZ": -75.0 },
						"UpperFootL": { "rotationX": 0.0, "rotationY": 22.0, "rotationZ": -83.0 },
						"LowerFootL": { "offsetX": 1.0, "offsetY": 0.0, "offsetZ": 0.0, "rotationX": 0.0, "rotationY": 0.0, "rotationZ": 114.0 },
						"UpperFootR": { "rotationX": 0.0, "rotationY": -11.0, "rotationZ": -39.0 },
						"LowerFootR": { "offsetX": 0.0, "offsetY": 1.0, "offsetZ": 0.0, "rotationX": 0.0, "rotationY": 0.0, "rotationZ": 100.0 }
					}
				},
				{
					"frame": 29,
					"elements": {
						"LowerTorso": { "offsetX": -13.0, "offsetY": -2.0, "offsetZ": 0.0, "rotationX": 0.0, "rotationY": 0.0, "rotationZ": 90.0 },
						"UpperTorso": { "rotationX": -11.0, "rotationY": 0.0, "rotationZ": 0.0 },
						"UpperArmL": { "rotationX": -17.0, "rotationY": 0.0, "rotationZ": -11.0 },
						"LowerArmL": { "rotationX": -130.0, "rotationY": 0.0, "rotationZ": 0.0 },
						"Neck": { "rotationX": 0.0, "rotationY": 0.0, "rotationZ": -42.0 },
						"Head": { "rotationX": 0.0, "rotationY": 0.0, "rotationZ": 11.0 },
						"UpperArmR": { "rotationX": 0.0, "rotationY": -66.0, "rotationZ": -58.0 },
						"LowerArmR": { "rotationX": -150.0, "rotationY": 11.0, "rotationZ": -64.0 },
						"UpperFootL": { "rotationX": 6.0, "rotationY": 0.0, "rotationZ": 0.0 },
						"LowerFootL": { "offsetX": 0.0, "offsetY": 0.0, "offsetZ": 0.0, "rotationX": 0.0, "rotationY": 0.0, "rotationZ": 0.0 },
						"UpperFootR": { "rotationX": 11.0, "rotationY": 0.0, "rotationZ": 0.0 },
						"LowerFootR": { "offsetX": 0.0, "offsetY": 0.0, "offsetZ": 0.0, "rotationX": 0.0, "rotationY": 0.0, "rotationZ": 0.0 }
					}
				}
			]
		},

		{
			"name": "Sprint",
			"code": "sprint",
			"quantityframes": 24,
			"onActivityStopped": "EaseOut",
			"onAnimationEnd": "Repeat",
			"keyframes": [
				{
					"frame": 0,
					"elements": {
						"LowerTorso": { "offsetX": 0.0, "offsetY": -2.0, "offsetZ": 0.0, "rotationX": 3.0, "rotationY": 0.0, "rotationZ": 12.0 },
						"UpperTorso": { "rotationX": -3.0, "rotationY": -5.0, "rotationZ": -5.0 },
						"UpperArmR": { "offsetX": -1.0, "offsetY": 0.0, "offsetZ": 0.0, "rotationX": 0.0, "rotationY": 0.0, "rotationZ": 67.5 },
						"LowerArmR": { "offsetX": 0.0, "offsetY": 0.6, "offsetZ": 0.0, "rotationX": 0.0, "rotationY": 0.0, "rotationZ": -102.0 },
						"UpperArmL": { "offsetX": 0.0, "offsetY": 0.0, "offsetZ": 0.0, "rotationX": 0.0, "rotationY": 0.0, "rotationZ": -45.0 },
						"LowerArmL": { "offsetX": 0.0, "offsetY": 0.7, "offsetZ": 0.0, "rotationX": 0.0, "rotationY": 0.0, "rotationZ": -67.5 },
						"Head": { "rotationX": 0.0, "rotationY": 5.0, "rotationZ": 0.0 },
						"UpperFootR": { "offsetX": -1.0, "offsetY": 0.0, "offsetZ": 0.0, "rotationX": -3.0, "rotationY": 0.0, "rotationZ": -50.0 },
						"LowerFootR": { "offsetX": 0.0, "offsetY": 0.0, "offsetZ": 0.0, "rotationX": 0.0, "rotationY": 0.0, "rotationZ": 0.0 },
						"UpperFootL": { "offsetX": 0.0, "offsetY": 0.0, "offsetZ": 0.0, "rotationX": 0.0, "rotationY": 0.0, "rotationZ": 22.5 },
						"LowerFootL": { "offsetX": 0.0, "offsetY": 1.5, "offsetZ": 0.0, "rotationX": 0.0, "rotationY": 0.0, "rotationZ": 90.0 }
					}
				},
				{
					"frame": 2,
					"elements": {
						"LowerTorso": { "offsetX": 0.0, "offsetY": -3.0, "offsetZ": 0.0 },
						"UpperFootR": { "offsetX": -1.0, "offsetY": 0.0, "offsetZ": 0.0, "rotationX": 0.0, "rotationY": 0.0, "rotationZ": -60.0 },
						"LowerFootR": { "offsetX": 0.3, "offsetY": 0.7, "offsetZ": 0.0, "rotationX": 0.0, "rotationY": 0.0, "rotationZ": 45.0 },
						"UpperFootL": { "rotationX": 0.0, "rotationY": 0.0, "rotationZ": 0.0 },
						"LowerFootL": { "offsetX": 0.0, "offsetY": 1.5, "offsetZ": 0.0 }
					}
				},
				{
					"frame": 4,
					"elements": {
						"LowerTorso": { "offsetX": 0.0, "offsetY": -1.8, "offsetZ": 0.0 },
						"UpperArmR": { "offsetX": 0.0, "offsetY": -0.5, "offsetZ": 0.0, "rotationX": 0.0, "rotationY": 0.0, "rotationZ": 10.0 },
						"LowerArmR": { "offsetX": 0.0, "offsetY": 0.4, "offsetZ": 0.0, "rotationX": 0.0, "rotationY": 0.0, "rotationZ": -44.0 },
						"UpperArmL": { "offsetX": 0.0, "offsetY": -0.5, "offsetZ": 0.0 },
						"UpperFootR": { "rotationX": 0.0, "rotationY": 0.0, "rotationZ": -30.0 },
						"LowerFootR": { "offsetX": 0.3, "offsetY": 0.6, "offsetZ": 0.0, "rotationX": 0.0, "rotationY": 0.0, "rotationZ": 45.0 },
						"UpperFootL": { "rotationX": 0.0, "rotationY": 0.0, "rotationZ": -45.0 },
						"LowerFootL": { "offsetX": 0.0, "offsetY": 1.5, "offsetZ": 0.0, "rotationX": 0.0, "rotationY": 0.0, "rotationZ": 90.0 }
					}
				},
				{
					"frame": 6,
					"elements": {
						"LowerTorso": { "offsetX": 0.0, "offsetY": -1.5, "offsetZ": 0.0 },
						"UpperFootR": { "rotationX": 0.0, "rotationY": 0.0, "rotationZ": 0.0 },
						"LowerFootR": { "offsetX": 0.0, "offsetY": 0.0, "offsetZ": 0.0, "rotationX": 0.0, "rotationY": 0.0, "rotationZ": 22.5 },
						"UpperFootL": { "rotationX": 0.0, "rotationY": 0.0, "rotationZ": -45.0 },
						"LowerFootL": { "offsetX": 0.8, "offsetY": 1.3, "offsetZ": 0.0 },
						"UpperTorso": { "rotationX": 0.0, "rotationY": 0.0, "rotationZ": -2.0 },
						"LowerArmL": { "offsetX": 0.0, "offsetY": 0.2, "offsetZ": 0.0 },
						"LowerArmR": { "offsetX": 0.0, "offsetY": 0.4, "offsetZ": 0.0, "rotationX": 0.0, "rotationY": 0.0, "rotationZ": -44.0 },
						"Head": { "rotationX": 0.0, "rotationY": 0.0, "rotationZ": -5.0 }
					}
				},
				{
					"frame": 8,
					"elements": {
						"LowerTorso": { "offsetX": 0.0, "offsetY": -1.3, "offsetZ": 0.0 },
						"UpperFootR": { "rotationX": 0.0, "rotationY": 0.0, "rotationZ": 22.5 },
						"LowerFootR": { "rotationX": 0.0, "rotationY": 0.0, "rotationZ": 0.0 },
						"UpperFootL": { "rotationX": 0.0, "rotationY": 0.0, "rotationZ": -67.5 },
						"LowerFootL": { "offsetX": 0.3, "offsetY": 0.6, "offsetZ": 0.0, "rotationX": 0.0, "rotationY": 0.0, "rotationZ": 45.0 },
						"LowerArmR": { "rotationX": 0.0, "rotationY": 0.0, "rotationZ": -61.0 }
					}
				},
				{
					"frame": 10,
					"elements": {
						"UpperFootL": { "rotationX": 0.0, "rotationY": 0.0, "rotationZ": -67.5 },
						"LowerFootL": { "offsetX": 0.0, "offsetY": 0.0, "offsetZ": 0.0 },
						"LowerFootR": { "offsetX": 0.2, "offsetY": 0.6, "offsetZ": 0.0 },
						"UpperArmL": { "offsetX": -1.0, "offsetY": 0.0, "offsetZ": 0.0 },
						"UpperArmR": { "offsetX": 0.0, "offsetY": 0.0, "offsetZ": 0.0, "rotationX": 0.0, "rotationY": 0.0, "rotationZ": 33.0 }
					}
				},
				{
					"frame": 12,
					"elements": {
						"LowerTorso": { "offsetX": 0.0, "offsetY": -2.0, "offsetZ": 0.0, "rotationX": -3.0, "rotationY": 0.0, "rotationZ": 12.0 },
						"UpperFootL": { "offsetX": -0.5, "offsetY": 0.0, "offsetZ": 0.0, "rotationX": 3.0, "rotationY": 0.0, "rotationZ": -50.0 },
						"LowerFootL": { "offsetX": 0.0, "offsetY": 0.0, "offsetZ": 0.0, "rotationX": 0.0, "rotationY": 0.0, "rotationZ": 0.0 },
						"UpperFootR": { "offsetX": 0.0, "offsetY": 0.0, "offsetZ": 0.0, "rotationX": 3.0, "rotationY": 0.0, "rotationZ": 22.5 },
						"LowerFootR": { "offsetX": 0.0, "offsetY": 1.5, "offsetZ": 0.0, "rotationX": 0.0, "rotationY": 0.0, "rotationZ": 90.0 },
						"UpperTorso": { "rotationX": 3.0, "rotationY": 5.0, "rotationZ": -5.0 },
						"UpperArmL": { "rotationX": 0.0, "rotationY": 0.0, "rotationZ": 67.5 },
						"UpperArmR": { "rotationX": 0.0, "rotationY": 0.0, "rotationZ": 33.0 },
						"LowerArmR": { "offsetX": -0.3, "offsetY": 0.4, "offsetZ": 0.0, "rotationX": 0.0, "rotationY": 0.0, "rotationZ": -67.5 },
						"Head": { "rotationX": 0.0, "rotationY": -5.0, "rotationZ": 0.0 }
					}
				},
				{
					"frame": 14,
					"elements": {
						"LowerTorso": { "offsetX": 0.0, "offsetY": -3.0, "offsetZ": 0.0 },
						"UpperFootL": { "offsetX": -0.7, "offsetY": 0.0, "offsetZ": 0.0, "rotationX": 0.0, "rotationY": 0.0, "rotationZ": -60.0 },
						"LowerFootL": { "offsetX": 0.3, "offsetY": 0.7, "offsetZ": 0.0, "rotationX": 0.0, "rotationY": 0.0, "rotationZ": 45.0 },
						"LowerFootR": { "offsetX": 0.0, "offsetY": 1.5, "offsetZ": 0.0 }
					}
				},
				{
					"frame": 16,
					"elements": {
						"LowerTorso": { "offsetX": 0.0, "offsetY": -1.8, "offsetZ": 0.0 },
						"UpperFootL": { "offsetX": -0.5, "offsetY": 0.0, "offsetZ": 0.0, "rotationX": 0.0, "rotationY": 0.0, "rotationZ": -30.0 },
						"LowerFootL": { "rotationX": 0.0, "rotationY": 0.0, "rotationZ": 45.0 },
						"UpperFootR": { "rotationX": 0.0, "rotationY": 0.0, "rotationZ": -45.0 },
						"LowerFootR": { "offsetX": 0.0, "offsetY": 1.5, "offsetZ": 0.0, "rotationX": 0.0, "rotationY": 0.0, "rotationZ": 90.0 },
						"UpperArmR": { "offsetX": 0.0, "offsetY": -0.5, "offsetZ": 0.0 }
					}
				},
				{
					"frame": 18,
					"elements": {
						"LowerTorso": { "offsetX": 0.0, "offsetY": -1.5, "offsetZ": 0.0 },
						"UpperFootL": { "rotationX": 0.0, "rotationY": 0.0, "rotationZ": 0.0 },
						"LowerFootL": { "offsetX": 0.0, "offsetY": 0.0, "offsetZ": 0.0, "rotationX": 0.0, "rotationY": 0.0, "rotationZ": 22.5 },
						"UpperFootR": { "rotationX": 0.0, "rotationY": 0.0, "rotationZ": -45.0 },
						"LowerFootR": { "offsetX": 0.8, "offsetY": 1.3, "offsetZ": 0.0 },
						"UpperTorso": { "rotationX": 0.0, "rotationY": 0.0, "rotationZ": -2.0 },
						"Head": { "rotationX": 0.0, "rotationY": 0.0, "rotationZ": -5.0 },
						"UpperArmL": { "offsetX": 0.0, "offsetY": -0.8, "offsetZ": 0.0 }
					}
				},
				{
					"frame": 20,
					"elements": {
						"LowerTorso": { "offsetX": 0.0, "offsetY": -1.3, "offsetZ": 0.0 },
						"UpperFootL": { "offsetX": -0.3333333333333333, "offsetY": 0.0, "offsetZ": 0.0, "rotationX": 0.0, "rotationY": 0.0, "rotationZ": 22.5 },
						"LowerFootL": { "rotationX": 0.0, "rotationY": 0.0, "rotationZ": 0.0 },
						"UpperFootR": { "rotationX": 0.0, "rotationY": 0.0, "rotationZ": -67.5 },
						"LowerFootR": { "offsetX": 0.3, "offsetY": 0.6, "offsetZ": 0.0, "rotationX": 0.0, "rotationY": 0.0, "rotationZ": 45.0 }
					}
				},
				{
					"frame": 22,
					"elements": {
						"LowerTorso": { "offsetX": 0.0, "offsetY": -1.65, "offsetZ": 0.0 },
						"LowerFootL": { "offsetX": 0.2, "offsetY": 0.6, "offsetZ": 0.0 },
						"UpperFootR": { "rotationX": 0.0, "rotationY": 0.0, "rotationZ": -67.5 }
					}
				}
			]
		},

		{
			"name": "swim",
			"code": "swim",
			"quantityframes": 30,
			"onActivityStopped": "EaseOut",
			"onAnimationEnd": "Repeat",
			"keyframes": [
				{
					"frame": 0,
					"elements": {
						"LowerTorso": { "offsetX": -13.0, "offsetY": 0.0, "offsetZ": 0.0, "rotationX": 0.0, "rotationY": 0.0, "rotationZ": 90.0 },
						"UpperArmL": { "rotationX": 0.0, "rotationY": 0.0, "rotationZ": 0.0 },
						"LowerArmL": { "rotationX": 0.0, "rotationY": 0.0, "rotationZ": 0.0 },
						"UpperArmR": { "rotationX": 0.0, "rotationY": 0.0, "rotationZ": 0.0 },
						"LowerArmR": { "rotationX": 0.0, "rotationY": 0.0, "rotationZ": 0.0 },
						"Neck": { "offsetX": 0.0, "offsetY": -2.0, "offsetZ": 0.0, "rotationX": 0.0, "rotationY": 0.0, "rotationZ": 0.0 },
						"Head": { "offsetX": 1.0, "offsetY": 1.0, "offsetZ": 0.0, "rotationX": 0.0, "rotationY": 0.0, "rotationZ": -55.0 },
						"UpperFootR": { "rotationX": 0.0, "rotationY": 0.0, "rotationZ": 0.0 },
						"LowerFootR": { "rotationX": 0.0, "rotationY": 0.0, "rotationZ": 0.0 },
						"UpperFootL": { "rotationX": 0.0, "rotationY": 0.0, "rotationZ": 0.0 },
						"LowerFootL": { "rotationX": 0.0, "rotationY": 0.0, "rotationZ": 0.0 }
					}
				},
				{
					"frame": 10,
					"elements": {
						"UpperFootL": { "rotationX": -19.0, "rotationY": 0.0, "rotationZ": 0.0 },
						"LowerFootL": { "rotationX": 17.0, "rotationY": 0.0, "rotationZ": 0.0 },
						"UpperFootR": { "rotationX": 22.0, "rotationY": 0.0, "rotationZ": 0.0 },
						"LowerFootR": { "rotationX": -19.0, "rotationY": 0.0, "rotationZ": 0.0 },
						"UpperArmL": { "rotationX": 0.0, "rotationY": 0.0, "rotationZ": -97.0 },
						"LowerArmL": { "rotationX": 0.0, "rotationY": 0.0, "rotationZ": -89.0 },
						"UpperArmR": { "rotationX": 0.0, "rotationY": 0.0, "rotationZ": -105.0 },
						"LowerArmR": { "rotationX": 0.0, "rotationY": 0.0, "rotationZ": -83.0 }
					}
				},
				{
					"frame": 20,
					"elements": {
						"UpperArmL": { "rotationX": 0.0, "rotationY": 0.0, "rotationZ": -169.0 },
						"LowerArmL": { "rotationX": 0.0, "rotationY": 0.0, "rotationZ": -6.0 },
						"UpperArmR": { "rotationX": 0.0, "rotationY": 0.0, "rotationZ": -166.0 },
						"LowerArmR": { "rotationX": 0.0, "rotationY": 0.0, "rotationZ": -8.0 }
					}
				},
				{
					"frame": 25,
					"elements": {
						"UpperArmL": { "rotationX": 105.0, "rotationY": 180.0, "rotationZ": -180.0 }
					}
				}
			]
		},

		{
			"name": "attack",
			"code": "attack",
			"quantityframes": 20,
			"onActivityStopped": "PlayTillEnd",
			"onAnimationEnd": "Stop",
			"keyframes": [
				{
					"frame": 1,
					"elements": {
						"UpperTorso": { "rotationX": 0.0, "rotationY": 0.0, "rotationZ": 0.0 },
						"UpperArmR": { "rotationX": 0.0, "rotationY": 0.0, "rotationZ": 0.0 },
						"LowerArmR": { "rotationX": 0.0, "rotationY": 0.0, "rotationZ": 0.0 }
					}
				},
				{
					"frame": 4,
					"elements": {
						"UpperTorso": { "rotationX": 0.0, "rotationY": -25.0, "rotationZ": 0.0 },
						"UpperArmR": { "rotationX": 14.0, "rotationY": 3.0, "rotationZ": 55.0 },
						"LowerArmR": { "rotationX": 0.0, "rotationY": 0.0, "rotationZ": -83.0 },
						"spear": { "offsetX": 0.0, "offsetY": 0.0, "offsetZ": 0.0, "rotationX": 0.0, "rotationY": 0.0, "rotationZ": -33.0 }
					}
				},
				{
					"frame": 8,
					"elements": {
						"UpperTorso": { "rotationX": 0.0, "rotationY": -25.0, "rotationZ": 0.0 },
						"UpperArmR": { "rotationX": 69.0, "rotationY": -22.0, "rotationZ": 6.0 },
						"LowerArmR": { "rotationX": 0.0, "rotationY": 14.0, "rotationZ": -119.0 },
						"spear": { "offsetX": 0.0, "offsetY": -6.0, "offsetZ": -1.0, "rotationX": -19.0, "rotationY": -19.0, "rotationZ": -97.0 }
					}
				},
				{
					"frame": 11,
					"elements": {
						"UpperTorso": { "rotationX": 0.0, "rotationY": 0.0, "rotationZ": 0.0 },
						"UpperArmR": { "rotationX": 69.0, "rotationY": -19.0, "rotationZ": -17.0 },
						"LowerArmR": { "rotationX": 0.0, "rotationY": 14.0, "rotationZ": -75.0 },
						"spear": { "offsetX": 0.0, "offsetY": -6.0, "offsetZ": -1.0, "rotationX": -19.0, "rotationY": -19.0, "rotationZ": -97.0 }
					}
				},
				{
					"frame": 13,
					"elements": {
						"UpperTorso": { "rotationX": 0.0, "rotationY": 11.0, "rotationZ": 0.0 },
						"UpperArmR": { "rotationX": 69.0, "rotationY": 8.0, "rotationZ": -44.0 },
						"LowerArmR": { "rotationX": 17.0, "rotationY": -6.0, "rotationZ": -42.0 },
						"spear": { "offsetX": 0.0, "offsetY": -6.0, "offsetZ": -1.0, "rotationX": -19.0, "rotationY": -19.0, "rotationZ": -97.0 }
					}
				},
				{
					"frame": 15,
					"elements": {
						"UpperTorso": { "rotationX": 0.0, "rotationY": 19.0, "rotationZ": 0.0 },
						"Neck": { "rotationX": 6.0, "rotationY": -14.0, "rotationZ": -14.0 },
						"UpperArmR": { "rotationX": 69.0, "rotationY": 8.0, "rotationZ": -66.0 },
						"LowerArmR": { "rotationX": 25.0, "rotationY": -3.0, "rotationZ": -11.0 },
						"spear": { "offsetX": 0.0, "offsetY": -6.0, "offsetZ": -1.0, "rotationX": -19.0, "rotationY": -19.0, "rotationZ": -97.0 }
					}
				}
			]
		},

		{
			"name": "hurt",
			"code": "hurt",
			"quantityframes": 30,
			"onActivityStopped": "PlayTillEnd",
			"onAnimationEnd": "Stop",
			"keyframes": [
				{
					"frame": 0,
					"elements": {
						"UpperTorso": { "rotationX": 0.0, "rotationY": 0.0, "rotationZ": 0.0 },
						"Neck": { "rotationX": 0.0, "rotationY": 0.0, "rotationZ": 0.0 },
						"UpperArmL": { "rotationX": 0.0, "rotationY": 0.0, "rotationZ": 0.0 },
						"UpperArmR": { "rotationX": 0.0, "rotationY": 0.0, "rotationZ": 0.0 },
						"LowerArmL": { "rotationX": 0.0, "rotationY": 0.0, "rotationZ": 0.0 },
						"LowerArmR": { "rotationX": 0.0, "rotationY": 0.0, "rotationZ": 0.0 }
					}
				},
				{
					"frame": 1,
					"elements": {

					}
				},
				{
					"frame": 3,
					"elements": {
						"UpperTorso": { "rotationX": 0.0, "rotationY": -19.0, "rotationZ": 0.0 },
						"Neck": { "rotationX": 0.0, "rotationY": -19.0, "rotationZ": -25.0 },
						"UpperArmL": { "rotationX": -17.0, "rotationY": 14.0, "rotationZ": 3.0 },
						"LowerArmL": { "rotationX": -14.0, "rotationY": 0.0, "rotationZ": -100.0 },
						"UpperArmR": { "rotationX": 11.0, "rotationY": -22.0, "rotationZ": 17.0 },
						"LowerArmR": { "rotationX": 0.0, "rotationY": -3.0, "rotationZ": -36.0 }
					}
				},
				{
					"frame": 8,
					"elements": {

					}
				},
				{
					"frame": 16,
					"elements": {

					}
				},
				{
					"frame": 18,
					"elements": {

					}
				},
				{
					"frame": 25,
					"elements": {

					}
				},
				{
					"frame": 29,
					"elements": {
						"UpperTorso": { "rotationX": 0.0, "rotationY": 0.0, "rotationZ": 0.0 },
						"Neck": { "rotationX": 0.0, "rotationY": 0.0, "rotationZ": 0.0 },
						"UpperArmL": { "rotationX": 0.0, "rotationY": 0.0, "rotationZ": 0.0 },
						"LowerArmL": { "rotationX": 0.0, "rotationY": 0.0, "rotationZ": 0.0 },
						"UpperArmR": { "rotationX": 0.0, "rotationY": 0.0, "rotationZ": 0.0 },
						"LowerArmR": { "rotationX": 0.0, "rotationY": 0.0, "rotationZ": 0.0 }
					}
				}
			]
		}
	]
}