{
	"editor": {
		"allAngles": false,
		"entityTextureMode": false
	},
	"textureWidth": 8,
	"textureHeight": 8,
	"textureSizes": {
	},
	"textures": {
		"grubs": "game:block/creature/glowworm/glowworm"
	},
	"elements": [
		{
			"name": "origin",
			"from": [ 8.0, 0.0, 8.0 ], 
			"to": [ 8.0, 0.0, 8.0 ], 
			"rotationOrigin": [ 8.0, 0.0, 8.0 ],
			"faces": {
				"north": { "texture": "#null", "uv": [ 0.0, 0.0, 0.5, 0.5 ], "enabled": false },
				"east": { "texture": "#null", "uv": [ 0.0, 0.0, 0.5, 0.5 ], "enabled": false },
				"south": { "texture": "#null", "uv": [ 0.0, 0.0, 0.5, 0.5 ], "enabled": false },
				"west": { "texture": "#null", "uv": [ 0.0, 0.0, 0.5, 0.5 ], "enabled": false },
				"up": { "texture": "#null", "uv": [ 0.0, 0.0, 0.5, 0.5 ], "enabled": false },
				"down": { "texture": "#null", "uv": [ 0.0, 0.0, 0.5, 0.5 ], "enabled": false }
			},
			"children": [
				{
					"name": "grub1body",
					"from": [ -1.0, 0.0, -2.0 ], 
					"to": [ 3.0, 2.0, 0.0 ], 
					"rotationOrigin": [ 1.0, 0.0, -1.0 ],
					"rotationY": -22.5,
					"faces": {
						"north": { "texture": "#grubs", "uv": [ 1.0, 3.0, 3.0, 7.0 ], "rotation": 90, "glow": 100 },
						"east": { "texture": "#grubs", "uv": [ 0.5, 4.0, 2.5, 6.0 ], "rotation": 90, "glow": 100 },
						"south": { "texture": "#grubs", "uv": [ 0.0, 2.5, 2.0, 6.5 ], "rotation": 90, "glow": 100 },
						"west": { "texture": "#grubs", "uv": [ 0.5, 4.0, 2.5, 6.0 ], "rotation": 90, "glow": 100 },
						"up": { "texture": "#grubs", "uv": [ 1.5, 3.5, 3.5, 7.5 ], "rotation": 90, "glow": 100 },
						"down": { "texture": "#grubs", "uv": [ 1.5, 3.0, 3.5, 7.0 ], "rotation": 90, "glow": 100 }
					},
					"children": [
						{
							"name": "grub1head",
							"from": [ 3.7, 0.3, 0.2 ], 
							"to": [ 5.2, 1.8, 1.7 ], 
							"rotationOrigin": [ 3.7, 0.9, 0.9 ],
							"rotationY": -22.5,
							"faces": {
								"north": { "texture": "#grubs", "uv": [ 1.5, 0.0, 3.0, 1.5 ] },
								"east": { "texture": "#grubs", "uv": [ 1.0, 0.0, 2.5, 1.5 ] },
								"south": { "texture": "#grubs", "uv": [ 0.0, 0.0, 1.5, 1.5 ] },
								"west": { "texture": "#grubs", "uv": [ 0.0, 0.0, 1.5, 1.5 ], "enabled": false },
								"up": { "texture": "#grubs", "uv": [ 0.0, 0.0, 1.5, 1.5 ], "rotation": 90, "glow": 100 },
								"down": { "texture": "#grubs", "uv": [ 1.5, 0.0, 3.0, 1.5 ], "rotation": 270, "glow": 100 }
							}
						},
						{
							"name": "grub1tail",
							"from": [ -2.5, 0.2, 0.0 ], 
							"to": [ 0.5, 1.8, 1.6 ], 
							"rotationOrigin": [ 0.5, 1.0, 0.7 ],
							"rotationY": 45.0,
							"faces": {
								"north": { "texture": "#grubs", "uv": [ 1.5, 2.5, 3.0, 5.5 ], "rotation": 90, "glow": 100 },
								"east": { "texture": "#grubs", "uv": [ 0.0, 0.0, 1.5, 1.5 ], "enabled": false },
								"south": { "texture": "#grubs", "uv": [ 1.5, 3.0, 3.0, 6.0 ], "rotation": 90, "glow": 100 },
								"west": { "texture": "#grubs", "uv": [ 0.5, 3.5, 2.0, 5.0 ], "rotation": 90, "glow": 100 },
								"up": { "texture": "#grubs", "uv": [ 2.0, 3.5, 3.5, 6.5 ], "rotation": 90, "glow": 100 },
								"down": { "texture": "#grubs", "uv": [ 2.0, 3.0, 3.5, 6.0 ], "rotation": 90, "glow": 100 }
							},
							"children": [
								{
									"name": "grub1tailtip",
									"from": [ -1.2, 0.3, 0.6 ], 
									"to": [ 0.0, 1.3, 1.6 ], 
									"rotationOrigin": [ 0.0, 0.8, 0.6 ],
									"rotationY": 22.5,
									"faces": {
										"north": { "texture": "#grubs", "uv": [ 1.5, 4.5, 2.5, 5.5 ], "glow": 100 },
										"east": { "texture": "#grubs", "uv": [ 0.0, 0.0, 1.0, 1.0 ], "enabled": false },
										"south": { "texture": "#grubs", "uv": [ 2.0, 4.5, 3.0, 5.5 ], "glow": 100 },
										"west": { "texture": "#grubs", "uv": [ 0.5, 4.0, 1.5, 5.0 ], "glow": 100 },
										"up": { "texture": "#grubs", "uv": [ 0.5, 4.0, 1.5, 5.0 ], "glow": 100 },
										"down": { "texture": "#grubs", "uv": [ 1.0, 2.5, 2.0, 3.5 ], "glow": 100 }
									}
								}
							]
						}
					]
				},
				{
					"name": "grub2body",
					"from": [ 4.0, 0.0, 0.0 ], 
					"to": [ 6.5, 1.5, 1.5 ], 
					"rotationOrigin": [ 5.0, 0.7, 1.5 ],
					"rotationY": -135.0,
					"faces": {
						"north": { "texture": "#grubs", "uv": [ 0.0, 3.5, 1.5, 6.0 ], "rotation": 90, "glow": 100 },
						"east": { "texture": "#grubs", "uv": [ 0.5, 1.5, 2.0, 3.0 ], "rotation": 90, "glow": 100 },
						"south": { "texture": "#grubs", "uv": [ 0.5, 3.0, 2.0, 5.5 ], "rotation": 90, "glow": 100 },
						"west": { "texture": "#grubs", "uv": [ 0.0, 2.0, 1.5, 3.5 ], "rotation": 90, "glow": 100 },
						"up": { "texture": "#grubs", "uv": [ 2.0, 3.0, 3.5, 5.5 ], "rotation": 90, "glow": 100 },
						"down": { "texture": "#grubs", "uv": [ 2.0, 3.0, 3.5, 5.5 ], "rotation": 90, "glow": 100 }
					},
					"children": [
						{
							"name": "grub2head",
							"from": [ 2.3, 0.3, 0.1 ], 
							"to": [ 3.3, 1.3, 1.1 ], 
							"rotationOrigin": [ 2.3, 0.8, 0.6 ],
							"rotationY": -22.5,
							"faces": {
								"north": { "texture": "#grubs", "uv": [ 0.0, 0.0, 1.0, 1.0 ], "glow": 100 },
								"east": { "texture": "#grubs", "uv": [ 0.0, 0.0, 1.0, 1.0 ], "glow": 100 },
								"south": { "texture": "#grubs", "uv": [ 1.0, 0.0, 2.0, 1.0 ], "glow": 100 },
								"west": { "texture": "#grubs", "uv": [ 0.0, 0.0, 1.0, 1.0 ], "enabled": false, "autoUv": false },
								"up": { "texture": "#grubs", "uv": [ 1.5, 0.0, 2.5, 1.0 ], "glow": 100 },
								"down": { "texture": "#grubs", "uv": [ 1.0, 0.0, 2.0, 1.0 ], "glow": 100 }
							}
						},
						{
							"name": "grub2tail",
							"from": [ -1.6, 0.1, -0.1 ], 
							"to": [ 0.4, 1.3, 1.1 ], 
							"rotationOrigin": [ 0.4, 0.6, 0.5 ],
							"rotationY": 45.0,
							"faces": {
								"north": { "texture": "#grubs", "uv": [ 1.0, 3.5, 2.0, 5.5 ], "rotation": 90, "glow": 100 },
								"east": { "texture": "#grubs", "uv": [ 0.0, 0.0, 1.0, 1.0 ], "enabled": false },
								"south": { "texture": "#grubs", "uv": [ 1.0, 3.0, 2.0, 5.0 ], "rotation": 90, "glow": 100 },
								"west": { "texture": "#grubs", "uv": [ 1.5, 2.5, 2.5, 3.5 ], "glow": 100 },
								"up": { "texture": "#grubs", "uv": [ 2.5, 2.5, 3.5, 4.5 ], "rotation": 90, "glow": 100 },
								"down": { "texture": "#grubs", "uv": [ 2.5, 3.0, 3.5, 5.0 ], "rotation": 90, "glow": 100 }
							}
						}
					]
				},
				{
					"name": "grub3body",
					"from": [ -2.0, 0.0, 2.0 ], 
					"to": [ 0.5, 1.5, 3.5 ], 
					"rotationOrigin": [ -1.0, 0.7, 3.5 ],
					"rotationY": -45.0,
					"faces": {
						"north": { "texture": "#grubs", "uv": [ 0.0, 3.5, 1.5, 6.0 ], "rotation": 90, "glow": 100 },
						"east": { "texture": "#grubs", "uv": [ 0.5, 1.5, 2.0, 3.0 ], "rotation": 90, "glow": 100 },
						"south": { "texture": "#grubs", "uv": [ 0.5, 3.0, 2.0, 5.5 ], "rotation": 90, "glow": 100 },
						"west": { "texture": "#grubs", "uv": [ 0.0, 2.0, 1.5, 3.5 ], "rotation": 90, "glow": 100 },
						"up": { "texture": "#grubs", "uv": [ 2.0, 3.0, 3.5, 5.5 ], "rotation": 90, "glow": 100 },
						"down": { "texture": "#grubs", "uv": [ 2.0, 3.0, 3.5, 5.5 ], "rotation": 90, "glow": 100 }
					},
					"children": [
						{
							"name": "grub3head",
							"from": [ 2.3, 0.3, 0.1 ], 
							"to": [ 3.3, 1.3, 1.1 ], 
							"rotationOrigin": [ 2.3, 0.8, 0.6 ],
							"rotationY": -22.5,
							"faces": {
								"north": { "texture": "#grubs", "uv": [ 0.0, 0.0, 1.0, 1.0 ], "glow": 100 },
								"east": { "texture": "#grubs", "uv": [ 0.0, 0.0, 1.0, 1.0 ], "glow": 100 },
								"south": { "texture": "#grubs", "uv": [ 1.0, 0.0, 2.0, 1.0 ], "glow": 100 },
								"west": { "texture": "#grubs", "uv": [ 0.0, 0.0, 1.0, 1.0 ], "enabled": false, "autoUv": false },
								"up": { "texture": "#grubs", "uv": [ 1.5, 0.0, 2.5, 1.0 ], "glow": 100 },
								"down": { "texture": "#grubs", "uv": [ 1.0, 0.0, 2.0, 1.0 ], "glow": 100 }
							}
						},
						{
							"name": "grub3tail",
							"from": [ -1.6, 0.1, -0.1 ], 
							"to": [ 0.4, 1.3, 1.1 ], 
							"rotationOrigin": [ 0.4, 0.6, 0.5 ],
							"rotationY": 45.0,
							"faces": {
								"north": { "texture": "#grubs", "uv": [ 1.0, 3.5, 2.0, 5.5 ], "rotation": 90, "glow": 100 },
								"east": { "texture": "#grubs", "uv": [ 0.0, 0.0, 1.0, 1.0 ], "enabled": false },
								"south": { "texture": "#grubs", "uv": [ 1.0, 3.0, 2.0, 5.0 ], "rotation": 90, "glow": 100 },
								"west": { "texture": "#grubs", "uv": [ 1.5, 2.5, 2.5, 3.5 ], "glow": 100 },
								"up": { "texture": "#grubs", "uv": [ 2.5, 2.5, 3.5, 4.5 ], "rotation": 90, "glow": 100 },
								"down": { "texture": "#grubs", "uv": [ 2.5, 3.0, 3.5, 5.0 ], "rotation": 90, "glow": 100 }
							}
						}
					]
				},
				{
					"name": "grub4body",
					"from": [ -4.0, 0.0, -6.0 ], 
					"to": [ -1.5, 1.5, -4.5 ], 
					"rotationOrigin": [ -3.0, 0.7, -4.5 ],
					"rotationY": -157.5,
					"faces": {
						"north": { "texture": "#grubs", "uv": [ 0.0, 3.5, 1.5, 6.0 ], "rotation": 90, "glow": 100 },
						"east": { "texture": "#grubs", "uv": [ 0.5, 1.5, 2.0, 3.0 ], "rotation": 90, "glow": 100 },
						"south": { "texture": "#grubs", "uv": [ 0.5, 3.0, 2.0, 5.5 ], "rotation": 90, "glow": 100},
						"west": { "texture": "#grubs", "uv": [ 0.0, 2.0, 1.5, 3.5 ], "rotation": 90, "glow": 100 },
						"up": { "texture": "#grubs", "uv": [ 2.0, 3.0, 3.5, 5.5 ], "rotation": 90, "glow": 100 },
						"down": { "texture": "#grubs", "uv": [ 2.0, 3.0, 3.5, 5.5 ], "rotation": 90, "glow": 100 }
					},
					"children": [
						{
							"name": "grub4head",
							"from": [ 2.3, 0.3, 0.1 ], 
							"to": [ 3.3, 1.3, 1.1 ], 
							"rotationOrigin": [ 2.3, 0.8, 0.6 ],
							"rotationY": -22.5,
							"faces": {
								"north": { "texture": "#grubs", "uv": [ 0.0, 0.0, 1.0, 1.0 ], "glow": 100 },
								"east": { "texture": "#grubs", "uv": [ 0.0, 0.0, 1.0, 1.0 ], "glow": 100 },
								"south": { "texture": "#grubs", "uv": [ 1.0, 0.0, 2.0, 1.0 ], "glow": 100 },
								"west": { "texture": "#grubs", "uv": [ 0.0, 0.0, 1.0, 1.0 ], "enabled": false, "autoUv": false },
								"up": { "texture": "#grubs", "uv": [ 1.5, 0.0, 2.5, 1.0 ], "glow": 100 },
								"down": { "texture": "#grubs", "uv": [ 1.0, 0.0, 2.0, 1.0 ], "glow": 100 }
							}
						},
						{
							"name": "grub4tail",
							"from": [ -1.6, 0.1, -0.1 ], 
							"to": [ 0.4, 1.3, 1.1 ], 
							"rotationOrigin": [ 0.4, 0.6, 0.5 ],
							"rotationY": 45.0,
							"faces": {
								"north": { "texture": "#grubs", "uv": [ 1.0, 3.5, 2.0, 5.5 ], "rotation": 90, "glow": 100 },
								"east": { "texture": "#grubs", "uv": [ 0.0, 0.0, 1.0, 1.0 ], "enabled": false },
								"south": { "texture": "#grubs", "uv": [ 1.0, 3.0, 2.0, 5.0 ], "rotation": 90, "glow": 100 },
								"west": { "texture": "#grubs", "uv": [ 1.5, 2.5, 2.5, 3.5 ], "glow": 100 },
								"up": { "texture": "#grubs", "uv": [ 2.5, 2.5, 3.5, 4.5 ], "rotation": 90, "glow": 100 },
								"down": { "texture": "#grubs", "uv": [ 2.5, 3.0, 3.5, 5.0 ], "rotation": 90, "glow": 100 }
							}
						}
					]
				}
			]
		}
	]}
