{
	code: "temporalsword",
	attributes: {
		handbook: {
			groupBy: ["temporalsword"]
		},
		toolrackTransform: {
			translation: { x: 0, y: 0.4, z: 0 }
		}
	},
	damagedby: ["blockbreaking", "attacking"],
	tool: "sword",
	class: "ItemSword",
		toolrackTransformByType: {
			"*":
				{
					rotation: { y: 180, z: 1 },
					translation: { x: -0.1, y: 0.6 },
					scale: 1.25
				}
	},
	shape: { base: "item/temporalsword" },
	heldTpHitAnimation: "swordhit",
	attackRange: 2.5,
	tooltier: 8,
	miningspeed: {
			"wood": 2,
			"leaves": 1.4
		},
	attackpower: 10,
	durability: 350,
	creativeinventory: { "general": ["*"], "items": ["*"], "tools": ["*"] },
	guiTransform: {
		rotation: { x: -51, y: 57, z: 12 },
		origin: { x: 1.75, y: 1, z: 0 },
		scale: 2.15
	},
	fpHandTransform: {
		translation: { x: -0.5, y: -0.4, z: 0 },
		rotation: { x: 15, y: 15, z: 90 },
		scale: 3.5
	},
	groundTransform: {
		translation: { x: 0, y: 0, z: 0 },
		rotation: { x: 180, y: 0, z: 0 },
		origin: { x: 0.5, y: 0.03, z: 0.5299 },
		scale: 4.5
	},
	tpHandTransform: {
		translation: { x: 0.3, y: -0.5, z: 0 },
		rotation: { x: 90, y: 0, z: 0 },
		origin: { x: 0, y: 0, z: 0 },
		scale: 1
	}
}