{
	"editor": {
		"allAngles": true,
		"entityTextureMode": false
	},
	"textureWidth": 16,
	"textureHeight": 16,
	"textureSizes": {
	},
	"textures": {
		"topazpink": "item/resource/ungraded/topazpink"
	},
	"elements": [
		{
			"name": "origin",
			"from": [ 6.8, -0.5, 6.4 ],
			"to": [ 6.8, -0.5, 6.4 ],
			"rotationOrigin": [ 8.0, 0.0, 8.0 ],
			"faces": {
			},
			"children": [
				{
					"name": "Cube10",
					"from": [ 0.79, 0.4, 0.89 ],
					"to": [ 2.4, 4.4, 1.84 ],
					"rotationOrigin": [ 1.6, 0.4, 1.37 ],
					"faces": {
						"east": { "texture": "#topazpink", "uv": [ 5.5, 7.0, 6.5, 11.0 ], "autoUv": false },
						"west": { "texture": "#topazpink", "uv": [ 13.0, 4.0, 14.0, 8.0 ], "autoUv": false },
						"up": { "texture": "#topazpink", "uv": [ 8.5, 6.5, 10.0, 7.5 ], "autoUv": false },
						"down": { "texture": "#topazpink", "uv": [ 8.0, 5.5, 9.5, 6.5 ], "autoUv": false }
					},
					"children": [
						{
							"name": "Cube13",
							"from": [ 0.06, 0.005, -0.59 ],
							"to": [ 0.74, 4.005, 0.06 ],
							"rotationOrigin": [ 0.425, 0.0, -0.248 ],
							"rotationY": 75.0,
							"faces": {
								"north": { "texture": "#topazpink", "uv": [ 7.5, 4.0, 8.0, 8.0 ], "windMode": [-1,-1,-1,-1] },
								"east": { "texture": "#topazpink", "uv": [ 14.5, 6.0, 15.0, 10.0 ], "autoUv": false },
								"up": { "texture": "#topazpink", "uv": [ 7.0, 4.0, 7.5, 4.5 ], "autoUv": false },
								"down": { "texture": "#topazpink", "uv": [ 10.5, 6.5, 11.0, 7.0 ], "autoUv": false }
							}
						}
					]
				},
				{
					"name": "Cube11",
					"from": [ 0.8, 0.41, 0.88 ],
					"to": [ 2.41, 4.41, 1.83 ],
					"rotationOrigin": [ 1.6, 0.4, 1.37 ],
					"rotationY": 60.0,
					"faces": {
						"east": { "texture": "#topazpink", "uv": [ 14.5, 6.0, 15.5, 10.0 ], "autoUv": false },
						"west": { "texture": "#topazpink", "uv": [ 3.0, 6.0, 4.0, 10.0 ], "autoUv": false },
						"up": { "texture": "#topazpink", "uv": [ 6.5, 4.0, 8.0, 5.0 ], "autoUv": false },
						"down": { "texture": "#topazpink", "uv": [ 10.5, 6.5, 12.0, 7.5 ], "autoUv": false }
					},
					"children": [
						{
							"name": "Cube14",
							"from": [ 0.01, -0.005, 0.8158 ],
							"to": [ 0.66, 3.995, 1.4658 ],
							"rotationOrigin": [ 0.3657, -0.01, 1.1538 ],
							"rotationX": -180.0,
							"rotationY": -15.0,
							"rotationZ": -180.0,
							"faces": {
								"north": { "texture": "#topazpink", "uv": [ 5.0, 6.0, 5.5, 10.0 ] },
								"east": { "texture": "#topazpink", "uv": [ 11.5, 5.0, 12.0, 9.0 ], "autoUv": false },
								"up": { "texture": "#topazpink", "uv": [ 6.0, 5.0, 6.5, 5.5 ], "autoUv": false },
								"down": { "texture": "#topazpink", "uv": [ 10.5, 6.5, 11.0, 7.0 ], "autoUv": false }
							}
						}
					]
				}
			]
		},
		{
			"name": "origin2",
			"from": [ 7.14, 3.5, 6.62 ],
			"to": [ 7.14, 3.5, 6.62 ],
			"rotationOrigin": [ 8.1, 3.9, 7.9 ],
			"faces": {
			},
			"children": [
				{
					"name": "Cube12",
					"from": [ 0.632, 0.32, 0.712 ],
					"to": [ 1.92, 0.82, 1.472 ],
					"rotationOrigin": [ 1.28, 0.32, 1.096 ],
					"faces": {
						"east": { "texture": "#topazpink", "uv": [ 11.5, 10.0, 12.3, 11.0 ], "autoUv": false },
						"west": { "texture": "#topazpink", "uv": [ 13.5, 4.0, 14.3, 5.0 ], "autoUv": false },
						"up": { "texture": "#topazpink", "uv": [ 11.0, 2.0, 12.2, 2.8 ], "autoUv": false },
						"down": { "texture": "#topazpink", "uv": [ 12.0, 3.0, 13.2, 3.8 ], "autoUv": false }
					},
					"children": [
						{
							"name": "Cube15",
							"from": [ 0.048, 0.004, -0.472 ],
							"to": [ 0.592, 0.504, 0.048 ],
							"rotationOrigin": [ 0.34, 0.0, -0.1984 ],
							"rotationY": 75.0,
							"faces": {
								"north": { "texture": "#topazpink", "uv": [ 13.5, 10.0, 14.0, 10.5 ] },
								"east": { "texture": "#topazpink", "uv": [ 13.5, 8.5, 13.9, 9.5 ], "autoUv": false },
								"up": { "texture": "#topazpink", "uv": [ 13.5, 6.5, 13.9, 6.9 ], "autoUv": false },
								"down": { "texture": "#topazpink", "uv": [ 13.0, 5.0, 13.4, 5.4 ], "autoUv": false }
							}
						}
					]
				},
				{
					"name": "Cube16",
					"from": [ 0.64, 0.328, 0.704 ],
					"to": [ 1.928, 0.828, 1.464 ],
					"rotationOrigin": [ 1.28, 0.32, 1.096 ],
					"rotationY": 60.0,
					"faces": {
						"east": { "texture": "#topazpink", "uv": [ 13.5, 8.5, 14.3, 9.5 ], "autoUv": false },
						"west": { "texture": "#topazpink", "uv": [ 12.5, 9.5, 13.5, 10.5 ], "autoUv": false },
						"up": { "texture": "#topazpink", "uv": [ 14.8, 2.0, 15.8, 3.0 ], "autoUv": false },
						"down": { "texture": "#topazpink", "uv": [ 13.0, 9.0, 14.2, 9.8 ], "autoUv": false }
					},
					"children": [
						{
							"name": "Cube17",
							"from": [ 0.008, -0.004, 0.6526 ],
							"to": [ 0.528, 0.496, 1.1726 ],
							"rotationOrigin": [ 0.2926, -0.008, 0.923 ],
							"rotationX": -180.0,
							"rotationY": -15.0,
							"rotationZ": -180.0,
							"faces": {
								"north": { "texture": "#topazpink", "uv": [ 14.5, 3.5, 15.0, 4.0 ] },
								"east": { "texture": "#topazpink", "uv": [ 14.5, 8.5, 14.9, 9.5 ], "autoUv": false },
								"up": { "texture": "#topazpink", "uv": [ 13.0, 12.0, 13.4, 12.4 ], "autoUv": false },
								"down": { "texture": "#topazpink", "uv": [ 12.5, 11.5, 12.9, 11.9 ], "autoUv": false }
							}
						}
					]
				}
			]
		},
		{
			"name": "origin3",
			"from": [ 7.14, -0.9, 6.62 ],
			"to": [ 7.14, -0.9, 6.62 ],
			"rotationOrigin": [ 8.1, -0.1, 7.9 ],
			"faces": {
			},
			"children": [
				{
					"name": "Cube18",
					"from": [ 0.632, 0.32, 0.712 ],
					"to": [ 1.92, 0.82, 1.472 ],
					"rotationOrigin": [ 1.28, 0.32, 1.096 ],
					"faces": {
						"east": { "texture": "#topazpink", "uv": [ 11.5, 10.0, 12.3, 11.0 ], "autoUv": false },
						"west": { "texture": "#topazpink", "uv": [ 13.5, 4.0, 14.3, 5.0 ], "autoUv": false },
						"up": { "texture": "#topazpink", "uv": [ 11.0, 2.0, 12.2, 2.8 ], "autoUv": false },
						"down": { "texture": "#topazpink", "uv": [ 12.0, 3.0, 13.2, 3.8 ], "autoUv": false }
					},
					"children": [
						{
							"name": "Cube19",
							"from": [ 0.048, 0.004, -0.472 ],
							"to": [ 0.592, 0.504, 0.048 ],
							"rotationOrigin": [ 0.34, 0.0, -0.1984 ],
							"rotationY": 75.0,
							"faces": {
								"north": { "texture": "#topazpink", "uv": [ 13.5, 10.0, 14.0, 10.5 ] },
								"east": { "texture": "#topazpink", "uv": [ 13.5, 8.5, 13.9, 9.5 ], "autoUv": false },
								"up": { "texture": "#topazpink", "uv": [ 13.5, 6.5, 13.9, 6.9 ], "autoUv": false },
								"down": { "texture": "#topazpink", "uv": [ 13.0, 5.0, 13.4, 5.4 ], "autoUv": false }
							}
						}
					]
				},
				{
					"name": "Cube20",
					"from": [ 0.64, 0.328, 0.704 ],
					"to": [ 1.928, 0.828, 1.464 ],
					"rotationOrigin": [ 1.28, 0.32, 1.096 ],
					"rotationY": 60.0,
					"faces": {
						"east": { "texture": "#topazpink", "uv": [ 13.5, 8.5, 14.3, 9.5 ], "autoUv": false },
						"west": { "texture": "#topazpink", "uv": [ 12.5, 9.5, 13.5, 10.5 ], "autoUv": false },
						"up": { "texture": "#topazpink", "uv": [ 13.5, 9.0, 14.7, 9.8 ], "autoUv": false },
						"down": { "texture": "#topazpink", "uv": [ 13.0, 9.0, 14.2, 9.8 ], "autoUv": false }
					},
					"children": [
						{
							"name": "Cube21",
							"from": [ 0.008, -0.004, 0.6526 ],
							"to": [ 0.528, 0.496, 1.1726 ],
							"rotationOrigin": [ 0.2926, -0.008, 0.923 ],
							"rotationX": -180.0,
							"rotationY": -15.0,
							"rotationZ": -180.0,
							"faces": {
								"north": { "texture": "#topazpink", "uv": [ 14.5, 3.5, 15.0, 4.0 ] },
								"east": { "texture": "#topazpink", "uv": [ 14.5, 8.5, 14.9, 9.5 ], "autoUv": false },
								"up": { "texture": "#topazpink", "uv": [ 13.0, 12.0, 13.4, 12.4 ], "autoUv": false },
								"down": { "texture": "#topazpink", "uv": [ 12.5, 11.5, 12.9, 11.9 ], "autoUv": false }
							}
						}
					]
				}
			]
		},
		{
			"name": "origin4",
			"from": [ 7.77, 4.15, 7.21 ],
			"to": [ 7.77, 4.15, 7.21 ],
			"rotationOrigin": [ 8.25, 4.35, 7.85 ],
			"faces": {
			},
			"children": [
				{
					"name": "Cube22",
					"from": [ 0.316, 0.16, 0.356 ],
					"to": [ 0.96, 0.56, 0.736 ],
					"rotationOrigin": [ 0.64, 0.16, 0.548 ],
					"faces": {
						"east": { "texture": "#topazpink", "uv": [ 11.5, 10.0, 11.9, 10.5 ], "autoUv": false },
						"west": { "texture": "#topazpink", "uv": [ 13.5, 4.0, 13.9, 4.5 ], "autoUv": false },
						"up": { "texture": "#topazpink", "uv": [ 11.0, 2.0, 11.6, 2.4 ], "autoUv": false },
						"down": { "texture": "#topazpink", "uv": [ 14.0, 3.5, 14.6, 3.9 ], "autoUv": false }
					},
					"children": [
						{
							"name": "Cube23",
							"from": [ 0.024, 0.002, -0.236 ],
							"to": [ 0.296, 0.402, 0.024 ],
							"rotationOrigin": [ 0.17, 0.0, -0.0992 ],
							"rotationY": 75.0,
							"faces": {
								"north": { "texture": "#topazpink", "uv": [ 13.5, 10.0, 13.75, 10.25 ] },
								"east": { "texture": "#topazpink", "uv": [ 13.5, 8.5, 13.7, 9.0 ], "autoUv": false },
								"up": { "texture": "#topazpink", "uv": [ 13.5, 6.5, 13.7, 6.7 ], "autoUv": false },
								"down": { "texture": "#topazpink", "uv": [ 13.0, 5.0, 13.2, 5.2 ], "autoUv": false }
							}
						}
					]
				},
				{
					"name": "Cube24",
					"from": [ 0.32, 0.164, 0.352 ],
					"to": [ 0.964, 0.564, 0.732 ],
					"rotationOrigin": [ 0.64, 0.16, 0.548 ],
					"rotationY": 60.0,
					"faces": {
						"east": { "texture": "#topazpink", "uv": [ 13.5, 8.5, 13.9, 9.0 ], "autoUv": false },
						"west": { "texture": "#topazpink", "uv": [ 12.5, 9.5, 13.0, 10.0 ], "autoUv": false },
						"up": { "texture": "#topazpink", "uv": [ 13.5, 9.0, 14.1, 9.4 ], "autoUv": false },
						"down": { "texture": "#topazpink", "uv": [ 13.0, 9.0, 13.6, 9.4 ], "autoUv": false }
					},
					"children": [
						{
							"name": "Cube25",
							"from": [ 0.004, -0.002, 0.3263 ],
							"to": [ 0.264, 0.398, 0.5863 ],
							"rotationOrigin": [ 0.1463, -0.004, 0.4615 ],
							"rotationX": -180.0,
							"rotationY": -15.0,
							"rotationZ": -180.0,
							"faces": {
								"north": { "texture": "#topazpink", "uv": [ 14.5, 3.5, 14.75, 3.75 ] },
								"east": { "texture": "#topazpink", "uv": [ 14.5, 8.5, 14.7, 9.0 ], "autoUv": false },
								"up": { "texture": "#topazpink", "uv": [ 13.0, 12.0, 13.2, 12.2 ], "autoUv": false },
								"down": { "texture": "#topazpink", "uv": [ 12.5, 11.5, 12.7, 11.7 ], "autoUv": false }
							}
						}
					]
				}
			]
		},
		{
			"name": "origin5",
			"from": [ 7.77, -1.1, 7.21 ],
			"to": [ 7.77, -1.1, 7.21 ],
			"rotationOrigin": [ 8.25, -0.6, 7.85 ],
			"faces": {
			},
			"children": [
				{
					"name": "Cube26",
					"from": [ 0.316, 0.16, 0.356 ],
					"to": [ 0.96, 0.56, 0.736 ],
					"rotationOrigin": [ 0.64, 0.16, 0.548 ],
					"faces": {
						"east": { "texture": "#topazpink", "uv": [ 11.5, 10.0, 11.9, 10.5 ], "autoUv": false },
						"west": { "texture": "#topazpink", "uv": [ 13.5, 4.0, 13.9, 4.5 ], "autoUv": false },
						"up": { "texture": "#topazpink", "uv": [ 11.0, 2.0, 11.6, 2.4 ], "autoUv": false },
						"down": { "texture": "#topazpink", "uv": [ 14.0, 3.5, 14.6, 3.9 ], "autoUv": false }
					},
					"children": [
						{
							"name": "Cube27",
							"from": [ 0.024, 0.002, -0.236 ],
							"to": [ 0.296, 0.402, 0.024 ],
							"rotationOrigin": [ 0.17, 0.0, -0.0992 ],
							"rotationY": 75.0,
							"faces": {
								"north": { "texture": "#topazpink", "uv": [ 13.5, 10.0, 14.0, 10.5 ] },
								"east": { "texture": "#topazpink", "uv": [ 13.5, 8.5, 13.7, 9.0 ], "autoUv": false },
								"up": { "texture": "#topazpink", "uv": [ 13.5, 6.5, 13.7, 6.7 ], "autoUv": false },
								"down": { "texture": "#topazpink", "uv": [ 13.0, 5.0, 13.2, 5.2 ], "autoUv": false }
							}
						}
					]
				},
				{
					"name": "Cube28",
					"from": [ 0.32, 0.164, 0.352 ],
					"to": [ 0.964, 0.564, 0.732 ],
					"rotationOrigin": [ 0.64, 0.16, 0.548 ],
					"rotationY": 60.0,
					"faces": {
						"east": { "texture": "#topazpink", "uv": [ 13.5, 8.5, 13.9, 9.0 ], "autoUv": false },
						"west": { "texture": "#topazpink", "uv": [ 12.5, 9.5, 13.0, 10.0 ], "autoUv": false },
						"up": { "texture": "#topazpink", "uv": [ 13.5, 9.0, 14.1, 9.4 ], "autoUv": false },
						"down": { "texture": "#topazpink", "uv": [ 13.0, 9.0, 13.6, 9.4 ], "autoUv": false }
					},
					"children": [
						{
							"name": "Cube29",
							"from": [ 0.004, -0.002, 0.3263 ],
							"to": [ 0.264, 0.398, 0.5863 ],
							"rotationOrigin": [ 0.1463, -0.004, 0.4615 ],
							"rotationX": -180.0,
							"rotationY": -15.0,
							"rotationZ": -180.0,
							"faces": {
								"north": { "texture": "#topazpink", "uv": [ 14.5, 3.5, 15.0, 4.0 ] },
								"east": { "texture": "#topazpink", "uv": [ 14.5, 8.5, 14.7, 9.0 ], "autoUv": false },
								"up": { "texture": "#topazpink", "uv": [ 13.0, 12.0, 13.2, 12.2 ], "autoUv": false },
								"down": { "texture": "#topazpink", "uv": [ 12.5, 11.5, 12.7, 11.7 ], "autoUv": false }
							}
						}
					]
				}
			]
		}
	]}