{
	"editor": {
		"allAngles": true,
		"entityTextureMode": false
	},
	"textureWidth": 16,
	"textureHeight": 16,
	"textureSizes": {
	},
	"textures": {
		"temporalgear": "game:item/resource/temporalgear",
		"command01-corner": "game:block/meta/command01-corner"
	},
	"elements": [
		{
			"name": "origin",
			"from": [ 8.0, 0.0, 8.0 ], 
			"to": [ 8.0, 0.0, 8.0 ], 
			"rotationOrigin": [ 8.0, 0.0, 8.0 ],
			"faces": {
				"north": { "texture": "#command01-corner", "uv": [ 1.5, 2.0, 2.0, 2.5 ], "enabled": false },
				"east": { "texture": "#command01-corner", "uv": [ 8.5, 8.0, 9.0, 8.5 ], "enabled": false },
				"south": { "texture": "#command01-corner", "uv": [ 9.5, 5.0, 10.0, 5.5 ], "enabled": false },
				"west": { "texture": "#command01-corner", "uv": [ 4.5, 12.0, 5.0, 12.5 ], "enabled": false },
				"up": { "texture": "#command01-corner", "uv": [ 4.0, 1.0, 4.5, 1.5 ], "enabled": false },
				"down": { "texture": "#command01-corner", "uv": [ 9.5, 12.0, 10.0, 12.5 ], "enabled": false }
			},
			"children": [
				{
					"name": "stick",
					"from": [ 4.1, 1.4, -3.1 ], 
					"to": [ 5.1, 2.4, -2.1 ], 
					"rotationOrigin": [ 4.6, 2.0, 5.9 ],
					"rotationY": 22.5,
					"faces": {
						"north": { "texture": "#command01-corner", "uv": [ 7.0, 4.5, 8.0, 5.5 ], "rotation": 90 },
						"east": { "texture": "#command01-corner", "uv": [ 7.0, 4.5, 8.0, 5.5 ], "rotation": 90 },
						"south": { "texture": "#command01-corner", "uv": [ 7.0, 4.5, 8.0, 5.5 ], "rotation": 90 },
						"west": { "texture": "#command01-corner", "uv": [ 7.0, 4.5, 8.0, 5.5 ], "rotation": 90 },
						"up": { "texture": "#command01-corner", "uv": [ 7.5, 4.5, 8.5, 5.5 ] },
						"down": { "texture": "#command01-corner", "uv": [ 7.0, 4.5, 8.0, 5.5 ] }
					}
				},
				{
					"name": "scrap1",
					"from": [ -4.0, 0.0, -5.4 ], 
					"to": [ 4.0, 0.5, 3.6 ], 
					"rotationOrigin": [ -1.0, 0.0, -3.9 ],
					"faces": {
						"north": { "texture": "#command01-corner", "uv": [ 2.5, 5.0, 10.5, 5.5 ] },
						"east": { "texture": "#command01-corner", "uv": [ 1.5, 11.5, 10.5, 12.0 ] },
						"south": { "texture": "#command01-corner", "uv": [ 5.5, 11.5, 13.5, 12.0 ] },
						"west": { "texture": "#command01-corner", "uv": [ 4.5, 4.5, 13.5, 5.0 ] },
						"up": { "texture": "#command01-corner", "uv": [ 0.0, 0.5, 8.0, 9.5 ] },
						"down": { "texture": "#command01-corner", "uv": [ 8.0, 6.5, 16.0, 15.5 ] }
					},
					"children": [
						{
							"name": "cog",
							"from": [ 1.0, 0.5, 0.0 ], 
							"to": [ 4.0, 1.5, 3.0 ], 
							"rotationOrigin": [ 2.9, 1.1, 1.8 ],
							"rotationY": -30.0,
							"faces": {
								"north": { "texture": "#temporalgear", "uv": [ 12.0, 8.0, 15.0, 9.0 ] },
								"east": { "texture": "#temporalgear", "uv": [ 8.0, 12.5, 11.0, 13.5 ] },
								"south": { "texture": "#temporalgear", "uv": [ 8.0, 3.0, 11.0, 4.0 ] },
								"west": { "texture": "#temporalgear", "uv": [ 0.0, 8.5, 3.0, 9.5 ] },
								"up": { "texture": "#temporalgear", "uv": [ 5.0, 1.5, 8.0, 4.5 ] },
								"down": { "texture": "#temporalgear", "uv": [ 10.0, 3.5, 13.0, 6.5 ] }
							},
							"children": [
								{
									"name": "toothW",
									"from": [ -1.0, 0.0, 0.0 ], 
									"to": [ 0.0, 1.0, 1.0 ], 
									"rotationOrigin": [ -1.0, 0.0, 0.0 ],
									"faces": {
										"north": { "texture": "#temporalgear", "uv": [ 3.5, 3.0, 4.5, 4.0 ] },
										"east": { "texture": "#temporalgear", "uv": [ 1.5, 6.5, 2.5, 7.5 ], "enabled": false },
										"south": { "texture": "#temporalgear", "uv": [ 11.0, 5.0, 12.0, 6.0 ] },
										"west": { "texture": "#temporalgear", "uv": [ 3.5, 0.0, 4.5, 1.0 ] },
										"up": { "texture": "#temporalgear", "uv": [ 1.5, 12.5, 2.5, 13.5 ] },
										"down": { "texture": "#temporalgear", "uv": [ 11.5, 13.0, 12.5, 14.0 ] }
									}
								},
								{
									"name": "toothE",
									"from": [ 3.0, 0.0, 2.0 ], 
									"to": [ 4.0, 1.0, 3.0 ], 
									"rotationOrigin": [ 3.0, 0.0, 2.0 ],
									"faces": {
										"north": { "texture": "#temporalgear", "uv": [ 7.0, 1.5, 8.0, 2.5 ] },
										"east": { "texture": "#temporalgear", "uv": [ 14.0, 8.5, 15.0, 9.5 ] },
										"south": { "texture": "#temporalgear", "uv": [ 8.5, 3.5, 9.5, 4.5 ] },
										"west": { "texture": "#temporalgear", "uv": [ 7.5, 2.5, 8.5, 3.5 ], "enabled": false },
										"up": { "texture": "#temporalgear", "uv": [ 12.0, 6.5, 13.0, 7.5 ] },
										"down": { "texture": "#temporalgear", "uv": [ 10.0, 10.5, 11.0, 11.5 ] }
									}
								},
								{
									"name": "toothS",
									"from": [ 0.0, 0.0, 3.0 ], 
									"to": [ 1.0, 1.0, 4.0 ], 
									"rotationOrigin": [ 0.0, 0.0, 3.0 ],
									"faces": {
										"north": { "texture": "#temporalgear", "uv": [ 3.0, 2.5, 4.0, 3.5 ], "enabled": false },
										"east": { "texture": "#temporalgear", "uv": [ 4.0, 7.0, 5.0, 8.0 ] },
										"south": { "texture": "#temporalgear", "uv": [ 11.0, 9.0, 12.0, 10.0 ] },
										"west": { "texture": "#temporalgear", "uv": [ 12.0, 12.5, 13.0, 13.5 ] },
										"up": { "texture": "#temporalgear", "uv": [ 3.5, 7.5, 4.5, 8.5 ] },
										"down": { "texture": "#temporalgear", "uv": [ 5.0, 0.5, 6.0, 1.5 ] }
									}
								},
								{
									"name": "toothN",
									"from": [ 2.0, 0.0, -1.0 ], 
									"to": [ 3.0, 1.0, 0.0 ], 
									"rotationOrigin": [ 2.0, 0.0, -1.0 ],
									"faces": {
										"north": { "texture": "#temporalgear", "uv": [ 5.0, 2.5, 6.0, 3.5 ] },
										"east": { "texture": "#temporalgear", "uv": [ 7.0, 4.0, 8.0, 5.0 ] },
										"south": { "texture": "#temporalgear", "uv": [ 9.5, 4.5, 10.5, 5.5 ], "enabled": false },
										"west": { "texture": "#temporalgear", "uv": [ 10.5, 6.0, 11.5, 7.0 ] },
										"up": { "texture": "#temporalgear", "uv": [ 11.5, 0.5, 12.5, 1.5 ] },
										"down": { "texture": "#temporalgear", "uv": [ 9.5, 9.0, 10.5, 10.0 ] }
									}
								}
							]
						},
						{
							"name": "scrap4",
							"from": [ 1.0, 0.6, 3.0 ], 
							"to": [ 2.0, 1.1, 8.0 ], 
							"rotationOrigin": [ 1.5, 0.6, 9.0 ],
							"rotationY": -7.0,
							"faces": {
								"north": { "texture": "#command01-corner", "uv": [ 10.5, 1.5, 11.5, 2.0 ] },
								"east": { "texture": "#command01-corner", "uv": [ 7.5, 6.0, 12.5, 6.5 ] },
								"south": { "texture": "#command01-corner", "uv": [ 2.0, 9.0, 3.0, 9.5 ] },
								"west": { "texture": "#command01-corner", "uv": [ 6.0, 6.0, 11.0, 6.5 ] },
								"up": { "texture": "#command01-corner", "uv": [ 13.0, 9.0, 14.0, 14.0 ] },
								"down": { "texture": "#command01-corner", "uv": [ 13.0, 6.5, 14.0, 11.5 ] }
							}
						},
						{
							"name": "scrap3",
							"from": [ -0.3, 0.5, -0.5 ], 
							"to": [ 0.3, 1.1, 8.5 ], 
							"rotationOrigin": [ -0.3, 0.5, 1.5 ],
							"rotationX": 10.0,
							"rotationY": -7.0,
							"faces": {
								"north": { "texture": "#command01-corner", "uv": [ 6.0, 8.0, 6.5, 8.5 ] },
								"east": { "texture": "#command01-corner", "uv": [ 4.5, 15.0, 13.5, 15.5 ] },
								"south": { "texture": "#command01-corner", "uv": [ 11.0, 8.5, 11.5, 9.0 ] },
								"west": { "texture": "#command01-corner", "uv": [ 1.5, 11.5, 10.5, 12.0 ] },
								"up": { "texture": "#command01-corner", "uv": [ 4.0, 4.0, 13.0, 4.5 ], "rotation": 90 },
								"down": { "texture": "#command01-corner", "uv": [ 3.0, 8.5, 12.0, 9.0 ], "rotation": 90 }
							}
						}
					]
				},
				{
					"name": "stickbranch",
					"from": [ -1.37, 1.0, -0.69 ], 
					"to": [ -0.57, 4.0, 0.11 ], 
					"rotationOrigin": [ -0.97, 1.0, -0.2877 ],
					"rotationX": -61.0,
					"rotationY": -30.0,
					"rotationZ": 15.786927047280376,
					"faces": {
						"north": { "texture": "#command01-corner", "uv": [ 15.0, 1.5, 15.5, 4.5 ] },
						"east": { "texture": "#command01-corner", "uv": [ 12.5, 1.5, 13.0, 4.5 ] },
						"south": { "texture": "#command01-corner", "uv": [ 15.0, 1.5, 15.5, 4.5 ] },
						"west": { "texture": "#command01-corner", "uv": [ 15.0, 1.5, 15.5, 4.5 ] },
						"up": { "texture": "#command01-corner", "uv": [ 15.0, 14.0, 15.5, 14.5 ] },
						"down": { "texture": "#command01-corner", "uv": [ 2.0, 1.5, 2.5, 2.0 ], "enabled": false }
					},
					"children": [
						{
							"name": "stickbranch17",
							"from": [ 0.1, 3.0, 0.1 ], 
							"to": [ 0.7, 5.0, 0.7 ], 
							"rotationOrigin": [ 0.5, 3.0, 0.5023 ],
							"rotationX": 1.4108603925747616E-6,
							"rotationY": -2.1398994632998093E-6,
							"rotationZ": -1.7075471987482175E-6,
							"faces": {
								"north": { "texture": "#command01-corner", "uv": [ 6.0, 1.0, 6.5, 3.0 ] },
								"east": { "texture": "#command01-corner", "uv": [ 6.5, 1.0, 7.0, 3.0 ] },
								"south": { "texture": "#command01-corner", "uv": [ 6.0, 1.0, 6.5, 3.0 ] },
								"west": { "texture": "#command01-corner", "uv": [ 6.0, 1.0, 6.5, 3.0 ] },
								"up": { "texture": "#command01-corner", "uv": [ 6.5, 2.5, 7.0, 3.0 ] },
								"down": { "texture": "#command01-corner", "uv": [ 2.0, 1.5, 2.5, 2.0 ], "enabled": false }
							}
						}
					]
				},
				{
					"name": "stick2",
					"from": [ -1.99, 0.6, -3.66 ], 
					"to": [ 2.01, 1.4, 0.34 ], 
					"rotationOrigin": [ -1.5924, 1.0, 1.3383 ],
					"rotationY": -42.0,
					"faces": {
						"north": { "texture": "#command01-corner", "uv": [ 11.0, 3.0, 15.0, 3.5 ] },
						"east": { "texture": "#command01-corner", "uv": [ 10.0, 5.5, 10.5, 9.5 ], "rotation": 90 },
						"south": { "texture": "#command01-corner", "uv": [ 2.5, 12.5, 6.5, 13.0 ] },
						"west": { "texture": "#command01-corner", "uv": [ 5.0, 9.0, 5.5, 13.0 ], "rotation": 90 },
						"up": { "texture": "#command01-corner", "uv": [ 8.0, 0.0, 12.0, 4.0 ] },
						"down": { "texture": "#command01-corner", "uv": [ 10.0, 10.0, 14.0, 14.0 ] }
					}
				},
				{
					"name": "stick18",
					"from": [ -2.92, 0.5, -1.28 ], 
					"to": [ -2.12, 1.3, 3.72 ], 
					"rotationOrigin": [ -2.5163, 0.9, 3.721 ],
					"rotationY": 22.50000022689532,
					"faces": {
						"north": { "texture": "#command01-corner", "uv": [ 13.5, 7.5, 14.0, 8.0 ] },
						"east": { "texture": "#command01-corner", "uv": [ 3.5, 7.5, 4.0, 12.5 ], "rotation": 90 },
						"south": { "texture": "#command01-corner", "uv": [ 9.5, 9.0, 10.0, 9.5 ] },
						"west": { "texture": "#command01-corner", "uv": [ 14.5, 2.0, 15.0, 7.0 ], "rotation": 90 },
						"up": { "texture": "#command01-corner", "uv": [ 12.5, 1.0, 13.0, 6.0 ] },
						"down": { "texture": "#command01-corner", "uv": [ 11.5, 8.0, 12.0, 13.0 ] }
					},
					"children": [
						{
							"name": "stick16",
							"from": [ -0.5, 0.1, 1.0 ], 
							"to": [ 1.3, 0.9, 3.0 ], 
							"rotationOrigin": [ -0.0963, 0.5, 6.001 ],
							"faces": {
								"north": { "texture": "#command01-corner", "uv": [ 13.5, 7.5, 15.0, 8.0 ] },
								"east": { "texture": "#command01-corner", "uv": [ 6.5, 10.0, 7.0, 12.0 ], "rotation": 90 },
								"south": { "texture": "#command01-corner", "uv": [ 9.5, 9.0, 11.0, 9.5 ] },
								"west": { "texture": "#command01-corner", "uv": [ 14.5, 2.0, 15.0, 4.0 ], "rotation": 90 },
								"up": { "texture": "#command01-corner", "uv": [ 0.5, 4.0, 2.0, 6.0 ] },
								"down": { "texture": "#command01-corner", "uv": [ 8.0, 8.0, 9.5, 10.0 ] }
							}
						}
					]
				},
				{
					"name": "stick19",
					"from": [ 2.2381, 0.6, -5.1 ], 
					"to": [ 3.2381, 1.6, -2.1 ], 
					"rotationOrigin": [ 2.6381, 1.0, -0.1032 ],
					"rotationY": 8.0,
					"faces": {
						"north": { "texture": "#command01-corner", "uv": [ 10.0, 5.0, 11.0, 6.0 ] },
						"east": { "texture": "#command01-corner", "uv": [ 2.5, 7.5, 3.5, 10.5 ], "rotation": 90 },
						"south": { "texture": "#command01-corner", "uv": [ 12.5, 5.5, 13.5, 6.5 ] },
						"west": { "texture": "#command01-corner", "uv": [ 2.5, 8.0, 3.5, 11.0 ], "rotation": 90 },
						"up": { "texture": "#command01-corner", "uv": [ 2.5, 7.5, 3.5, 10.5 ] },
						"down": { "texture": "#command01-corner", "uv": [ 3.5, 4.5, 4.5, 7.5 ] }
					}
				},
				{
					"name": "stick15",
					"from": [ 0.2, 1.4, 0.1 ], 
					"to": [ 2.2, 4.4, 2.1 ], 
					"rotationOrigin": [ 0.2, 1.4, 0.1 ],
					"rotationY": 48.0,
					"faces": {
						"north": { "texture": "#command01-corner", "uv": [ 5.0, 1.0, 7.0, 4.0 ] },
						"east": { "texture": "#command01-corner", "uv": [ 5.0, 1.0, 8.0, 3.0 ], "rotation": 90 },
						"south": { "texture": "#command01-corner", "uv": [ 5.0, 1.0, 7.0, 4.0 ] },
						"west": { "texture": "#command01-corner", "uv": [ 5.0, 1.0, 8.0, 3.0 ], "rotation": 90 },
						"up": { "texture": "#command01-corner", "uv": [ 5.0, 1.0, 7.0, 3.0 ] },
						"down": { "texture": "#command01-corner", "uv": [ 5.0, 1.0, 7.0, 3.0 ] }
					}
				}
			]
		}
	]}