{
	"editor": {
		"allAngles": false,
		"entityTextureMode": false
	},
	"textureWidth": 16,
	"textureHeight": 16,
	"textureSizes": {
	},
	"textures": {
		"black": "item/black",
		"iron": "game:item/resource/plate/iron"
	},
	"elements": [
		{
			"name": "Cube1",
			"from": [ 6.5, 0.0, 6.5 ], 
			"to": [ 9.5, 4.0, 9.5 ], 
			"rotationOrigin": [ 6.5, 0.0, 6.5 ],
			"faces": {
				"north": { "texture": "#iron", "uv": [ 0.0, 0.0, 3.0, 4.0 ] },
				"east": { "texture": "#iron", "uv": [ 0.0, 0.0, 3.0, 4.0 ] },
				"south": { "texture": "#iron", "uv": [ 0.0, 0.0, 3.0, 4.0 ] },
				"west": { "texture": "#iron", "uv": [ 0.0, 0.0, 3.0, 4.0 ] },
				"up": { "texture": "#iron", "uv": [ 0.0, 0.0, 3.0, 3.0 ] },
				"down": { "texture": "#iron", "uv": [ 0.0, 0.0, 3.0, 3.0 ] }
			},
			"children": [
				{
					"name": "Cube4",
					"from": [ -0.1, 0.5, -0.1 ], 
					"to": [ 3.1, 3.5, 3.1 ], 
					"rotationOrigin": [ -0.1, 0.5, -0.1 ],
					"faces": {
						"north": { "texture": "#iron", "uv": [ 0.0, 0.0, 3.0, 3.0 ] },
						"east": { "texture": "#iron", "uv": [ 0.0, 0.0, 3.0, 3.0 ] },
						"south": { "texture": "#iron", "uv": [ 0.0, 0.0, 3.0, 3.0 ] },
						"west": { "texture": "#iron", "uv": [ 0.0, 0.0, 3.0, 3.0 ] },
						"up": { "texture": "#iron", "uv": [ 0.0, 0.0, 3.0, 3.0 ] },
						"down": { "texture": "#iron", "uv": [ 0.0, 0.0, 3.0, 3.0 ] }
					},
					"children": [
						{
							"name": "Cube3",
							"from": [ 0.3, 3.4, 0.3 ], 
							"to": [ 2.8, 3.6, 2.8 ], 
							"rotationOrigin": [ 0.3, 3.4, 0.3 ],
							"faces": {
								"north": { "texture": "#black", "uv": [ 0.0, 0.0, 2.0, 2.0 ] },
								"east": { "texture": "#black", "uv": [ 0.0, 0.0, 2.0, 2.0 ] },
								"south": { "texture": "#black", "uv": [ 0.0, 0.0, 2.0, 2.0 ] },
								"west": { "texture": "#black", "uv": [ 0.0, 0.0, 2.0, 2.0 ] },
								"up": { "texture": "#black", "uv": [ 0.0, 0.0, 2.0, 2.0 ] },
								"down": { "texture": "#black", "uv": [ 0.0, 0.0, 2.0, 2.0 ] }
							}
						},
						{
							"name": "Cube5",
							"from": [ 0.7, 3.5, -0.3 ], 
							"to": [ 3.4, 3.7, 2.4 ], 
							"rotationOrigin": [ 0.7, 3.5, -0.3 ],
							"rotationY": -22.5,
							"rotationZ": 5.5,
							"faces": {
								"north": { "texture": "#iron", "uv": [ 0.0, 0.0, 2.5, 0.5 ] },
								"east": { "texture": "#iron", "uv": [ 0.0, 0.0, 2.5, 0.5 ] },
								"south": { "texture": "#iron", "uv": [ 0.0, 0.0, 2.5, 0.5 ] },
								"west": { "texture": "#iron", "uv": [ 0.0, 0.0, 2.5, 0.5 ] },
								"up": { "texture": "#iron", "uv": [ 0.0, 0.0, 2.5, 2.5 ] },
								"down": { "texture": "#iron", "uv": [ 0.0, 0.0, 2.5, 2.5 ] }
							}
						}
					]
				}
			]
		}
	]}