{
	"editor": {
		"allAngles": false,
		"entityTextureMode": false
	},
	"textureWidth": 16,
	"textureHeight": 16,
	"textureSizes": {
	},
	"textures": {
		"command01-insidealt": "game:block/meta/command01-insidealt",
		"rot": "game:block/wood/barrel/rot",
		"command01-corner": "game:block/meta/command01-corner",
		"iron": "game:block/metal/anvil/iron",
		"glass4": "item/glass4"
	},
	"elements": [
		{
			"name": "origin",
			"from": [ 0.0, 0.0, 0.0 ], 
			"to": [ 0.0, 0.0, 0.0 ], 
			"rotationOrigin": [ 8.0, 0.0, 8.0 ],
			"rotationX": 180.0,
			"faces": {
				"north": { "texture": "#glass4", "uv": [ 0.0, 0.0, 0.5, 0.5 ], "enabled": false },
				"east": { "texture": "#glass4", "uv": [ 0.0, 0.0, 0.5, 0.5 ], "enabled": false },
				"south": { "texture": "#glass4", "uv": [ 0.0, 0.0, 0.5, 0.5 ], "enabled": false },
				"west": { "texture": "#glass4", "uv": [ 0.0, 0.0, 0.5, 0.5 ], "enabled": false },
				"up": { "texture": "#glass4", "uv": [ 0.0, 0.0, 0.5, 0.5 ], "enabled": false },
				"down": { "texture": "#glass4", "uv": [ 0.0, 0.0, 0.5, 0.5 ], "enabled": false }
			},
			"children": [
				{
					"name": "handle",
					"from": [ 2.0, -0.3, 7.8 ], 
					"to": [ 8.0, 0.3, 8.4 ], 
					"rotationOrigin": [ 5.0, 0.0, 8.0 ],
					"faces": {
						"north": { "texture": "#iron", "uv": [ 0.0, 0.0, 5.0, 0.5 ] },
						"east": { "texture": "#iron", "uv": [ 0.0, 0.0, 0.5, 0.5 ] },
						"south": { "texture": "#iron", "uv": [ 0.0, 0.0, 5.0, 0.5 ] },
						"west": { "texture": "#iron", "uv": [ 0.0, 0.0, 0.5, 0.5 ] },
						"up": { "texture": "#iron", "uv": [ 0.0, 0.0, 5.0, 0.5 ] },
						"down": { "texture": "#iron", "uv": [ 0.0, 0.0, 5.0, 0.5 ] }
					},
					"children": [
						{
							"name": "Cube37",
							"from": [ -0.4, -0.1, -0.2 ], 
							"to": [ 0.2, 0.9, 0.8 ], 
							"rotationOrigin": [ -0.4, -0.1, -0.2 ],
							"rotationX": 22.5,
							"rotationY": 22.5,
							"faces": {
								"north": { "texture": "#iron", "uv": [ 4.0, 6.0, 4.5, 7.0 ] },
								"east": { "texture": "#iron", "uv": [ 6.0, 6.5, 7.0, 7.5 ] },
								"south": { "texture": "#iron", "uv": [ 6.0, 9.0, 6.5, 10.0 ] },
								"west": { "texture": "#iron", "uv": [ 9.5, 9.5, 10.5, 10.5 ] },
								"up": { "texture": "#iron", "uv": [ 10.0, 8.5, 10.5, 9.5 ] },
								"down": { "texture": "#iron", "uv": [ 9.5, 10.5, 10.0, 11.5 ] }
							},
							"children": [
								{
									"name": "Cube38",
									"from": [ -0.3, 0.2, 0.2 ], 
									"to": [ 0.1, 0.8, 0.8 ], 
									"rotationOrigin": [ -0.3, 0.2, 0.2 ],
									"faces": {
										"north": { "texture": "#iron", "uv": [ 0.0, 0.0, 0.5, 0.5 ] },
										"east": { "texture": "#iron", "uv": [ 0.0, 0.0, 0.5, 0.5 ] },
										"south": { "texture": "#iron", "uv": [ 0.0, 0.0, 0.5, 0.5 ] },
										"west": { "texture": "#iron", "uv": [ 0.0, 0.0, 0.5, 0.5 ] },
										"up": { "texture": "#iron", "uv": [ 0.0, 0.0, 0.5, 0.5 ] },
										"down": { "texture": "#iron", "uv": [ 0.0, 0.0, 0.5, 0.5 ] }
									}
								}
							]
						}
					]
				},
				{
					"name": "hilt",
					"from": [ 7.0, -0.25, 6.6 ], 
					"to": [ 7.8, 0.25, 9.6 ], 
					"rotationOrigin": [ 7.2, 0.0, 6.6 ],
					"rotationY": 22.5,
					"faces": {
						"north": { "texture": "#iron", "uv": [ 3.0, 3.5, 3.5, 4.0 ] },
						"east": { "texture": "#iron", "uv": [ 5.0, 9.0, 8.0, 9.5 ] },
						"south": { "texture": "#iron", "uv": [ 3.5, 2.5, 4.0, 3.0 ] },
						"west": { "texture": "#iron", "uv": [ 3.0, 5.0, 6.0, 5.5 ] },
						"up": { "texture": "#iron", "uv": [ 3.5, 3.0, 4.0, 6.0 ] },
						"down": { "texture": "#iron", "uv": [ 3.5, 5.5, 4.0, 8.5 ] }
					},
					"children": [
						{
							"name": "hilt14",
							"from": [ 0.2, 0.03, 2.8 ], 
							"to": [ 0.7, 0.48, 4.6 ], 
							"rotationOrigin": [ 0.4, 0.25, 2.8 ],
							"rotationY": 45.0,
							"faces": {
								"north": { "texture": "#iron", "uv": [ 1.0, 1.0, 1.5, 1.5 ] },
								"east": { "texture": "#iron", "uv": [ 3.0, 0.0, 4.5, 0.5 ] },
								"south": { "texture": "#iron", "uv": [ 3.0, 0.5, 3.5, 1.0 ] },
								"west": { "texture": "#iron", "uv": [ 3.0, 0.5, 4.5, 1.0 ] },
								"up": { "texture": "#iron", "uv": [ 3.0, 2.0, 3.5, 3.5 ] },
								"down": { "texture": "#iron", "uv": [ 4.0, 1.0, 4.5, 2.5 ] }
							},
							"children": [
								{
									"name": "Cube1",
									"from": [ -0.1, -0.1, 1.3 ], 
									"to": [ 0.6, 0.6, 1.6 ], 
									"rotationOrigin": [ -0.1, -0.1, 1.3 ],
									"rotationX": 23.0,
									"faces": {
										"north": { "texture": "#command01-corner", "uv": [ 6.5, 2.5, 7.0, 3.0 ] },
										"east": { "texture": "#command01-corner", "uv": [ 6.5, 2.0, 7.0, 2.5 ] },
										"south": { "texture": "#command01-corner", "uv": [ 5.0, 2.5, 5.5, 3.0 ] },
										"west": { "texture": "#command01-corner", "uv": [ 6.0, 1.0, 6.5, 1.5 ] },
										"up": { "texture": "#command01-corner", "uv": [ 6.5, 2.5, 7.0, 3.0 ] },
										"down": { "texture": "#command01-corner", "uv": [ 6.0, 2.5, 6.5, 3.0 ] }
									}
								},
								{
									"name": "Cube16",
									"from": [ -0.1, -0.1, 0.8 ], 
									"to": [ 0.6, 0.6, 1.1 ], 
									"rotationOrigin": [ -0.1, -0.1, 0.8 ],
									"rotationY": 15.0,
									"faces": {
										"north": { "texture": "#command01-corner", "uv": [ 6.5, 2.0, 7.0, 2.5 ] },
										"east": { "texture": "#command01-corner", "uv": [ 5.0, 2.5, 5.5, 3.0 ] },
										"south": { "texture": "#command01-corner", "uv": [ 5.5, 1.0, 6.0, 1.5 ] },
										"west": { "texture": "#command01-corner", "uv": [ 6.0, 1.0, 6.5, 1.5 ] },
										"up": { "texture": "#command01-corner", "uv": [ 6.5, 1.0, 7.0, 1.5 ] },
										"down": { "texture": "#command01-corner", "uv": [ 5.5, 1.0, 6.0, 1.5 ] }
									}
								}
							]
						},
						{
							"name": "hilt15",
							"from": [ 0.2, 0.03, 0.2 ], 
							"to": [ 0.7, 0.48, 2.0 ], 
							"rotationOrigin": [ 0.4, 0.25, 0.2 ],
							"rotationY": 112.5,
							"rotationZ": -180.0,
							"faces": {
								"north": { "texture": "#iron", "uv": [ 3.5, 4.5, 4.0, 5.0 ] },
								"east": { "texture": "#iron", "uv": [ 3.0, 4.5, 4.5, 5.0 ] },
								"south": { "texture": "#iron", "uv": [ 4.0, 4.5, 4.5, 5.0 ] },
								"west": { "texture": "#iron", "uv": [ 3.5, 6.0, 5.0, 6.5 ] },
								"up": { "texture": "#iron", "uv": [ 4.0, 4.0, 4.5, 5.5 ] },
								"down": { "texture": "#iron", "uv": [ 4.0, 6.5, 4.5, 8.0 ] }
							},
							"children": [
								{
									"name": "Cube17",
									"from": [ -0.1, -0.1, 0.8 ], 
									"to": [ 0.6, 0.6, 1.1 ], 
									"rotationOrigin": [ -0.1, -0.1, 0.8 ],
									"rotationY": 10.0,
									"faces": {
										"north": { "texture": "#command01-corner", "uv": [ 5.0, 1.0, 5.5, 1.5 ] },
										"east": { "texture": "#command01-corner", "uv": [ 5.0, 1.0, 5.5, 1.5 ] },
										"south": { "texture": "#command01-corner", "uv": [ 5.0, 1.0, 5.5, 1.5 ] },
										"west": { "texture": "#command01-corner", "uv": [ 5.0, 1.5, 5.5, 2.0 ] },
										"up": { "texture": "#command01-corner", "uv": [ 6.5, 2.5, 7.0, 3.0 ] },
										"down": { "texture": "#command01-corner", "uv": [ 5.5, 1.0, 6.0, 1.5 ] }
									}
								},
								{
									"name": "Cube18",
									"from": [ -0.1, -0.1, 1.3 ], 
									"to": [ 0.6, 0.6, 1.6 ], 
									"rotationOrigin": [ -0.1, -0.1, 1.3 ],
									"faces": {
										"north": { "texture": "#command01-corner", "uv": [ 5.0, 1.5, 5.5, 2.0 ] },
										"east": { "texture": "#command01-corner", "uv": [ 5.0, 1.5, 5.5, 2.0 ] },
										"south": { "texture": "#command01-corner", "uv": [ 5.0, 2.0, 5.5, 2.5 ] },
										"west": { "texture": "#command01-corner", "uv": [ 6.5, 1.5, 7.0, 2.0 ] },
										"up": { "texture": "#command01-corner", "uv": [ 6.5, 1.5, 7.0, 2.0 ] },
										"down": { "texture": "#command01-corner", "uv": [ 6.0, 1.0, 6.5, 1.5 ] }
									}
								}
							]
						},
						{
							"name": "Cube39",
							"from": [ 0.1, -0.1, 1.0 ], 
							"to": [ 1.1, 0.6, 2.0 ], 
							"rotationOrigin": [ 0.1, -0.1, 1.0 ],
							"rotationX": 3.0,
							"rotationY": 5.0,
							"faces": {
								"north": { "texture": "#command01-insidealt", "uv": [ 2.0, 2.5, 3.0, 3.0 ] },
								"east": { "texture": "#command01-insidealt", "uv": [ 2.0, 2.5, 3.0, 3.0 ] },
								"south": { "texture": "#command01-insidealt", "uv": [ 2.0, 1.5, 3.0, 2.0 ] },
								"west": { "texture": "#command01-insidealt", "uv": [ 2.0, 2.0, 3.0, 2.5 ] },
								"up": { "texture": "#command01-insidealt", "uv": [ 4.0, 3.0, 5.0, 4.0 ] },
								"down": { "texture": "#command01-insidealt", "uv": [ 4.0, 3.0, 5.0, 4.0 ] }
							}
						},
						{
							"name": "blade14",
							"from": [ 0.7, -0.05, 0.9 ], 
							"to": [ 1.5, 0.55, 2.1 ], 
							"rotationOrigin": [ 0.7, 0.05, 1.4 ],
							"faces": {
								"north": { "texture": "#command01-corner", "uv": [ 3.0, 5.5, 3.5, 6.0 ] },
								"east": { "texture": "#command01-corner", "uv": [ 3.0, 4.5, 4.0, 5.0 ] },
								"south": { "texture": "#command01-corner", "uv": [ 4.0, 4.5, 4.5, 5.0 ] },
								"west": { "texture": "#command01-corner", "uv": [ 3.0, 5.5, 4.0, 6.0 ] },
								"up": { "texture": "#command01-corner", "uv": [ 3.5, 5.0, 4.5, 5.5 ], "rotation": 90 },
								"down": { "texture": "#command01-corner", "uv": [ 3.5, 4.5, 4.0, 5.5 ] }
							},
							"children": [
								{
									"name": "blade15",
									"from": [ 0.8, 0.1, 0.3 ], 
									"to": [ 0.9, 0.5, 0.9 ], 
									"rotationOrigin": [ 0.8, 0.2, 0.8 ],
									"faces": {
										"north": { "texture": "#command01-corner", "uv": [ 4.0, 6.5, 4.5, 7.0 ] },
										"east": { "texture": "#command01-corner", "uv": [ 6.5, 2.5, 7.0, 3.0 ] },
										"south": { "texture": "#command01-corner", "uv": [ 2.5, 4.5, 3.0, 5.0 ] },
										"west": { "texture": "#command01-corner", "uv": [ 4.0, 2.0, 4.5, 2.5 ] },
										"up": { "texture": "#command01-corner", "uv": [ 2.5, 5.0, 3.0, 5.5 ] },
										"down": { "texture": "#command01-corner", "uv": [ 3.5, 5.0, 4.0, 5.5 ] }
									}
								},
								{
									"name": "blade44",
									"from": [ -1.0, 0.1, 0.0 ], 
									"to": [ -0.2, 0.5, 1.2 ], 
									"rotationOrigin": [ -1.0, 0.1, 0.5 ],
									"rotationY": -22.5,
									"faces": {
										"north": { "texture": "#command01-corner", "uv": [ 3.0, 5.5, 3.5, 6.0 ] },
										"east": { "texture": "#command01-corner", "uv": [ 3.0, 4.5, 4.0, 5.0 ] },
										"south": { "texture": "#command01-corner", "uv": [ 4.0, 4.5, 4.5, 5.0 ] },
										"west": { "texture": "#command01-corner", "uv": [ 3.0, 5.5, 4.0, 6.0 ] },
										"up": { "texture": "#command01-corner", "uv": [ 3.5, 5.0, 4.5, 5.5 ], "rotation": 90 },
										"down": { "texture": "#command01-corner", "uv": [ 3.5, 4.5, 4.0, 5.5 ] }
									}
								}
							]
						}
					]
				},
				{
					"name": "wrap10",
					"from": [ 3.0, -0.4, 7.7 ], 
					"to": [ 6.5, 0.4, 8.5 ], 
					"rotationOrigin": [ 3.3, -0.4, 7.7 ],
					"faces": {
						"north": { "texture": "#rot", "uv": [ 3.5, 14.5, 7.0, 15.0 ] },
						"east": { "texture": "#rot", "uv": [ 4.0, 10.0, 4.5, 10.5 ] },
						"south": { "texture": "#rot", "uv": [ 5.5, 10.5, 9.0, 11.0 ] },
						"west": { "texture": "#rot", "uv": [ 4.5, 9.5, 5.0, 10.0 ] },
						"up": { "texture": "#rot", "uv": [ 6.5, 14.5, 10.0, 15.0 ] },
						"down": { "texture": "#rot", "uv": [ 4.5, 9.5, 8.0, 10.0 ] }
					}
				}
			]
		}
	]}