{
	"editor": {
		"allAngles": false,
		"entityTextureMode": false
	},
	"textureWidth": 16,
	"textureHeight": 16,
	"textureSizes": {
	},
	"textures": {
		"coil": "item/coil",
		"inside": "game:block/wood/barrel/inside"
	},
	"elements": [
		{
			"name": "Cube1",
			"from": [ 5.0, 0.0, 5.0 ], 
			"to": [ 10.0, 1.5, 10.0 ], 
			"rotationOrigin": [ 5.0, 0.0, 5.0 ],
			"faces": {
				"north": { "texture": "#inside", "uv": [ 0.0, 0.0, 5.0, 1.5 ] },
				"east": { "texture": "#inside", "uv": [ 0.0, 0.0, 5.0, 1.5 ] },
				"south": { "texture": "#inside", "uv": [ 0.0, 0.0, 5.0, 1.5 ] },
				"west": { "texture": "#inside", "uv": [ 0.0, 0.0, 5.0, 1.5 ] },
				"up": { "texture": "#inside", "uv": [ 0.0, 0.0, 5.0, 5.0 ] },
				"down": { "texture": "#inside", "uv": [ 0.0, 0.0, 5.0, 5.0 ] }
			}
		},
		{
			"name": "Cube2",
			"from": [ 6.5, 1.5, 6.5 ], 
			"to": [ 8.5, 6.0, 8.5 ], 
			"rotationOrigin": [ 6.5, 1.5, 6.5 ],
			"faces": {
				"north": { "texture": "#inside", "uv": [ 0.0, 0.0, 2.0, 4.5 ] },
				"east": { "texture": "#inside", "uv": [ 0.0, 0.0, 2.0, 4.5 ] },
				"south": { "texture": "#inside", "uv": [ 0.0, 0.0, 2.0, 4.5 ] },
				"west": { "texture": "#inside", "uv": [ 0.0, 0.0, 2.0, 4.5 ] },
				"up": { "texture": "#inside", "uv": [ 0.0, 0.0, 2.0, 2.0 ] },
				"down": { "texture": "#inside", "uv": [ 0.0, 0.0, 2.0, 2.0 ] }
			}
		},
		{
			"name": "Cube3",
			"from": [ 5.0, 6.0, 5.0 ], 
			"to": [ 10.0, 7.5, 10.0 ], 
			"rotationOrigin": [ 5.0, 6.0, 5.0 ],
			"faces": {
				"north": { "texture": "#inside", "uv": [ 0.0, 0.0, 5.0, 1.5 ] },
				"east": { "texture": "#inside", "uv": [ 0.0, 0.0, 5.0, 1.5 ] },
				"south": { "texture": "#inside", "uv": [ 0.0, 0.0, 5.0, 1.5 ] },
				"west": { "texture": "#inside", "uv": [ 0.0, 0.0, 5.0, 1.5 ] },
				"up": { "texture": "#inside", "uv": [ 0.0, 0.0, 5.0, 5.0 ] },
				"down": { "texture": "#inside", "uv": [ 0.0, 0.0, 5.0, 5.0 ] }
			}
		},
		{
			"name": "Cube4",
			"from": [ 5.2, 1.7, 5.2 ], 
			"to": [ 9.8, 5.8, 9.8 ], 
			"rotationOrigin": [ 5.2, 1.7, 5.2 ],
			"faces": {
				"north": { "texture": "#coil", "uv": [ 0.0, 0.0, 4.5, 4.0 ] },
				"east": { "texture": "#coil", "uv": [ 0.0, 0.0, 4.5, 4.0 ] },
				"south": { "texture": "#coil", "uv": [ 0.0, 0.0, 4.5, 4.0 ] },
				"west": { "texture": "#coil", "uv": [ 0.0, 0.0, 4.5, 4.0 ] },
				"up": { "texture": "#coil", "uv": [ 4.5, 11.0, 9.0, 15.5 ] },
				"down": { "texture": "#coil", "uv": [ 4.5, 11.0, 9.0, 15.5 ] }
			}
		}
	]}