{
	"editor": {
		"allAngles": false,
		"entityTextureMode": false
	},
	"textureWidth": 16,
	"textureHeight": 16,
	"textureSizes": {
	},
	"textures": {
		"temporalgear": "game:item/resource/temporalgear"
	},
	"elements": [
		{
			"name": "Cube1",
			"from": [ 7.0, 5.0, 6.2 ], 
			"to": [ 8.0, 7.0, 7.2 ], 
			"rotationOrigin": [ 7.0, 5.0, 6.2 ],
			"faces": {
				"north": { "texture": "#temporalgear", "uv": [ 3.0, 3.0, 4.0, 5.0 ] },
				"east": { "texture": "#temporalgear", "uv": [ 11.0, 5.5, 12.0, 7.5 ] },
				"south": { "texture": "#temporalgear", "uv": [ 3.5, 7.0, 4.5, 9.0 ] },
				"west": { "texture": "#temporalgear", "uv": [ 3.0, 4.0, 4.0, 6.0 ] },
				"up": { "texture": "#temporalgear", "uv": [ 5.0, 11.0, 6.0, 12.0 ] },
				"down": { "texture": "#temporalgear", "uv": [ 11.0, 8.5, 12.0, 9.5 ] }
			}
		},
		{
			"name": "Cube2",
			"from": [ 9.4, 3.0, 6.6 ], 
			"to": [ 10.4, 8.0, 7.6 ], 
			"rotationOrigin": [ 9.4, 3.0, 6.6 ],
			"faces": {
				"north": { "texture": "#temporalgear", "uv": [ 8.5, 0.0, 9.5, 5.0 ] },
				"east": { "texture": "#temporalgear", "uv": [ 9.0, 6.5, 10.0, 11.5 ] },
				"south": { "texture": "#temporalgear", "uv": [ 11.5, 9.5, 12.5, 14.5 ] },
				"west": { "texture": "#temporalgear", "uv": [ 8.0, 8.0, 9.0, 13.0 ] },
				"up": { "texture": "#temporalgear", "uv": [ 3.5, 7.5, 4.5, 8.5 ] },
				"down": { "texture": "#temporalgear", "uv": [ 12.5, 4.0, 13.5, 5.0 ] }
			}
		},
		{
			"name": "Cube3",
			"from": [ 8.2, 4.0, 5.0 ], 
			"to": [ 9.2, 7.0, 6.0 ], 
			"rotationOrigin": [ 8.2, 4.0, 5.0 ],
			"faces": {
				"north": { "texture": "#temporalgear", "uv": [ 5.0, 3.5, 6.0, 6.5 ] },
				"east": { "texture": "#temporalgear", "uv": [ 12.0, 2.5, 13.0, 5.5 ] },
				"south": { "texture": "#temporalgear", "uv": [ 14.5, 6.0, 15.5, 9.0 ] },
				"west": { "texture": "#temporalgear", "uv": [ 6.0, 1.5, 7.0, 4.5 ] },
				"up": { "texture": "#temporalgear", "uv": [ 6.0, 3.5, 7.0, 4.5 ] },
				"down": { "texture": "#temporalgear", "uv": [ 6.0, 13.5, 7.0, 14.5 ] }
			}
		},
		{
			"name": "Cube4",
			"from": [ 9.0, 7.0, 8.0 ], 
			"to": [ 10.0, 9.0, 9.0 ], 
			"rotationOrigin": [ 9.0, 7.0, 8.0 ],
			"faces": {
				"north": { "texture": "#temporalgear", "uv": [ 2.5, 9.0, 3.5, 11.0 ] },
				"east": { "texture": "#temporalgear", "uv": [ 11.0, 5.5, 12.0, 7.5 ] },
				"south": { "texture": "#temporalgear", "uv": [ 10.0, 13.0, 11.0, 15.0 ] },
				"west": { "texture": "#temporalgear", "uv": [ 4.0, 10.0, 5.0, 12.0 ] },
				"up": { "texture": "#temporalgear", "uv": [ 14.0, 9.0, 15.0, 10.0 ] },
				"down": { "texture": "#temporalgear", "uv": [ 8.0, 12.5, 9.0, 13.5 ] }
			}
		},
		{
			"name": "Cube5",
			"from": [ 8.1, 4.0, 8.0 ], 
			"to": [ 9.1, 6.0, 9.0 ], 
			"rotationOrigin": [ 8.1, 4.0, 8.0 ],
			"faces": {
				"north": { "texture": "#temporalgear", "uv": [ 2.0, 9.0, 3.0, 11.0 ] },
				"east": { "texture": "#temporalgear", "uv": [ 0.5, 12.0, 1.5, 14.0 ] },
				"south": { "texture": "#temporalgear", "uv": [ 12.5, 10.0, 13.5, 12.0 ] },
				"west": { "texture": "#temporalgear", "uv": [ 6.0, 7.0, 7.0, 9.0 ] },
				"up": { "texture": "#temporalgear", "uv": [ 12.5, 13.0, 13.5, 14.0 ] },
				"down": { "texture": "#temporalgear", "uv": [ 4.5, 7.0, 5.5, 8.0 ] }
			}
		},
		{
			"name": "Cube6",
			"from": [ 7.0, 3.0, 6.5 ], 
			"to": [ 8.0, 4.0, 7.5 ], 
			"rotationOrigin": [ 7.0, 3.0, 6.5 ],
			"faces": {
				"north": { "texture": "#temporalgear", "uv": [ 8.5, 12.5, 9.5, 13.5 ] },
				"east": { "texture": "#temporalgear", "uv": [ 1.0, 11.0, 2.0, 12.0 ] },
				"south": { "texture": "#temporalgear", "uv": [ 14.5, 11.5, 15.5, 12.5 ] },
				"west": { "texture": "#temporalgear", "uv": [ 2.5, 9.5, 3.5, 10.5 ] },
				"up": { "texture": "#temporalgear", "uv": [ 8.5, 14.5, 9.5, 15.5 ] },
				"down": { "texture": "#temporalgear", "uv": [ 7.0, 10.0, 8.0, 11.0 ] }
			}
		},
		{
			"name": "Cube7",
			"from": [ 8.0, 8.0, 5.3 ], 
			"to": [ 9.0, 9.0, 6.3 ], 
			"rotationOrigin": [ 8.0, 8.0, 5.3 ],
			"faces": {
				"north": { "texture": "#temporalgear", "uv": [ 14.0, 13.0, 15.0, 14.0 ] },
				"east": { "texture": "#temporalgear", "uv": [ 12.5, 8.0, 13.5, 9.0 ] },
				"south": { "texture": "#temporalgear", "uv": [ 4.0, 9.0, 5.0, 10.0 ] },
				"west": { "texture": "#temporalgear", "uv": [ 12.5, 13.0, 13.5, 14.0 ] },
				"up": { "texture": "#temporalgear", "uv": [ 7.0, 0.0, 8.0, 1.0 ] },
				"down": { "texture": "#temporalgear", "uv": [ 11.0, 9.5, 12.0, 10.5 ] }
			}
		},
		{
			"name": "Cube8",
			"from": [ 7.4, 1.0, 8.0 ], 
			"to": [ 8.4, 3.0, 9.0 ], 
			"rotationOrigin": [ 7.4, 1.0, 8.0 ],
			"faces": {
				"north": { "texture": "#temporalgear", "uv": [ 4.5, 6.5, 5.5, 8.5 ] },
				"east": { "texture": "#temporalgear", "uv": [ 1.0, 6.0, 2.0, 8.0 ] },
				"south": { "texture": "#temporalgear", "uv": [ 3.0, 11.0, 4.0, 13.0 ] },
				"west": { "texture": "#temporalgear", "uv": [ 4.5, 9.5, 5.5, 11.5 ] },
				"up": { "texture": "#temporalgear", "uv": [ 5.5, 0.0, 6.5, 1.0 ] },
				"down": { "texture": "#temporalgear", "uv": [ 6.0, 8.5, 7.0, 9.5 ] }
			}
		}
	]}