{
	"editor": {
		"allAngles": false,
		"entityTextureMode": false
	},
	"textureWidth": 16,
	"textureHeight": 16,
	"textureSizes": {
	},
	"textures": {
		"copper": "game:item/resource/plate/copper",
		"molybdochalkos": "game:item/resource/plate/molybdochalkos"
	},
	"elements": [
		{
			"name": "Cube1",
			"from": [ 7.3, 0.0, 7.3 ], 
			"to": [ 8.7, 1.0, 8.7 ], 
			"rotationOrigin": [ 7.3, 0.0, 7.3 ],
			"faces": {
				"north": { "texture": "#copper", "uv": [ 0.0, 0.0, 1.0, 1.0 ] },
				"east": { "texture": "#copper", "uv": [ 0.0, 0.0, 1.0, 1.0 ] },
				"south": { "texture": "#copper", "uv": [ 0.0, 0.0, 1.0, 1.0 ] },
				"west": { "texture": "#copper", "uv": [ 0.0, 0.0, 1.0, 1.0 ] },
				"up": { "texture": "#copper", "uv": [ 0.0, 0.0, 1.0, 1.0 ] },
				"down": { "texture": "#copper", "uv": [ 0.0, 0.0, 1.0, 1.0 ] }
			},
			"children": [
				{
					"name": "Cube2",
					"from": [ 0.1, 1.0, 0.4 ], 
					"to": [ 0.4, 2.0, 1.0 ], 
					"rotationOrigin": [ 0.1, 1.0, 0.4 ],
					"faces": {
						"north": { "texture": "#molybdochalkos", "uv": [ 0.0, 0.0, 0.5, 1.0 ] },
						"east": { "texture": "#molybdochalkos", "uv": [ 0.0, 0.0, 0.5, 1.0 ] },
						"south": { "texture": "#molybdochalkos", "uv": [ 0.0, 0.0, 0.5, 1.0 ] },
						"west": { "texture": "#molybdochalkos", "uv": [ 0.0, 0.0, 0.5, 1.0 ] },
						"up": { "texture": "#molybdochalkos", "uv": [ 0.0, 0.0, 0.5, 0.5 ] },
						"down": { "texture": "#molybdochalkos", "uv": [ 0.0, 0.0, 0.5, 0.5 ] }
					}
				},
				{
					"name": "Cube3",
					"from": [ 1.0, 1.0, 0.4 ], 
					"to": [ 1.3, 2.0, 1.0 ], 
					"rotationOrigin": [ 1.0, 1.0, 0.4 ],
					"faces": {
						"north": { "texture": "#molybdochalkos", "uv": [ 0.0, 0.0, 0.5, 1.0 ] },
						"east": { "texture": "#molybdochalkos", "uv": [ 0.0, 0.0, 0.5, 1.0 ] },
						"south": { "texture": "#molybdochalkos", "uv": [ 0.0, 0.0, 0.5, 1.0 ] },
						"west": { "texture": "#molybdochalkos", "uv": [ 0.0, 0.0, 0.5, 1.0 ] },
						"up": { "texture": "#molybdochalkos", "uv": [ 0.0, 0.0, 0.5, 0.5 ] },
						"down": { "texture": "#molybdochalkos", "uv": [ 0.0, 0.0, 0.5, 0.5 ] }
					}
				}
			]
		}
	]}