{
	"editor": {
		"allAngles": false,
		"entityTextureMode": false
	},
	"textureWidth": 16,
	"textureHeight": 16,
	"textureSizes": {
	},
	"textures": {
		"normal": "game:block/cloth/leather/normal",
		"command01-insidealt": "game:block/meta/command01-insidealt",
		"command01-corner": "game:block/meta/command01-corner",
		"iron": "game:block/metal/anvil/iron",
		"glass4": "item/glass4"
	},
	"elements": [
		{
			"name": "Cube1",
			"from": [ 6.0, 0.0, 4.0 ], 
			"to": [ 11.0, 5.0, 8.0 ], 
			"rotationOrigin": [ 6.0, 0.0, 4.0 ],
			"faces": {
				"north": { "texture": "#normal", "uv": [ 6.0, 6.0, 11.0, 11.0 ] },
				"east": { "texture": "#normal", "uv": [ 12.0, 0.5, 16.0, 5.5 ] },
				"south": { "texture": "#normal", "uv": [ 5.5, 3.5, 10.5, 8.5 ] },
				"west": { "texture": "#normal", "uv": [ 0.0, 0.0, 4.0, 5.0 ] },
				"up": { "texture": "#normal", "uv": [ 2.5, 0.0, 7.5, 4.0 ] },
				"down": { "texture": "#normal", "uv": [ 2.5, 0.0, 7.5, 4.0 ] }
			}
		},
		{
			"name": "Cube3",
			"from": [ 6.0, 2.0, 8.0 ], 
			"to": [ 11.0, 5.0, 12.0 ], 
			"rotationOrigin": [ 6.0, 2.0, 8.0 ],
			"faces": {
				"north": { "texture": "#iron", "uv": [ 0.0, 0.0, 5.0, 3.0 ] },
				"east": { "texture": "#iron", "uv": [ 0.0, 0.0, 4.0, 3.0 ] },
				"south": { "texture": "#iron", "uv": [ 0.0, 0.0, 5.0, 3.0 ] },
				"west": { "texture": "#iron", "uv": [ 0.0, 0.0, 4.0, 3.0 ] },
				"up": { "texture": "#iron", "uv": [ 0.0, 0.0, 5.0, 4.0 ] },
				"down": { "texture": "#iron", "uv": [ 0.0, 0.0, 5.0, 4.0 ] }
			}
		},
		{
			"name": "Cube4",
			"from": [ 7.0, 5.0, 9.3 ], 
			"to": [ 10.0, 5.3, 11.3 ], 
			"rotationOrigin": [ 7.0, 5.0, 9.3 ],
			"faces": {
				"north": { "texture": "#command01-insidealt", "uv": [ 6.5, 11.5, 9.5, 12.0 ], "glow": 60 },
				"east": { "texture": "#command01-insidealt", "uv": [ 5.0, 2.5, 7.0, 3.0 ], "glow": 60 },
				"south": { "texture": "#command01-insidealt", "uv": [ 7.5, 3.0, 10.5, 3.5 ], "glow": 60 },
				"west": { "texture": "#command01-insidealt", "uv": [ 6.0, 3.5, 8.0, 4.0 ], "glow": 60 },
				"up": { "texture": "#command01-insidealt", "uv": [ 2.5, 3.0, 5.5, 5.0 ], "glow": 60 },
				"down": { "texture": "#command01-insidealt", "uv": [ 2.5, 2.5, 5.5, 4.5 ], "enabled": false }
			}
		},
		{
			"name": "Cube21",
			"from": [ 8.05, 5.0, 6.3 ], 
			"to": [ 9.05, 5.3, 8.8 ], 
			"rotationOrigin": [ 8.0, 5.0, 6.3 ],
			"faces": {
				"north": { "texture": "#iron", "uv": [ 6.5, 11.5, 7.5, 12.0 ] },
				"east": { "texture": "#iron", "uv": [ 5.0, 4.0, 7.5, 4.5 ] },
				"south": { "texture": "#iron", "uv": [ 10.5, 5.5, 11.5, 6.0 ] },
				"west": { "texture": "#iron", "uv": [ 9.5, 5.0, 12.0, 5.5 ] },
				"up": { "texture": "#iron", "uv": [ 2.5, 8.0, 3.5, 10.5 ] },
				"down": { "texture": "#iron", "uv": [ 2.5, 2.5, 3.5, 5.0 ], "enabled": false }
			},
			"children": [
				{
					"name": "Cube22",
					"from": [ 1.5, 0.0, 0.0 ], 
					"to": [ 2.5, 0.3, 2.5 ], 
					"rotationOrigin": [ 1.45, 0.0, 0.0 ],
					"faces": {
						"north": { "texture": "#iron", "uv": [ 8.5, 9.5, 9.5, 10.0 ] },
						"east": { "texture": "#iron", "uv": [ 11.0, 5.5, 13.5, 6.0 ] },
						"south": { "texture": "#iron", "uv": [ 11.0, 6.0, 12.0, 6.5 ] },
						"west": { "texture": "#iron", "uv": [ 10.5, 7.5, 13.0, 8.0 ] },
						"up": { "texture": "#iron", "uv": [ 2.5, 8.0, 3.5, 10.5 ] },
						"down": { "texture": "#iron", "uv": [ 2.5, 2.5, 3.5, 5.0 ], "enabled": false }
					}
				},
				{
					"name": "Cube23",
					"from": [ -1.5, 0.0, 0.0 ], 
					"to": [ -0.5, 0.3, 2.5 ], 
					"rotationOrigin": [ -1.55, 0.0, 0.0 ],
					"faces": {
						"north": { "texture": "#iron", "uv": [ 9.0, 8.5, 10.0, 9.0 ] },
						"east": { "texture": "#iron", "uv": [ 10.0, 4.5, 12.5, 5.0 ] },
						"south": { "texture": "#iron", "uv": [ 10.5, 4.5, 11.5, 5.0 ] },
						"west": { "texture": "#iron", "uv": [ 8.5, 4.5, 11.0, 5.0 ] },
						"up": { "texture": "#iron", "uv": [ 2.5, 8.0, 3.5, 10.5 ] },
						"down": { "texture": "#iron", "uv": [ 2.5, 2.5, 3.5, 5.0 ], "enabled": false }
					}
				},
				{
					"name": "Cube24",
					"from": [ -2.0, -2.0, 0.5 ], 
					"to": [ -1.0, -1.7, 3.0 ], 
					"rotationOrigin": [ -2.05, -2.0, 0.5 ],
					"rotationZ": 90.0,
					"faces": {
						"north": { "texture": "#command01-corner", "uv": [ 9.0, 8.5, 10.0, 9.0 ] },
						"east": { "texture": "#command01-corner", "uv": [ 10.0, 4.5, 12.5, 5.0 ] },
						"south": { "texture": "#command01-corner", "uv": [ 10.5, 4.5, 11.5, 5.0 ] },
						"west": { "texture": "#command01-corner", "uv": [ 8.5, 4.5, 11.0, 5.0 ] },
						"up": { "texture": "#command01-corner", "uv": [ 2.5, 8.0, 3.5, 10.5 ] },
						"down": { "texture": "#command01-corner", "uv": [ 2.5, 2.5, 3.5, 5.0 ], "enabled": false }
					}
				},
				{
					"name": "Cube25",
					"from": [ 3.0, -1.0, 0.5 ], 
					"to": [ 4.0, -0.7, 3.0 ], 
					"rotationOrigin": [ 2.95, -1.0, 0.5 ],
					"rotationZ": -90.0,
					"faces": {
						"north": { "texture": "#command01-corner", "uv": [ 9.0, 8.5, 10.0, 9.0 ] },
						"east": { "texture": "#command01-corner", "uv": [ 10.0, 4.5, 12.5, 5.0 ] },
						"south": { "texture": "#command01-corner", "uv": [ 10.5, 4.5, 11.5, 5.0 ] },
						"west": { "texture": "#command01-corner", "uv": [ 8.5, 4.5, 11.0, 5.0 ] },
						"up": { "texture": "#command01-corner", "uv": [ 2.5, 8.0, 3.5, 10.5 ] },
						"down": { "texture": "#command01-corner", "uv": [ 2.5, 2.5, 3.5, 5.0 ], "enabled": false }
					}
				}
			]
		},
		{
			"name": "Cube5",
			"from": [ 6.5, 2.3, 12.0 ], 
			"to": [ 10.5, 4.8, 12.2 ], 
			"rotationOrigin": [ 6.5, 2.3, 12.0 ],
			"faces": {
				"north": { "texture": "#command01-corner", "uv": [ 0.5, 1.5, 4.5, 4.0 ], "enabled": false },
				"east": { "texture": "#command01-corner", "uv": [ 7.0, 9.0, 7.5, 11.5 ] },
				"south": { "texture": "#command01-corner", "uv": [ 5.5, 4.0, 8.0, 8.0 ], "rotation": 90 },
				"west": { "texture": "#command01-corner", "uv": [ 8.5, 9.5, 9.0, 12.0 ] },
				"up": { "texture": "#command01-corner", "uv": [ 9.5, 7.5, 13.5, 8.0 ] },
				"down": { "texture": "#command01-corner", "uv": [ 8.0, 6.0, 12.0, 6.5 ] }
			}
		},
		{
			"name": "Cube2",
			"from": [ 6.63, 2.7, 12.44 ], 
			"to": [ 7.07, 4.46, 13.76 ], 
			"rotationOrigin": [ 6.63, 2.63, 12.44 ],
			"faces": {
				"north": { "texture": "#glass4", "uv": [ 0.0, 0.0, 0.5, 1.5 ], "glow": 150 },
				"east": { "texture": "#glass4", "uv": [ 0.0, 0.0, 1.0, 1.5 ], "glow": 150 },
				"south": { "texture": "#glass4", "uv": [ 0.0, 0.0, 0.5, 1.5 ], "glow": 150 },
				"west": { "texture": "#glass4", "uv": [ 0.0, 0.0, 1.0, 1.5 ], "glow": 150 },
				"up": { "texture": "#glass4", "uv": [ 0.0, 0.0, 0.5, 1.0 ], "glow": 150 },
				"down": { "texture": "#glass4", "uv": [ 0.0, 0.0, 0.5, 1.0 ], "glow": 150 }
			},
			"children": [
				{
					"name": "Cube14",
					"from": [ 0.022, 0.22, 1.21 ], 
					"to": [ 0.407, 1.65, 2.42 ], 
					"rotationOrigin": [ -0.055, 0.22, 1.21 ],
					"faces": {
						"north": { "texture": "#glass4", "uv": [ 0.0, 0.0, 0.55, 1.1 ], "glow": 150 },
						"east": { "texture": "#glass4", "uv": [ 0.0, 0.0, 1.1, 1.1 ], "glow": 150 },
						"south": { "texture": "#glass4", "uv": [ 0.0, 0.0, 0.55, 1.1 ], "glow": 150 },
						"west": { "texture": "#glass4", "uv": [ 0.0, 0.0, 1.1, 1.1 ], "glow": 150 },
						"up": { "texture": "#glass4", "uv": [ 0.0, 0.0, 0.55, 1.1 ], "glow": 150 },
						"down": { "texture": "#glass4", "uv": [ 0.0, 0.0, 0.55, 1.1 ], "glow": 150 }
					},
					"children": [
						{
							"name": "Cube6",
							"from": [ 0.033, 0.33, 1.1 ], 
							"to": [ 0.363, 1.1, 2.2 ], 
							"rotationOrigin": [ -0.022, 0.33, 1.1 ],
							"faces": {
								"north": { "texture": "#glass4", "uv": [ 0.0, 0.0, 0.55, 0.55 ], "glow": 150 },
								"east": { "texture": "#glass4", "uv": [ 0.0, 0.0, 1.1, 0.55 ], "glow": 150 },
								"south": { "texture": "#glass4", "uv": [ 0.0, 0.0, 0.55, 0.55 ], "glow": 150 },
								"west": { "texture": "#glass4", "uv": [ 0.0, 0.0, 1.1, 0.55 ], "glow": 150 },
								"up": { "texture": "#glass4", "uv": [ 0.0, 0.0, 0.55, 1.1 ], "glow": 150 },
								"down": { "texture": "#glass4", "uv": [ 0.0, 0.0, 0.55, 1.1 ], "glow": 150 }
							},
							"children": [
								{
									"name": "Cube13",
									"from": [ 0.055, 0.22, 0.99 ], 
									"to": [ 0.275, 0.55, 1.54 ], 
									"rotationOrigin": [ 0.0, 0.22, 0.99 ],
									"faces": {
										"north": { "texture": "#glass4", "uv": [ 0.0, 0.0, 0.55, 0.55 ], "glow": 150 },
										"east": { "texture": "#glass4", "uv": [ 0.0, 0.0, 0.55, 0.55 ], "glow": 150 },
										"south": { "texture": "#glass4", "uv": [ 0.0, 0.0, 0.55, 0.55 ], "glow": 150 },
										"west": { "texture": "#glass4", "uv": [ 0.0, 0.0, 0.55, 0.55 ], "glow": 150 },
										"up": { "texture": "#glass4", "uv": [ 0.0, 0.0, 0.55, 0.55 ], "glow": 150 },
										"down": { "texture": "#glass4", "uv": [ 0.0, 0.0, 0.55, 0.55 ], "glow": 150 }
									}
								}
							]
						}
					]
				},
				{
					"name": "Cube9",
					"from": [ 1.1, 0.0, 0.0 ], 
					"to": [ 1.54, 1.76, 1.32 ], 
					"rotationOrigin": [ 1.1, 0.0, 0.0 ],
					"faces": {
						"north": { "texture": "#glass4", "uv": [ 0.0, 0.0, 0.55, 1.65 ], "glow": 150 },
						"east": { "texture": "#glass4", "uv": [ 0.0, 0.0, 1.1, 1.65 ], "glow": 150 },
						"south": { "texture": "#glass4", "uv": [ 0.0, 0.0, 0.55, 1.65 ], "glow": 150 },
						"west": { "texture": "#glass4", "uv": [ 0.0, 0.0, 1.1, 1.65 ], "glow": 150 },
						"up": { "texture": "#glass4", "uv": [ 0.0, 0.0, 0.55, 1.1 ], "glow": 150 },
						"down": { "texture": "#glass4", "uv": [ 0.0, 0.0, 0.55, 1.1 ], "glow": 150 }
					},
					"children": [
						{
							"name": "Cube10",
							"from": [ 0.022, 0.22, 1.21 ], 
							"to": [ 0.407, 1.65, 2.42 ], 
							"rotationOrigin": [ -0.055, 0.22, 1.21 ],
							"faces": {
								"north": { "texture": "#glass4", "uv": [ 0.0, 0.0, 0.55, 1.1 ], "glow": 150 },
								"east": { "texture": "#glass4", "uv": [ 0.0, 0.0, 1.1, 1.1 ], "glow": 150 },
								"south": { "texture": "#glass4", "uv": [ 0.0, 0.0, 0.55, 1.1 ], "glow": 150 },
								"west": { "texture": "#glass4", "uv": [ 0.0, 0.0, 1.1, 1.1 ], "glow": 150 },
								"up": { "texture": "#glass4", "uv": [ 0.0, 0.0, 0.55, 1.1 ], "glow": 150 },
								"down": { "texture": "#glass4", "uv": [ 0.0, 0.0, 0.55, 1.1 ], "glow": 150 }
							},
							"children": [
								{
									"name": "Cube11",
									"from": [ 0.033, 0.33, 1.1 ], 
									"to": [ 0.363, 1.1, 2.2 ], 
									"rotationOrigin": [ -0.022, 0.33, 1.1 ],
									"faces": {
										"north": { "texture": "#glass4", "uv": [ 0.0, 0.0, 0.55, 0.55 ], "glow": 150 },
										"east": { "texture": "#glass4", "uv": [ 0.0, 0.0, 1.1, 0.55 ], "glow": 150 },
										"south": { "texture": "#glass4", "uv": [ 0.0, 0.0, 0.55, 0.55 ], "glow": 150 },
										"west": { "texture": "#glass4", "uv": [ 0.0, 0.0, 1.1, 0.55 ], "glow": 150 },
										"up": { "texture": "#glass4", "uv": [ 0.0, 0.0, 0.55, 1.1 ], "glow": 150 },
										"down": { "texture": "#glass4", "uv": [ 0.0, 0.0, 0.55, 1.1 ], "glow": 150 }
									},
									"children": [
										{
											"name": "Cube12",
											"from": [ 0.055, 0.22, 0.99 ], 
											"to": [ 0.275, 0.55, 1.54 ], 
											"rotationOrigin": [ 0.0, 0.22, 0.99 ],
											"faces": {
												"north": { "texture": "#glass4", "uv": [ 0.0, 0.0, 0.55, 0.55 ], "glow": 150 },
												"east": { "texture": "#glass4", "uv": [ 0.0, 0.0, 0.55, 0.55 ], "glow": 150 },
												"south": { "texture": "#glass4", "uv": [ 0.0, 0.0, 0.55, 0.55 ], "glow": 150 },
												"west": { "texture": "#glass4", "uv": [ 0.0, 0.0, 0.55, 0.55 ], "glow": 150 },
												"up": { "texture": "#glass4", "uv": [ 0.0, 0.0, 0.55, 0.55 ], "glow": 150 },
												"down": { "texture": "#glass4", "uv": [ 0.0, 0.0, 0.55, 0.55 ], "glow": 150 }
											}
										}
									]
								}
							]
						}
					]
				},
				{
					"name": "Cube15",
					"from": [ 2.2, 0.0, 0.0 ], 
					"to": [ 2.64, 1.76, 1.32 ], 
					"rotationOrigin": [ 2.2, 0.0, 0.0 ],
					"faces": {
						"north": { "texture": "#glass4", "uv": [ 0.0, 0.0, 0.55, 1.65 ], "glow": 150 },
						"east": { "texture": "#glass4", "uv": [ 0.0, 0.0, 1.1, 1.65 ], "glow": 150 },
						"south": { "texture": "#glass4", "uv": [ 0.0, 0.0, 0.55, 1.65 ], "glow": 150 },
						"west": { "texture": "#glass4", "uv": [ 0.0, 0.0, 1.1, 1.65 ], "glow": 150 },
						"up": { "texture": "#glass4", "uv": [ 0.0, 0.0, 0.55, 1.1 ], "glow": 150 },
						"down": { "texture": "#glass4", "uv": [ 0.0, 0.0, 0.55, 1.1 ], "glow": 150 }
					},
					"children": [
						{
							"name": "Cube15",
							"from": [ 0.022, 0.22, 1.21 ], 
							"to": [ 0.407, 1.65, 2.42 ], 
							"rotationOrigin": [ -0.055, 0.22, 1.21 ],
							"faces": {
								"north": { "texture": "#glass4", "uv": [ 0.0, 0.0, 0.55, 1.1 ], "glow": 150 },
								"east": { "texture": "#glass4", "uv": [ 0.0, 0.0, 1.1, 1.1 ], "glow": 150 },
								"south": { "texture": "#glass4", "uv": [ 0.0, 0.0, 0.55, 1.1 ], "glow": 150 },
								"west": { "texture": "#glass4", "uv": [ 0.0, 0.0, 1.1, 1.1 ], "glow": 150 },
								"up": { "texture": "#glass4", "uv": [ 0.0, 0.0, 0.55, 1.1 ], "glow": 150 },
								"down": { "texture": "#glass4", "uv": [ 0.0, 0.0, 0.55, 1.1 ], "glow": 150 }
							},
							"children": [
								{
									"name": "Cube15",
									"from": [ 0.033, 0.33, 1.1 ], 
									"to": [ 0.363, 1.1, 2.2 ], 
									"rotationOrigin": [ -0.022, 0.33, 1.1 ],
									"faces": {
										"north": { "texture": "#glass4", "uv": [ 0.0, 0.0, 0.55, 0.55 ], "glow": 150 },
										"east": { "texture": "#glass4", "uv": [ 0.0, 0.0, 1.1, 0.55 ], "glow": 150 },
										"south": { "texture": "#glass4", "uv": [ 0.0, 0.0, 0.55, 0.55 ], "glow": 150 },
										"west": { "texture": "#glass4", "uv": [ 0.0, 0.0, 1.1, 0.55 ], "glow": 150 },
										"up": { "texture": "#glass4", "uv": [ 0.0, 0.0, 0.55, 1.1 ], "glow": 150 },
										"down": { "texture": "#glass4", "uv": [ 0.0, 0.0, 0.55, 1.1 ], "glow": 150 }
									},
									"children": [
										{
											"name": "Cube16",
											"from": [ 0.055, 0.22, 0.99 ], 
											"to": [ 0.275, 0.55, 1.54 ], 
											"rotationOrigin": [ 0.0, 0.22, 0.99 ],
											"faces": {
												"north": { "texture": "#glass4", "uv": [ 0.0, 0.0, 0.55, 0.55 ], "glow": 150 },
												"east": { "texture": "#glass4", "uv": [ 0.0, 0.0, 0.55, 0.55 ], "glow": 150 },
												"south": { "texture": "#glass4", "uv": [ 0.0, 0.0, 0.55, 0.55 ], "glow": 150 },
												"west": { "texture": "#glass4", "uv": [ 0.0, 0.0, 0.55, 0.55 ], "glow": 150 },
												"up": { "texture": "#glass4", "uv": [ 0.0, 0.0, 0.55, 0.55 ], "glow": 150 },
												"down": { "texture": "#glass4", "uv": [ 0.0, 0.0, 0.55, 0.55 ], "glow": 150 },
											}
										}
									]
								}
							]
						}
					]
				},
				{
					"name": "Cube17",
					"from": [ 3.3, 0.0, 0.0 ], 
					"to": [ 3.74, 1.76, 1.32 ], 
					"rotationOrigin": [ 3.3, 0.0, 0.0 ],
					"faces": {
						"north": { "texture": "#glass4", "uv": [ 0.0, 0.0, 0.55, 1.65 ], "glow": 150 },
						"east": { "texture": "#glass4", "uv": [ 0.0, 0.0, 1.1, 1.65 ], "glow": 150 },
						"south": { "texture": "#glass4", "uv": [ 0.0, 0.0, 0.55, 1.65 ], "glow": 150 },
						"west": { "texture": "#glass4", "uv": [ 0.0, 0.0, 1.1, 1.65 ], "glow": 150 },
						"up": { "texture": "#glass4", "uv": [ 0.0, 0.0, 0.55, 1.1 ], "glow": 150 },
						"down": { "texture": "#glass4", "uv": [ 0.0, 0.0, 0.55, 1.1 ], "glow": 150 }
					},
					"children": [
						{
							"name": "Cube18",
							"from": [ 0.022, 0.22, 1.21 ], 
							"to": [ 0.407, 1.65, 2.42 ], 
							"rotationOrigin": [ -0.055, 0.22, 1.21 ],
							"faces": {
								"north": { "texture": "#glass4", "uv": [ 0.0, 0.0, 0.55, 1.1 ], "glow": 150 },
								"east": { "texture": "#glass4", "uv": [ 0.0, 0.0, 1.1, 1.1 ], "glow": 150 },
								"south": { "texture": "#glass4", "uv": [ 0.0, 0.0, 0.55, 1.1 ], "glow": 150 },
								"west": { "texture": "#glass4", "uv": [ 0.0, 0.0, 1.1, 1.1 ], "glow": 150 },
								"up": { "texture": "#glass4", "uv": [ 0.0, 0.0, 0.55, 1.1 ], "glow": 150 },
								"down": { "texture": "#glass4", "uv": [ 0.0, 0.0, 0.55, 1.1 ], "glow": 150 }
							},
							"children": [
								{
									"name": "Cube19",
									"from": [ 0.033, 0.33, 1.1 ], 
									"to": [ 0.363, 1.1, 2.2 ], 
									"rotationOrigin": [ -0.022, 0.33, 1.1 ],
									"faces": {
										"north": { "texture": "#glass4", "uv": [ 0.0, 0.0, 0.55, 0.55 ], "glow": 150 },
										"east": { "texture": "#glass4", "uv": [ 0.0, 0.0, 1.1, 0.55 ], "glow": 150 },
										"south": { "texture": "#glass4", "uv": [ 0.0, 0.0, 0.55, 0.55 ], "glow": 150 },
										"west": { "texture": "#glass4", "uv": [ 0.0, 0.0, 1.1, 0.55 ], "glow": 150 },
										"up": { "texture": "#glass4", "uv": [ 0.0, 0.0, 0.55, 1.1 ], "glow": 150 },
										"down": { "texture": "#glass4", "uv": [ 0.0, 0.0, 0.55, 1.1 ], "glow": 150 }
									},
									"children": [
										{
											"name": "Cube20",
											"from": [ 0.055, 0.22, 0.99 ], 
											"to": [ 0.275, 0.55, 1.54 ], 
											"rotationOrigin": [ 0.0, 0.22, 0.99 ],
											"faces": {
												"north": { "texture": "#glass4", "uv": [ 0.0, 0.0, 0.55, 0.55 ], "glow": 150 },
												"east": { "texture": "#glass4", "uv": [ 0.0, 0.0, 0.55, 0.55 ], "glow": 150 },
												"south": { "texture": "#glass4", "uv": [ 0.0, 0.0, 0.55, 0.55 ], "glow": 150 },
												"west": { "texture": "#glass4", "uv": [ 0.0, 0.0, 0.55, 0.55 ], "glow": 150 },
												"up": { "texture": "#glass4", "uv": [ 0.0, 0.0, 0.55, 0.55 ], "glow": 150 },
												"down": { "texture": "#glass4", "uv": [ 0.0, 0.0, 0.55, 0.55 ], "glow": 150 }
											}
										}
									]
								}
							]
						}
					]
				}
			]
		}
	]}