{
	"editor": {
		"allAngles": false,
		"entityTextureMode": false
	},
	"textureWidth": 16,
	"textureHeight": 16,
	"textureSizes": {
	},
	"textures": {
		"command01-corner": "game:block/meta/command01-corner",
		"iron": "game:block/metal/anvil/iron"
	},
	"elements": [
		{
			"name": "Cube3",
			"from": [ 6.0, 2.0, 8.0 ], 
			"to": [ 11.0, 5.0, 12.0 ], 
			"rotationOrigin": [ 6.0, 2.0, 8.0 ],
			"faces": {
				"north": { "texture": "#iron", "uv": [ 0.0, 0.0, 5.0, 3.0 ] },
				"east": { "texture": "#iron", "uv": [ 0.0, 0.0, 4.0, 3.0 ] },
				"south": { "texture": "#iron", "uv": [ 0.0, 0.0, 5.0, 3.0 ] },
				"west": { "texture": "#iron", "uv": [ 0.0, 0.0, 4.0, 3.0 ] },
				"up": { "texture": "#iron", "uv": [ 0.0, 0.0, 5.0, 4.0 ] },
				"down": { "texture": "#iron", "uv": [ 0.0, 0.0, 5.0, 4.0 ] }
			}
		},
		{
			"name": "Cube21",
			"from": [ 8.05, 5.0, 6.3 ], 
			"to": [ 9.05, 5.3, 8.8 ], 
			"rotationOrigin": [ 8.0, 5.0, 6.3 ],
			"faces": {
				"north": { "texture": "#iron", "uv": [ 6.5, 11.5, 7.5, 12.0 ] },
				"east": { "texture": "#iron", "uv": [ 5.0, 4.0, 7.5, 4.5 ] },
				"south": { "texture": "#iron", "uv": [ 10.5, 5.5, 11.5, 6.0 ] },
				"west": { "texture": "#iron", "uv": [ 9.5, 5.0, 12.0, 5.5 ] },
				"up": { "texture": "#iron", "uv": [ 2.5, 8.0, 3.5, 10.5 ] },
				"down": { "texture": "#iron", "uv": [ 2.5, 2.5, 3.5, 5.0 ], "enabled": false }
			},
			"children": [
				{
					"name": "Cube22",
					"from": [ 1.5, 0.0, 0.0 ], 
					"to": [ 2.5, 0.3, 2.5 ], 
					"rotationOrigin": [ 1.45, 0.0, 0.0 ],
					"faces": {
						"north": { "texture": "#iron", "uv": [ 8.5, 9.5, 9.5, 10.0 ] },
						"east": { "texture": "#iron", "uv": [ 11.0, 5.5, 13.5, 6.0 ] },
						"south": { "texture": "#iron", "uv": [ 11.0, 6.0, 12.0, 6.5 ] },
						"west": { "texture": "#iron", "uv": [ 10.5, 7.5, 13.0, 8.0 ] },
						"up": { "texture": "#iron", "uv": [ 2.5, 8.0, 3.5, 10.5 ] },
						"down": { "texture": "#iron", "uv": [ 2.5, 2.5, 3.5, 5.0 ], "enabled": false }
					}
				},
				{
					"name": "Cube23",
					"from": [ -1.5, 0.0, 0.0 ], 
					"to": [ -0.5, 0.3, 2.5 ], 
					"rotationOrigin": [ -1.55, 0.0, 0.0 ],
					"faces": {
						"north": { "texture": "#iron", "uv": [ 9.0, 8.5, 10.0, 9.0 ] },
						"east": { "texture": "#iron", "uv": [ 10.0, 4.5, 12.5, 5.0 ] },
						"south": { "texture": "#iron", "uv": [ 10.5, 4.5, 11.5, 5.0 ] },
						"west": { "texture": "#iron", "uv": [ 8.5, 4.5, 11.0, 5.0 ] },
						"up": { "texture": "#iron", "uv": [ 2.5, 8.0, 3.5, 10.5 ] },
						"down": { "texture": "#iron", "uv": [ 2.5, 2.5, 3.5, 5.0 ], "enabled": false }
					}
				},
				{
					"name": "Cube24",
					"from": [ -2.0, -2.0, 0.5 ], 
					"to": [ -1.0, -1.7, 3.0 ], 
					"rotationOrigin": [ -2.05, -2.0, 0.5 ],
					"rotationZ": 90.0,
					"faces": {
						"north": { "texture": "#command01-corner", "uv": [ 9.0, 8.5, 10.0, 9.0 ] },
						"east": { "texture": "#command01-corner", "uv": [ 10.0, 4.5, 12.5, 5.0 ] },
						"south": { "texture": "#command01-corner", "uv": [ 10.5, 4.5, 11.5, 5.0 ] },
						"west": { "texture": "#command01-corner", "uv": [ 8.5, 4.5, 11.0, 5.0 ] },
						"up": { "texture": "#command01-corner", "uv": [ 2.5, 8.0, 3.5, 10.5 ] },
						"down": { "texture": "#command01-corner", "uv": [ 2.5, 2.5, 3.5, 5.0 ], "enabled": false }
					}
				},
				{
					"name": "Cube25",
					"from": [ 3.0, -1.0, 0.5 ], 
					"to": [ 4.0, -0.7, 3.0 ], 
					"rotationOrigin": [ 2.95, -1.0, 0.5 ],
					"rotationZ": -90.0,
					"faces": {
						"north": { "texture": "#command01-corner", "uv": [ 9.0, 8.5, 10.0, 9.0 ] },
						"east": { "texture": "#command01-corner", "uv": [ 10.0, 4.5, 12.5, 5.0 ] },
						"south": { "texture": "#command01-corner", "uv": [ 10.5, 4.5, 11.5, 5.0 ] },
						"west": { "texture": "#command01-corner", "uv": [ 8.5, 4.5, 11.0, 5.0 ] },
						"up": { "texture": "#command01-corner", "uv": [ 2.5, 8.0, 3.5, 10.5 ] },
						"down": { "texture": "#command01-corner", "uv": [ 2.5, 2.5, 3.5, 5.0 ], "enabled": false }
					}
				}
			]
		},
		{
			"name": "Cube5",
			"from": [ 6.5, 2.3, 12.0 ], 
			"to": [ 10.5, 4.8, 12.2 ], 
			"rotationOrigin": [ 6.5, 2.3, 12.0 ],
			"faces": {
				"north": { "texture": "#command01-corner", "uv": [ 0.5, 1.5, 4.5, 4.0 ], "enabled": false },
				"east": { "texture": "#command01-corner", "uv": [ 7.0, 9.0, 7.5, 11.5 ] },
				"south": { "texture": "#command01-corner", "uv": [ 5.5, 4.0, 8.0, 8.0 ], "rotation": 90 },
				"west": { "texture": "#command01-corner", "uv": [ 8.5, 9.5, 9.0, 12.0 ] },
				"up": { "texture": "#command01-corner", "uv": [ 9.5, 7.5, 13.5, 8.0 ] },
				"down": { "texture": "#command01-corner", "uv": [ 8.0, 6.0, 12.0, 6.5 ] }
			}
		}
	]}