{
	"editor": {
		"allAngles": false,
		"entityTextureMode": false
	},
	"textureWidth": 16,
	"textureHeight": 16,
	"textureSizes": {
	},
	"textures": {
		"red": "textures/item/red",
		"glass2": "textures/item/glass2",
		"titanium": "game:item/resource/plate/titanium",
		"glass1": "textures/item/glass1",
		"black": "textures/item/black",
		"glow1": "textures/item/glow1",
		"molybdochalkos": "game:item/resource/plate/molybdochalkos"
	},
	"elements": [
		{
			"name": "base",
			"from": [ 5.5, 0.0, 5.5 ], 
			"to": [ 10.5, 1.1, 10.5 ], 
			"rotationOrigin": [ 8.0, 0.0, 8.0 ],
			"faces": {
				"north": { "texture": "#molybdochalkos", "uv": [ 0.0, 0.0, 5.0, 1.0 ] },
				"east": { "texture": "#molybdochalkos", "uv": [ 0.0, 0.0, 5.0, 1.0 ] },
				"south": { "texture": "#molybdochalkos", "uv": [ 0.0, 0.0, 5.0, 1.0 ] },
				"west": { "texture": "#molybdochalkos", "uv": [ 0.0, 0.0, 5.0, 1.0 ] },
				"up": { "texture": "#molybdochalkos", "uv": [ 0.0, 0.0, 5.0, 5.0 ] },
				"down": { "texture": "#molybdochalkos", "uv": [ 0.0, 0.0, 5.0, 5.0 ] }
			},
			"children": [
				{
					"name": "mount",
					"from": [ 1.8, 1.0, 1.7 ], 
					"to": [ 3.3, 3.6, 3.2 ], 
					"rotationOrigin": [ 1.8, 1.0, 1.7 ],
					"faces": {
						"north": { "texture": "#titanium", "uv": [ 0.0, 0.0, 1.5, 2.5 ] },
						"east": { "texture": "#titanium", "uv": [ 0.0, 0.0, 1.5, 2.5 ] },
						"south": { "texture": "#titanium", "uv": [ 0.0, 0.0, 1.5, 2.5 ] },
						"west": { "texture": "#titanium", "uv": [ 0.0, 0.0, 1.5, 2.5 ] },
						"up": { "texture": "#titanium", "uv": [ 0.0, 0.0, 1.5, 1.5 ] },
						"down": { "texture": "#titanium", "uv": [ 0.0, 0.0, 1.5, 1.5 ] }
					},
					"children": [
						{
							"name": "wire2",
							"from": [ -0.2, 0.1, 0.5 ], 
							"to": [ 0.0, 1.9, 1.0 ], 
							"rotationOrigin": [ -0.2, 0.1, 0.5 ],
							"faces": {
								"north": { "texture": "#red", "uv": [ 0.0, 0.0, 0.5, 1.5 ] },
								"east": { "texture": "#red", "uv": [ 0.0, 0.0, 0.5, 1.5 ] },
								"south": { "texture": "#red", "uv": [ 0.0, 0.0, 0.5, 1.5 ] },
								"west": { "texture": "#red", "uv": [ 0.0, 0.0, 0.5, 1.5 ] },
								"up": { "texture": "#red", "uv": [ 0.0, 0.0, 0.5, 0.5 ] },
								"down": { "texture": "#red", "uv": [ 0.0, 0.0, 0.5, 0.5 ] }
							}
						},
						{
							"name": "wire",
							"from": [ 1.5, 0.1, 0.5 ], 
							"to": [ 1.7, 1.9, 1.0 ], 
							"rotationOrigin": [ 1.5, 0.1, 0.5 ],
							"faces": {
								"north": { "texture": "#black", "uv": [ 0.0, 0.0, 0.5, 1.5 ] },
								"east": { "texture": "#black", "uv": [ 0.0, 0.0, 0.5, 1.5 ] },
								"south": { "texture": "#black", "uv": [ 0.0, 0.0, 0.5, 1.5 ] },
								"west": { "texture": "#black", "uv": [ 0.0, 0.0, 0.5, 1.5 ] },
								"up": { "texture": "#black", "uv": [ 0.0, 0.0, 0.5, 0.5 ] },
								"down": { "texture": "#black", "uv": [ 0.0, 0.0, 0.5, 0.5 ] }
							}
						},
						{
							"name": "Filiment",
							"from": [ 0.4, 2.6, 0.4 ], 
							"to": [ 1.1, 3.6, 1.1 ], 
							"rotationOrigin": [ 0.4, 2.6, 0.4 ],
							"faces": {
								"north": { "texture": "#glow1", "uv": [ 0.0, 0.0, 0.5, 1.0 ] },
								"east": { "texture": "#glow1", "uv": [ 0.0, 0.0, 0.5, 1.0 ] },
								"south": { "texture": "#glow1", "uv": [ 0.0, 0.0, 0.5, 1.0 ] },
								"west": { "texture": "#glow1", "uv": [ 0.0, 0.0, 0.5, 1.0 ] },
								"up": { "texture": "#glow1", "uv": [ 0.0, 0.0, 0.5, 0.5 ] },
								"down": { "texture": "#glow1", "uv": [ 0.0, 0.0, 0.5, 0.5 ] }
							},
							"children": [
								{
									"name": "Bulb",
									"from": [ -0.7, 0.0, -0.7 ], 
									"to": [ 1.4, 2.0, 1.4 ], 
									"renderPass": 0,
									"rotationOrigin": [ -0.7, 0.0, -0.7 ],
									"faces": {
										"north": { "texture": "#glass1", "uv": [ 0.0, 0.0, 2.0, 2.0 ] },
										"east": { "texture": "#glass1", "uv": [ 0.0, 0.0, 2.0, 2.0 ] },
										"south": { "texture": "#glass1", "uv": [ 0.0, 0.0, 2.0, 2.0 ] },
										"west": { "texture": "#glass1", "uv": [ 0.0, 0.0, 2.0, 2.0 ] },
										"up": { "texture": "#glass1", "uv": [ 0.0, 0.0, 2.0, 2.0 ] },
										"down": { "texture": "#glass1", "uv": [ 0.0, 0.0, 2.0, 2.0 ] }
									}
								}
							]
						}
					]
				},
				{
					"name": "Cube1",
					"from": [ -0.1, 0.9, -0.1 ], 
					"to": [ 0.4, 6.9, 0.4 ], 
					"rotationOrigin": [ -0.1, 0.9, -0.1 ],
					"faces": {
						"north": { "texture": "#molybdochalkos", "uv": [ 0.0, 0.0, 0.5, 6.0 ] },
						"east": { "texture": "#molybdochalkos", "uv": [ 0.0, 0.0, 0.5, 6.0 ] },
						"south": { "texture": "#molybdochalkos", "uv": [ 0.0, 0.0, 0.5, 6.0 ] },
						"west": { "texture": "#molybdochalkos", "uv": [ 0.0, 0.0, 0.5, 6.0 ] },
						"up": { "texture": "#molybdochalkos", "uv": [ 0.0, 0.0, 0.5, 0.5 ] },
						"down": { "texture": "#molybdochalkos", "uv": [ 0.0, 0.0, 0.5, 0.5 ] }
					}
				},
				{
					"name": "Cube8",
					"from": [ 4.6, 0.9, -0.1 ], 
					"to": [ 5.1, 6.9, 0.4 ], 
					"rotationOrigin": [ 4.6, 0.9, -0.1 ],
					"faces": {
						"north": { "texture": "#molybdochalkos", "uv": [ 0.0, 0.0, 0.5, 6.0 ] },
						"east": { "texture": "#molybdochalkos", "uv": [ 0.0, 0.0, 0.5, 6.0 ] },
						"south": { "texture": "#molybdochalkos", "uv": [ 0.0, 0.0, 0.5, 6.0 ] },
						"west": { "texture": "#molybdochalkos", "uv": [ 0.0, 0.0, 0.5, 6.0 ] },
						"up": { "texture": "#molybdochalkos", "uv": [ 0.0, 0.0, 0.5, 0.5 ] },
						"down": { "texture": "#molybdochalkos", "uv": [ 0.0, 0.0, 0.5, 0.5 ] }
					}
				},
				{
					"name": "Cube9",
					"from": [ -0.1, 0.9, 4.6 ], 
					"to": [ 0.4, 6.9, 5.1 ], 
					"rotationOrigin": [ -0.1, 0.9, 4.6 ],
					"faces": {
						"north": { "texture": "#molybdochalkos", "uv": [ 0.0, 0.0, 0.5, 6.0 ] },
						"east": { "texture": "#molybdochalkos", "uv": [ 0.0, 0.0, 0.5, 6.0 ] },
						"south": { "texture": "#molybdochalkos", "uv": [ 0.0, 0.0, 0.5, 6.0 ] },
						"west": { "texture": "#molybdochalkos", "uv": [ 0.0, 0.0, 0.5, 6.0 ] },
						"up": { "texture": "#molybdochalkos", "uv": [ 0.0, 0.0, 0.5, 0.5 ] },
						"down": { "texture": "#molybdochalkos", "uv": [ 0.0, 0.0, 0.5, 0.5 ] }
					}
				},
				{
					"name": "Cube10",
					"from": [ 4.6, 0.9, 4.6 ], 
					"to": [ 5.1, 6.9, 5.1 ], 
					"rotationOrigin": [ 4.6, 0.9, 4.6 ],
					"faces": {
						"north": { "texture": "#molybdochalkos", "uv": [ 0.0, 0.0, 0.5, 6.0 ] },
						"east": { "texture": "#molybdochalkos", "uv": [ 0.0, 0.0, 0.5, 6.0 ] },
						"south": { "texture": "#molybdochalkos", "uv": [ 0.0, 0.0, 0.5, 6.0 ] },
						"west": { "texture": "#molybdochalkos", "uv": [ 0.0, 0.0, 0.5, 6.0 ] },
						"up": { "texture": "#molybdochalkos", "uv": [ 0.0, 0.0, 0.5, 0.5 ] },
						"down": { "texture": "#molybdochalkos", "uv": [ 0.0, 0.0, 0.5, 0.5 ] }
					}
				},
				{
					"name": "Cube11",
					"from": [ 0.0, 6.9, 0.0 ], 
					"to": [ 5.0, 7.7, 5.0 ], 
					"rotationOrigin": [ 0.0, 6.9, 0.0 ],
					"faces": {
						"north": { "texture": "#molybdochalkos", "uv": [ 0.0, 0.0, 5.0, 0.5 ] },
						"east": { "texture": "#molybdochalkos", "uv": [ 0.0, 0.0, 5.0, 0.5 ] },
						"south": { "texture": "#molybdochalkos", "uv": [ 0.0, 0.0, 5.0, 0.5 ] },
						"west": { "texture": "#molybdochalkos", "uv": [ 0.0, 0.0, 5.0, 0.5 ] },
						"up": { "texture": "#molybdochalkos", "uv": [ 0.0, 0.0, 5.0, 5.0 ] },
						"down": { "texture": "#molybdochalkos", "uv": [ 0.0, 0.0, 5.0, 5.0 ] }
					},
					"children": [
						{
							"name": "Cube21",
							"from": [ 0.3, 0.8, 0.3 ], 
							"to": [ 4.7, 1.0, 4.7 ], 
							"rotationOrigin": [ 0.3, 0.8, 0.3 ],
							"faces": {
								"north": { "texture": "#molybdochalkos", "uv": [ 0.0, 0.0, 4.0, 0.5 ] },
								"east": { "texture": "#molybdochalkos", "uv": [ 0.0, 0.0, 4.0, 0.5 ] },
								"south": { "texture": "#molybdochalkos", "uv": [ 0.0, 0.0, 4.0, 0.5 ] },
								"west": { "texture": "#molybdochalkos", "uv": [ 0.0, 0.0, 4.0, 0.5 ] },
								"up": { "texture": "#molybdochalkos", "uv": [ 0.0, 0.0, 4.0, 4.0 ] },
								"down": { "texture": "#molybdochalkos", "uv": [ 0.0, 0.0, 4.0, 4.0 ] }
							}
						}
					]
				},
				{
					"name": "Cube12",
					"from": [ 0.0, 3.8, 0.0 ], 
					"to": [ 5.0, 4.3, 0.2 ], 
					"rotationOrigin": [ 0.0, 3.8, 0.0 ],
					"faces": {
						"north": { "texture": "#molybdochalkos", "uv": [ 0.0, 0.0, 5.0, 0.5 ] },
						"east": { "texture": "#molybdochalkos", "uv": [ 0.0, 0.0, 0.5, 0.5 ] },
						"south": { "texture": "#molybdochalkos", "uv": [ 0.0, 0.0, 5.0, 0.5 ] },
						"west": { "texture": "#molybdochalkos", "uv": [ 0.0, 0.0, 0.5, 0.5 ] },
						"up": { "texture": "#molybdochalkos", "uv": [ 0.0, 0.0, 5.0, 0.5 ] },
						"down": { "texture": "#molybdochalkos", "uv": [ 0.0, 0.0, 5.0, 0.5 ] }
					},
					"children": [
						{
							"name": "Cube17",
							"from": [ 2.5, 3.3, 0.1 ], 
							"to": [ 9.0, 3.9, 0.3 ], 
							"rotationOrigin": [ 2.5, 3.6, 0.1 ],
							"rotationZ": -90.0,
							"faces": {
								"north": { "texture": "#molybdochalkos", "uv": [ 0.0, 0.0, 6.5, 0.5 ] },
								"east": { "texture": "#molybdochalkos", "uv": [ 0.0, 0.0, 0.5, 0.5 ] },
								"south": { "texture": "#molybdochalkos", "uv": [ 0.0, 0.0, 6.5, 0.5 ] },
								"west": { "texture": "#molybdochalkos", "uv": [ 0.0, 0.0, 0.5, 0.5 ] },
								"up": { "texture": "#molybdochalkos", "uv": [ 0.0, 0.0, 6.5, 0.5 ] },
								"down": { "texture": "#molybdochalkos", "uv": [ 0.0, 0.0, 6.5, 0.5 ] }
							}
						}
					]
				},
				{
					"name": "Cube13",
					"from": [ 0.0, 3.8, 4.8 ], 
					"to": [ 5.0, 4.3, 5.0 ], 
					"rotationOrigin": [ 0.0, 3.8, 4.8 ],
					"faces": {
						"north": { "texture": "#molybdochalkos", "uv": [ 0.0, 0.0, 5.0, 0.5 ] },
						"east": { "texture": "#molybdochalkos", "uv": [ 0.0, 0.0, 0.5, 0.5 ] },
						"south": { "texture": "#molybdochalkos", "uv": [ 0.0, 0.0, 5.0, 0.5 ] },
						"west": { "texture": "#molybdochalkos", "uv": [ 0.0, 0.0, 0.5, 0.5 ] },
						"up": { "texture": "#molybdochalkos", "uv": [ 0.0, 0.0, 5.0, 0.5 ] },
						"down": { "texture": "#molybdochalkos", "uv": [ 0.0, 0.0, 5.0, 0.5 ] }
					},
					"children": [
						{
							"name": "Cube18",
							"from": [ 2.5, 3.3, -0.1 ], 
							"to": [ 9.0, 3.9, 0.1 ], 
							"rotationOrigin": [ 2.5, 3.6, -0.1 ],
							"rotationZ": -89.99997456787236,
							"faces": {
								"north": { "texture": "#molybdochalkos", "uv": [ 0.0, 0.0, 6.5, 0.5 ] },
								"east": { "texture": "#molybdochalkos", "uv": [ 0.0, 0.0, 0.5, 0.5 ] },
								"south": { "texture": "#molybdochalkos", "uv": [ 0.0, 0.0, 6.5, 0.5 ] },
								"west": { "texture": "#molybdochalkos", "uv": [ 0.0, 0.0, 0.5, 0.5 ] },
								"up": { "texture": "#molybdochalkos", "uv": [ 0.0, 0.0, 6.5, 0.5 ] },
								"down": { "texture": "#molybdochalkos", "uv": [ 0.0, 0.0, 6.5, 0.5 ] }
							}
						}
					]
				},
				{
					"name": "Cube14",
					"from": [ 0.3, 3.8, 0.0 ], 
					"to": [ 5.3, 4.3, 0.2 ], 
					"rotationOrigin": [ 0.3, 3.8, 0.0 ],
					"rotationY": -90.0,
					"faces": {
						"north": { "texture": "#molybdochalkos", "uv": [ 0.0, 0.0, 5.0, 0.5 ] },
						"east": { "texture": "#molybdochalkos", "uv": [ 0.0, 0.0, 0.5, 0.5 ] },
						"south": { "texture": "#molybdochalkos", "uv": [ 0.0, 0.0, 5.0, 0.5 ] },
						"west": { "texture": "#molybdochalkos", "uv": [ 0.0, 0.0, 0.5, 0.5 ] },
						"up": { "texture": "#molybdochalkos", "uv": [ 0.0, 0.0, 5.0, 0.5 ] },
						"down": { "texture": "#molybdochalkos", "uv": [ 0.0, 0.0, 5.0, 0.5 ] }
					},
					"children": [
						{
							"name": "Cube19",
							"from": [ 2.5, 3.3, -4.6 ], 
							"to": [ 9.0, 3.9, -4.4 ], 
							"rotationOrigin": [ 2.5, 3.6, -4.6 ],
							"rotationZ": -90.0,
							"faces": {
								"north": { "texture": "#molybdochalkos", "uv": [ 0.0, 0.0, 6.5, 0.5 ] },
								"east": { "texture": "#molybdochalkos", "uv": [ 0.0, 0.0, 0.5, 0.5 ] },
								"south": { "texture": "#molybdochalkos", "uv": [ 0.0, 0.0, 6.5, 0.5 ] },
								"west": { "texture": "#molybdochalkos", "uv": [ 0.0, 0.0, 0.5, 0.5 ] },
								"up": { "texture": "#molybdochalkos", "uv": [ 0.0, 0.0, 6.5, 0.5 ] },
								"down": { "texture": "#molybdochalkos", "uv": [ 0.0, 0.0, 6.5, 0.5 ] }
							}
						}
					]
				},
				{
					"name": "Cube15",
					"from": [ 5.0, 3.8, 0.0 ], 
					"to": [ 10.0, 4.3, 0.2 ], 
					"rotationOrigin": [ 5.0, 3.8, 0.0 ],
					"rotationY": -90.0,
					"faces": {
						"north": { "texture": "#molybdochalkos", "uv": [ 0.0, 0.0, 5.0, 0.5 ] },
						"east": { "texture": "#molybdochalkos", "uv": [ 0.0, 0.0, 0.5, 0.5 ] },
						"south": { "texture": "#molybdochalkos", "uv": [ 0.0, 0.0, 5.0, 0.5 ] },
						"west": { "texture": "#molybdochalkos", "uv": [ 0.0, 0.0, 0.5, 0.5 ] },
						"up": { "texture": "#molybdochalkos", "uv": [ 0.0, 0.0, 5.0, 0.5 ] },
						"down": { "texture": "#molybdochalkos", "uv": [ 0.0, 0.0, 5.0, 0.5 ] }
					},
					"children": [
						{
							"name": "Cube20",
							"from": [ 2.5, 3.3, 4.6 ], 
							"to": [ 9.0, 3.9, 4.8 ], 
							"rotationOrigin": [ 2.5, 3.6, 4.6 ],
							"rotationZ": -90.0,
							"faces": {
								"north": { "texture": "#molybdochalkos", "uv": [ 0.0, 0.0, 6.5, 0.5 ] },
								"east": { "texture": "#molybdochalkos", "uv": [ 0.0, 0.0, 0.5, 0.5 ] },
								"south": { "texture": "#molybdochalkos", "uv": [ 0.0, 0.0, 6.5, 0.5 ] },
								"west": { "texture": "#molybdochalkos", "uv": [ 0.0, 0.0, 0.5, 0.5 ] },
								"up": { "texture": "#molybdochalkos", "uv": [ 0.0, 0.0, 6.5, 0.5 ] },
								"down": { "texture": "#molybdochalkos", "uv": [ 0.0, 0.0, 6.5, 0.5 ] }
							}
						}
					]
				},
				{
					"name": "glass1",
					"from": [ 0.6, 1.0, 4.7 ], 
					"to": [ 0.9, 7.0, 9.1 ], 
					"renderPass": 0,
					"rotationOrigin": [ 0.6, 1.0, 4.7 ],
					"rotationY": -180.0,
					"faces": {
						"north": { "texture": "#glass2", "uv": [ 0.0, 0.0, 0.5, 6.0 ] },
						"east": { "texture": "#glass2", "uv": [ 0.0, 0.0, 4.0, 6.0 ] },
						"south": { "texture": "#glass2", "uv": [ 0.0, 0.0, 0.5, 6.0 ] },
						"west": { "texture": "#glass2", "uv": [ 0.0, 0.0, 4.0, 6.0 ] },
						"up": { "texture": "#glass2", "uv": [ 0.0, 0.0, 0.5, 4.0 ] },
						"down": { "texture": "#glass2", "uv": [ 0.0, 0.0, 0.5, 4.0 ] }
					}
				},
				{
					"name": "glass2",
					"from": [ 4.5, 1.0, 0.3 ], 
					"to": [ 4.8, 7.0, 4.7 ], 
					"renderPass": 0,
					"rotationOrigin": [ 4.5, 1.0, 0.3 ],
					"faces": {
						"north": { "texture": "#glass2", "uv": [ 0.0, 0.0, 0.5, 6.0 ] },
						"east": { "texture": "#glass2", "uv": [ 0.0, 0.0, 4.0, 6.0 ] },
						"south": { "texture": "#glass2", "uv": [ 0.0, 0.0, 0.5, 6.0 ] },
						"west": { "texture": "#glass2", "uv": [ 0.0, 0.0, 4.0, 6.0 ] },
						"up": { "texture": "#glass2", "uv": [ 0.0, 0.0, 0.5, 4.0 ] },
						"down": { "texture": "#glass2", "uv": [ 0.0, 0.0, 0.5, 4.0 ] }
					}
				},
				{
					"name": "glass3",
					"from": [ 0.3, 1.0, 0.5 ], 
					"to": [ 0.6, 7.0, 4.9 ], 
					"renderPass": 0,
					"rotationOrigin": [ 0.3, 1.0, 0.5 ],
					"rotationY": 90.0,
					"faces": {
						"north": { "texture": "#glass2", "uv": [ 0.0, 0.0, 0.5, 6.0 ] },
						"east": { "texture": "#glass2", "uv": [ 0.0, 0.0, 4.0, 6.0 ] },
						"south": { "texture": "#glass2", "uv": [ 0.0, 0.0, 0.5, 6.0 ] },
						"west": { "texture": "#glass2", "uv": [ 0.0, 0.0, 4.0, 6.0 ] },
						"up": { "texture": "#glass2", "uv": [ 0.0, 0.0, 0.5, 4.0 ] },
						"down": { "texture": "#glass2", "uv": [ 0.0, 0.0, 0.5, 4.0 ] }
					}
				},
				{
					"name": "glass4",
					"from": [ 4.7, 1.0, 4.7 ], 
					"to": [ 4.8, 7.0, 9.1 ], 
					"renderPass": 0,
					"rotationOrigin": [ 4.7, 1.0, 4.7 ],
					"rotationY": -90.0,
					"faces": {
						"north": { "texture": "#glass2", "uv": [ 0.0, 0.0, 0.5, 6.0 ] },
						"east": { "texture": "#glass2", "uv": [ 0.0, 0.0, 4.0, 6.0 ] },
						"south": { "texture": "#glass2", "uv": [ 0.0, 0.0, 0.5, 6.0 ] },
						"west": { "texture": "#glass2", "uv": [ 0.0, 0.0, 4.0, 6.0 ] },
						"up": { "texture": "#glass2", "uv": [ 0.0, 0.0, 0.5, 4.0 ] },
						"down": { "texture": "#glass2", "uv": [ 0.0, 0.0, 0.5, 4.0 ] }
					}
				}
			]
		}
	]}