{
	"editor": {
		"allAngles": false,
		"entityTextureMode": false
	},
	"textureWidth": 16,
	"textureHeight": 16,
	"textureSizes": {
	},
	"textures": {
		"steel": "game:block/metal/anvil/steel",
		"iron": "game:block/metal/anvil/iron"
	},
	"elements": [
		{
			"name": "origin",
			"from": [ 8.0, 0.7, 7.7 ], 
			"to": [ 8.0, 0.7, 7.7 ], 
			"rotationOrigin": [ 8.0, 0.0, 8.0 ],
			"faces": {
				"north": { "texture": "#iron", "uv": [ 0.0, 0.0, 0.5, 0.5 ] },
				"east": { "texture": "#iron", "uv": [ 0.0, 0.0, 0.5, 0.5 ] },
				"south": { "texture": "#iron", "uv": [ 0.0, 0.0, 0.5, 0.5 ] },
				"west": { "texture": "#iron", "uv": [ 0.0, 0.0, 0.5, 0.5 ] },
				"up": { "texture": "#iron", "uv": [ 0.0, 0.0, 0.5, 0.5 ] },
				"down": { "texture": "#iron", "uv": [ 0.0, 0.0, 0.5, 0.5 ] }
			},
			"children": [
				{
					"name": "handle",
					"from": [ -9.4, -0.1, -0.2 ], 
					"to": [ -5.3, 0.7, 0.8 ], 
					"rotationOrigin": [ -10.9, -7.6, 0.3 ],
					"faces": {
						"north": { "texture": "#iron", "uv": [ 0.0, 5.5, 4.0, 6.0 ] },
						"east": { "texture": "#iron", "uv": [ 0.5, 0.5, 1.5, 1.0 ] },
						"south": { "texture": "#iron", "uv": [ 0.0, 10.5, 4.0, 11.0 ] },
						"west": { "texture": "#iron", "uv": [ 14.0, 10.0, 15.0, 10.5 ] },
						"up": { "texture": "#iron", "uv": [ 0.0, 4.5, 4.0, 5.5 ] },
						"down": { "texture": "#iron", "uv": [ 0.0, 5.0, 4.0, 6.0 ] }
					}
				},
				{
					"name": "hilt",
					"from": [ -5.0, -0.2, -0.8 ], 
					"to": [ -3.2, 0.8, 1.4 ], 
					"rotationOrigin": [ -5.0, -0.2, -0.8 ],
					"faces": {
						"north": { "texture": "#steel", "uv": [ 0.0, 0.0, 1.5, 1.0 ] },
						"east": { "texture": "#steel", "uv": [ 0.0, 0.0, 2.0, 1.0 ] },
						"south": { "texture": "#steel", "uv": [ 0.0, 0.0, 1.5, 1.0 ] },
						"west": { "texture": "#steel", "uv": [ 0.0, 0.0, 2.0, 1.0 ] },
						"up": { "texture": "#steel", "uv": [ 1.0, 3.5, 3.0, 5.0 ], "rotation": 90 },
						"down": { "texture": "#steel", "uv": [ 0.0, 0.0, 1.5, 2.0 ] }
					}
				},
				{
					"name": "handle end",
					"from": [ -10.0, -0.3, -0.3 ], 
					"to": [ -9.4, 0.9, 0.9 ], 
					"rotationOrigin": [ -10.0, -0.3, -0.3 ],
					"faces": {
						"north": { "texture": "#iron", "uv": [ 0.0, 0.0, 0.5, 1.0 ] },
						"east": { "texture": "#iron", "uv": [ 0.0, 0.0, 1.0, 1.0 ] },
						"south": { "texture": "#iron", "uv": [ 0.0, 0.0, 0.5, 1.0 ] },
						"west": { "texture": "#iron", "uv": [ 0.0, 0.0, 1.0, 1.0 ] },
						"up": { "texture": "#iron", "uv": [ 8.0, 9.5, 8.5, 10.5 ] },
						"down": { "texture": "#iron", "uv": [ 0.0, 0.0, 0.5, 1.0 ] }
					},
					"children": [
						{
							"name": "handle end71",
							"from": [ -0.2, 0.2, 0.2 ], 
							"to": [ 0.0, 1.0, 1.0 ], 
							"rotationOrigin": [ -0.2, 0.2, 0.2 ],
							"faces": {
								"north": { "texture": "#iron", "uv": [ 0.0, 0.0, 0.5, 0.5 ] },
								"east": { "texture": "#iron", "uv": [ 0.0, 0.0, 0.5, 0.5 ] },
								"south": { "texture": "#iron", "uv": [ 0.0, 0.0, 0.5, 0.5 ] },
								"west": { "texture": "#iron", "uv": [ 0.0, 0.0, 0.5, 0.5 ] },
								"up": { "texture": "#iron", "uv": [ 8.0, 9.5, 8.5, 10.0 ] },
								"down": { "texture": "#iron", "uv": [ 0.0, 0.0, 0.5, 0.5 ] }
							}
						}
					]
				},
				{
					"name": "base",
					"from": [ -4.4, 0.05, -0.5 ], 
					"to": [ -0.9, 0.55, 1.0 ], 
					"rotationOrigin": [ -4.4, 0.0, -0.5 ],
					"faces": {
						"north": { "texture": "#steel", "uv": [ 7.0, 3.0, 10.5, 3.5 ] },
						"east": { "texture": "#steel", "uv": [ 1.0, 2.0, 2.5, 2.5 ] },
						"south": { "texture": "#steel", "uv": [ 6.0, 4.0, 9.5, 4.5 ] },
						"west": { "texture": "#steel", "uv": [ 6.0, 2.0, 7.5, 2.5 ] },
						"up": { "texture": "#steel", "uv": [ 0.5, 7.5, 4.0, 9.0 ] },
						"down": { "texture": "#steel", "uv": [ 4.0, 3.0, 7.5, 4.5 ] }
					},
					"children": [
						{
							"name": "base 2",
							"from": [ 3.5, 0.1, 0.3 ], 
							"to": [ 5.5, 0.4, 1.3 ], 
							"rotationOrigin": [ 3.5, 0.1, 0.3 ],
							"faces": {
								"north": { "texture": "#steel", "uv": [ 4.0, 11.0, 6.0, 11.5 ] },
								"east": { "texture": "#steel", "uv": [ 0.0, 0.0, 1.0, 0.5 ] },
								"south": { "texture": "#steel", "uv": [ 6.0, 4.5, 8.0, 5.0 ] },
								"west": { "texture": "#steel", "uv": [ 0.0, 0.0, 1.0, 0.5 ] },
								"up": { "texture": "#steel", "uv": [ 2.5, 6.0, 4.5, 7.0 ] },
								"down": { "texture": "#steel", "uv": [ 0.0, 0.0, 2.0, 1.0 ] }
							}
						}
					]
				},
				{
					"name": "string 20",
					"from": [ -5.3, -0.1521, -0.3994 ], 
					"to": [ -5.0, 0.7479, 1.0006 ], 
					"rotationOrigin": [ -5.3, -0.1983, 1.1 ],
					"rotationZ": 0.9999996931320929,
					"faces": {
						"north": { "texture": "#steel", "uv": [ 1.0, 0.5, 1.5, 1.0 ], "rotation": 90 },
						"east": { "texture": "#steel", "uv": [ 0.0, 2.0, 1.0, 2.5 ] },
						"south": { "texture": "#steel", "uv": [ 0.0, 2.5, 0.5, 3.0 ], "rotation": 90 },
						"west": { "texture": "#steel", "uv": [ 2.0, 2.5, 3.0, 3.0 ] },
						"up": { "texture": "#steel", "uv": [ 4.5, 0.0, 5.5, 0.5 ], "rotation": 90 },
						"down": { "texture": "#steel", "uv": [ 2.5, 2.0, 3.5, 2.5 ], "rotation": 90 }
					}
				}
			]
		}
	]}