{
	"editor": {
		"allAngles": false,
		"entityTextureMode": false
	},
	"textureWidth": 16,
	"textureHeight": 16,
	"textureSizes": {
	},
	"textures": {
		"iron": "game:block/metal/anvil/iron",
		"copper": "game:block/metal/anvil/copper"
	},
	"elements": [
		{
			"name": "Cube18",
			"from": [ 6.5, 1.5, 6.0 ], 
			"to": [ 10.5, 5.5, 9.0 ], 
			"rotationOrigin": [ 6.5, 1.5, 6.0 ],
			"faces": {
				"north": { "texture": "#iron", "uv": [ 0.0, 0.0, 4.0, 4.0 ] },
				"east": { "texture": "#iron", "uv": [ 0.0, 0.0, 3.0, 4.0 ] },
				"south": { "texture": "#iron", "uv": [ 0.0, 0.0, 4.0, 4.0 ] },
				"west": { "texture": "#iron", "uv": [ 0.0, 0.0, 3.0, 4.0 ] },
				"up": { "texture": "#iron", "uv": [ 0.0, 0.0, 4.0, 3.0 ] },
				"down": { "texture": "#iron", "uv": [ 0.0, 0.0, 4.0, 3.0 ] }
			},
			"children": [
				{
					"name": "Cube19",
					"from": [ -0.2, -0.2, 0.2 ], 
					"to": [ 4.2, 4.2, 0.5 ], 
					"rotationOrigin": [ -0.2, -0.2, 0.2 ],
					"faces": {
						"north": { "texture": "#copper", "uv": [ 0.0, 0.0, 4.0, 4.0 ] },
						"east": { "texture": "#copper", "uv": [ 0.0, 0.0, 0.5, 4.0 ] },
						"south": { "texture": "#copper", "uv": [ 0.0, 0.0, 4.0, 4.0 ] },
						"west": { "texture": "#copper", "uv": [ 0.0, 0.0, 0.5, 4.0 ] },
						"up": { "texture": "#copper", "uv": [ 0.0, 0.0, 4.0, 0.5 ] },
						"down": { "texture": "#copper", "uv": [ 0.0, 0.0, 4.0, 0.5 ] }
					}
				},
				{
					"name": "Cube20",
					"from": [ -0.2, -0.2, 0.7 ], 
					"to": [ 4.2, 4.2, 1.0 ], 
					"rotationOrigin": [ -0.2, -0.2, 0.7 ],
					"faces": {
						"north": { "texture": "#copper", "uv": [ 0.0, 0.0, 4.0, 4.0 ] },
						"east": { "texture": "#copper", "uv": [ 0.0, 0.0, 0.5, 4.0 ] },
						"south": { "texture": "#copper", "uv": [ 0.0, 0.0, 4.0, 4.0 ] },
						"west": { "texture": "#copper", "uv": [ 0.0, 0.0, 0.5, 4.0 ] },
						"up": { "texture": "#copper", "uv": [ 0.0, 0.0, 4.0, 0.5 ] },
						"down": { "texture": "#copper", "uv": [ 0.0, 0.0, 4.0, 0.5 ] }
					}
				},
				{
					"name": "Cube21",
					"from": [ -0.2, -0.2, 1.2 ], 
					"to": [ 4.2, 4.2, 1.5 ], 
					"rotationOrigin": [ -0.2, -0.2, 1.2 ],
					"faces": {
						"north": { "texture": "#copper", "uv": [ 0.0, 0.0, 4.0, 4.0 ] },
						"east": { "texture": "#copper", "uv": [ 0.0, 0.0, 0.5, 4.0 ] },
						"south": { "texture": "#copper", "uv": [ 0.0, 0.0, 4.0, 4.0 ] },
						"west": { "texture": "#copper", "uv": [ 0.0, 0.0, 0.5, 4.0 ] },
						"up": { "texture": "#copper", "uv": [ 0.0, 0.0, 4.0, 0.5 ] },
						"down": { "texture": "#copper", "uv": [ 0.0, 0.0, 4.0, 0.5 ] }
					}
				},
				{
					"name": "Cube22",
					"from": [ -0.2, -0.2, 1.7 ], 
					"to": [ 4.2, 4.2, 2.0 ], 
					"rotationOrigin": [ -0.2, -0.2, 1.7 ],
					"faces": {
						"north": { "texture": "#copper", "uv": [ 0.0, 0.0, 4.0, 4.0 ] },
						"east": { "texture": "#copper", "uv": [ 0.0, 0.0, 0.5, 4.0 ] },
						"south": { "texture": "#copper", "uv": [ 0.0, 0.0, 4.0, 4.0 ] },
						"west": { "texture": "#copper", "uv": [ 0.0, 0.0, 0.5, 4.0 ] },
						"up": { "texture": "#copper", "uv": [ 0.0, 0.0, 4.0, 0.5 ] },
						"down": { "texture": "#copper", "uv": [ 0.0, 0.0, 4.0, 0.5 ] }
					}
				},
				{
					"name": "Cube23",
					"from": [ -0.2, -0.2, 2.2 ], 
					"to": [ 4.2, 4.2, 2.5 ], 
					"rotationOrigin": [ -0.2, -0.2, 2.2 ],
					"faces": {
						"north": { "texture": "#copper", "uv": [ 0.0, 0.0, 4.0, 4.0 ] },
						"east": { "texture": "#copper", "uv": [ 0.0, 0.0, 0.5, 4.0 ] },
						"south": { "texture": "#copper", "uv": [ 0.0, 0.0, 4.0, 4.0 ] },
						"west": { "texture": "#copper", "uv": [ 0.0, 0.0, 0.5, 4.0 ] },
						"up": { "texture": "#copper", "uv": [ 0.0, 0.0, 4.0, 0.5 ] },
						"down": { "texture": "#copper", "uv": [ 0.0, 0.0, 4.0, 0.5 ] }
					}
				}
			]
		},
		{
			"name": "Cube24",
			"from": [ 6.5, 1.5, 6.01 ], 
			"to": [ 10.5, 5.5, 9.01 ], 
			"rotationOrigin": [ 8.5, 3.5, 6.0 ],
			"rotationZ": -45.0,
			"faces": {
				"north": { "texture": "#iron", "uv": [ 0.0, 0.0, 4.0, 4.0 ] },
				"east": { "texture": "#iron", "uv": [ 0.0, 0.0, 3.0, 4.0 ] },
				"south": { "texture": "#iron", "uv": [ 0.0, 0.0, 4.0, 4.0 ] },
				"west": { "texture": "#iron", "uv": [ 0.0, 0.0, 3.0, 4.0 ] },
				"up": { "texture": "#iron", "uv": [ 0.0, 0.0, 4.0, 3.0 ] },
				"down": { "texture": "#iron", "uv": [ 0.0, 0.0, 4.0, 3.0 ] }
			},
			"children": [
				{
					"name": "Cube25",
					"from": [ -0.2, -0.2, 0.2 ], 
					"to": [ 4.2, 4.2, 0.5 ], 
					"rotationOrigin": [ -0.2, -0.2, 0.2 ],
					"faces": {
						"north": { "texture": "#copper", "uv": [ 0.0, 0.0, 4.0, 4.0 ] },
						"east": { "texture": "#copper", "uv": [ 0.0, 0.0, 0.5, 4.0 ] },
						"south": { "texture": "#copper", "uv": [ 0.0, 0.0, 4.0, 4.0 ] },
						"west": { "texture": "#copper", "uv": [ 0.0, 0.0, 0.5, 4.0 ] },
						"up": { "texture": "#copper", "uv": [ 0.0, 0.0, 4.0, 0.5 ] },
						"down": { "texture": "#copper", "uv": [ 0.0, 0.0, 4.0, 0.5 ] }
					}
				},
				{
					"name": "Cube26",
					"from": [ -0.2, -0.2, 0.7 ], 
					"to": [ 4.2, 4.2, 1.0 ], 
					"rotationOrigin": [ -0.2, -0.2, 0.7 ],
					"faces": {
						"north": { "texture": "#copper", "uv": [ 0.0, 0.0, 4.0, 4.0 ] },
						"east": { "texture": "#copper", "uv": [ 0.0, 0.0, 0.5, 4.0 ] },
						"south": { "texture": "#copper", "uv": [ 0.0, 0.0, 4.0, 4.0 ] },
						"west": { "texture": "#copper", "uv": [ 0.0, 0.0, 0.5, 4.0 ] },
						"up": { "texture": "#copper", "uv": [ 0.0, 0.0, 4.0, 0.5 ] },
						"down": { "texture": "#copper", "uv": [ 0.0, 0.0, 4.0, 0.5 ] }
					}
				},
				{
					"name": "Cube27",
					"from": [ -0.2, -0.2, 1.2 ], 
					"to": [ 4.2, 4.2, 1.5 ], 
					"rotationOrigin": [ -0.2, -0.2, 1.2 ],
					"faces": {
						"north": { "texture": "#copper", "uv": [ 0.0, 0.0, 4.0, 4.0 ] },
						"east": { "texture": "#copper", "uv": [ 0.0, 0.0, 0.5, 4.0 ] },
						"south": { "texture": "#copper", "uv": [ 0.0, 0.0, 4.0, 4.0 ] },
						"west": { "texture": "#copper", "uv": [ 0.0, 0.0, 0.5, 4.0 ] },
						"up": { "texture": "#copper", "uv": [ 0.0, 0.0, 4.0, 0.5 ] },
						"down": { "texture": "#copper", "uv": [ 0.0, 0.0, 4.0, 0.5 ] }
					}
				},
				{
					"name": "Cube28",
					"from": [ -0.2, -0.2, 1.7 ], 
					"to": [ 4.2, 4.2, 2.0 ], 
					"rotationOrigin": [ -0.2, -0.2, 1.7 ],
					"faces": {
						"north": { "texture": "#copper", "uv": [ 0.0, 0.0, 4.0, 4.0 ] },
						"east": { "texture": "#copper", "uv": [ 0.0, 0.0, 0.5, 4.0 ] },
						"south": { "texture": "#copper", "uv": [ 0.0, 0.0, 4.0, 4.0 ] },
						"west": { "texture": "#copper", "uv": [ 0.0, 0.0, 0.5, 4.0 ] },
						"up": { "texture": "#copper", "uv": [ 0.0, 0.0, 4.0, 0.5 ] },
						"down": { "texture": "#copper", "uv": [ 0.0, 0.0, 4.0, 0.5 ] }
					}
				},
				{
					"name": "Cube29",
					"from": [ -0.2, -0.2, 2.2 ], 
					"to": [ 4.2, 4.2, 2.5 ], 
					"rotationOrigin": [ -0.2, -0.2, 2.2 ],
					"faces": {
						"north": { "texture": "#copper", "uv": [ 0.0, 0.0, 4.0, 4.0 ] },
						"east": { "texture": "#copper", "uv": [ 0.0, 0.0, 0.5, 4.0 ] },
						"south": { "texture": "#copper", "uv": [ 0.0, 0.0, 4.0, 4.0 ] },
						"west": { "texture": "#copper", "uv": [ 0.0, 0.0, 0.5, 4.0 ] },
						"up": { "texture": "#copper", "uv": [ 0.0, 0.0, 4.0, 0.5 ] },
						"down": { "texture": "#copper", "uv": [ 0.0, 0.0, 4.0, 0.5 ] }
					}
				}
			]
		},
		{
			"name": "Cube30",
			"from": [ 6.5, 1.5, 6.02 ], 
			"to": [ 10.5, 5.5, 9.02 ], 
			"rotationOrigin": [ 8.5, 3.5, 6.0 ],
			"rotationZ": -22.5,
			"faces": {
				"north": { "texture": "#iron", "uv": [ 0.0, 0.0, 4.0, 4.0 ] },
				"east": { "texture": "#iron", "uv": [ 0.0, 0.0, 3.0, 4.0 ] },
				"south": { "texture": "#iron", "uv": [ 0.0, 0.0, 4.0, 4.0 ] },
				"west": { "texture": "#iron", "uv": [ 0.0, 0.0, 3.0, 4.0 ] },
				"up": { "texture": "#iron", "uv": [ 0.0, 0.0, 4.0, 3.0 ] },
				"down": { "texture": "#iron", "uv": [ 0.0, 0.0, 4.0, 3.0 ] }
			},
			"children": [
				{
					"name": "Cube31",
					"from": [ -0.2, -0.2, 0.2 ], 
					"to": [ 4.2, 4.2, 0.5 ], 
					"rotationOrigin": [ -0.2, -0.2, 0.2 ],
					"faces": {
						"north": { "texture": "#copper", "uv": [ 0.0, 0.0, 4.0, 4.0 ] },
						"east": { "texture": "#copper", "uv": [ 0.0, 0.0, 0.5, 4.0 ] },
						"south": { "texture": "#copper", "uv": [ 0.0, 0.0, 4.0, 4.0 ] },
						"west": { "texture": "#copper", "uv": [ 0.0, 0.0, 0.5, 4.0 ] },
						"up": { "texture": "#copper", "uv": [ 0.0, 0.0, 4.0, 0.5 ] },
						"down": { "texture": "#copper", "uv": [ 0.0, 0.0, 4.0, 0.5 ] }
					}
				},
				{
					"name": "Cube32",
					"from": [ -0.2, -0.2, 0.7 ], 
					"to": [ 4.2, 4.2, 1.0 ], 
					"rotationOrigin": [ -0.2, -0.2, 0.7 ],
					"faces": {
						"north": { "texture": "#copper", "uv": [ 0.0, 0.0, 4.0, 4.0 ] },
						"east": { "texture": "#copper", "uv": [ 0.0, 0.0, 0.5, 4.0 ] },
						"south": { "texture": "#copper", "uv": [ 0.0, 0.0, 4.0, 4.0 ] },
						"west": { "texture": "#copper", "uv": [ 0.0, 0.0, 0.5, 4.0 ] },
						"up": { "texture": "#copper", "uv": [ 0.0, 0.0, 4.0, 0.5 ] },
						"down": { "texture": "#copper", "uv": [ 0.0, 0.0, 4.0, 0.5 ] }
					}
				},
				{
					"name": "Cube33",
					"from": [ -0.2, -0.2, 1.2 ], 
					"to": [ 4.2, 4.2, 1.5 ], 
					"rotationOrigin": [ -0.2, -0.2, 1.2 ],
					"faces": {
						"north": { "texture": "#copper", "uv": [ 0.0, 0.0, 4.0, 4.0 ] },
						"east": { "texture": "#copper", "uv": [ 0.0, 0.0, 0.5, 4.0 ] },
						"south": { "texture": "#copper", "uv": [ 0.0, 0.0, 4.0, 4.0 ] },
						"west": { "texture": "#copper", "uv": [ 0.0, 0.0, 0.5, 4.0 ] },
						"up": { "texture": "#copper", "uv": [ 0.0, 0.0, 4.0, 0.5 ] },
						"down": { "texture": "#copper", "uv": [ 0.0, 0.0, 4.0, 0.5 ] }
					}
				},
				{
					"name": "Cube34",
					"from": [ -0.2, -0.2, 1.7 ], 
					"to": [ 4.2, 4.2, 2.0 ], 
					"rotationOrigin": [ -0.2, -0.2, 1.7 ],
					"faces": {
						"north": { "texture": "#copper", "uv": [ 0.0, 0.0, 4.0, 4.0 ] },
						"east": { "texture": "#copper", "uv": [ 0.0, 0.0, 0.5, 4.0 ] },
						"south": { "texture": "#copper", "uv": [ 0.0, 0.0, 4.0, 4.0 ] },
						"west": { "texture": "#copper", "uv": [ 0.0, 0.0, 0.5, 4.0 ] },
						"up": { "texture": "#copper", "uv": [ 0.0, 0.0, 4.0, 0.5 ] },
						"down": { "texture": "#copper", "uv": [ 0.0, 0.0, 4.0, 0.5 ] }
					}
				},
				{
					"name": "Cube35",
					"from": [ -0.2, -0.2, 2.2 ], 
					"to": [ 4.2, 4.2, 2.5 ], 
					"rotationOrigin": [ -0.2, -0.2, 2.2 ],
					"faces": {
						"north": { "texture": "#copper", "uv": [ 0.0, 0.0, 4.0, 4.0 ] },
						"east": { "texture": "#copper", "uv": [ 0.0, 0.0, 0.5, 4.0 ] },
						"south": { "texture": "#copper", "uv": [ 0.0, 0.0, 4.0, 4.0 ] },
						"west": { "texture": "#copper", "uv": [ 0.0, 0.0, 0.5, 4.0 ] },
						"up": { "texture": "#copper", "uv": [ 0.0, 0.0, 4.0, 0.5 ] },
						"down": { "texture": "#copper", "uv": [ 0.0, 0.0, 4.0, 0.5 ] }
					}
				}
			]
		},
		{
			"name": "Cube36",
			"from": [ 6.5, 1.5, 6.03 ], 
			"to": [ 10.5, 5.5, 9.03 ], 
			"rotationOrigin": [ 8.5, 3.5, 6.0 ],
			"rotationZ": 22.5,
			"faces": {
				"north": { "texture": "#iron", "uv": [ 0.0, 0.0, 4.0, 4.0 ] },
				"east": { "texture": "#iron", "uv": [ 0.0, 0.0, 3.0, 4.0 ] },
				"south": { "texture": "#iron", "uv": [ 0.0, 0.0, 4.0, 4.0 ] },
				"west": { "texture": "#iron", "uv": [ 0.0, 0.0, 3.0, 4.0 ] },
				"up": { "texture": "#iron", "uv": [ 0.0, 0.0, 4.0, 3.0 ] },
				"down": { "texture": "#iron", "uv": [ 0.0, 0.0, 4.0, 3.0 ] }
			},
			"children": [
				{
					"name": "Cube37",
					"from": [ -0.2, -0.2, 0.2 ], 
					"to": [ 4.2, 4.2, 0.5 ], 
					"rotationOrigin": [ -0.2, -0.2, 0.2 ],
					"faces": {
						"north": { "texture": "#copper", "uv": [ 0.0, 0.0, 4.0, 4.0 ] },
						"east": { "texture": "#copper", "uv": [ 0.0, 0.0, 0.5, 4.0 ] },
						"south": { "texture": "#copper", "uv": [ 0.0, 0.0, 4.0, 4.0 ] },
						"west": { "texture": "#copper", "uv": [ 0.0, 0.0, 0.5, 4.0 ] },
						"up": { "texture": "#copper", "uv": [ 0.0, 0.0, 4.0, 0.5 ] },
						"down": { "texture": "#copper", "uv": [ 0.0, 0.0, 4.0, 0.5 ] }
					}
				},
				{
					"name": "Cube38",
					"from": [ -0.2, -0.2, 0.7 ], 
					"to": [ 4.2, 4.2, 1.0 ], 
					"rotationOrigin": [ -0.2, -0.2, 0.7 ],
					"faces": {
						"north": { "texture": "#copper", "uv": [ 0.0, 0.0, 4.0, 4.0 ] },
						"east": { "texture": "#copper", "uv": [ 0.0, 0.0, 0.5, 4.0 ] },
						"south": { "texture": "#copper", "uv": [ 0.0, 0.0, 4.0, 4.0 ] },
						"west": { "texture": "#copper", "uv": [ 0.0, 0.0, 0.5, 4.0 ] },
						"up": { "texture": "#copper", "uv": [ 0.0, 0.0, 4.0, 0.5 ] },
						"down": { "texture": "#copper", "uv": [ 0.0, 0.0, 4.0, 0.5 ] }
					}
				},
				{
					"name": "Cube39",
					"from": [ -0.2, -0.2, 1.2 ], 
					"to": [ 4.2, 4.2, 1.5 ], 
					"rotationOrigin": [ -0.2, -0.2, 1.2 ],
					"faces": {
						"north": { "texture": "#copper", "uv": [ 0.0, 0.0, 4.0, 4.0 ] },
						"east": { "texture": "#copper", "uv": [ 0.0, 0.0, 0.5, 4.0 ] },
						"south": { "texture": "#copper", "uv": [ 0.0, 0.0, 4.0, 4.0 ] },
						"west": { "texture": "#copper", "uv": [ 0.0, 0.0, 0.5, 4.0 ] },
						"up": { "texture": "#copper", "uv": [ 0.0, 0.0, 4.0, 0.5 ] },
						"down": { "texture": "#copper", "uv": [ 0.0, 0.0, 4.0, 0.5 ] }
					}
				},
				{
					"name": "Cube40",
					"from": [ -0.2, -0.2, 1.7 ], 
					"to": [ 4.2, 4.2, 2.0 ], 
					"rotationOrigin": [ -0.2, -0.2, 1.7 ],
					"faces": {
						"north": { "texture": "#copper", "uv": [ 0.0, 0.0, 4.0, 4.0 ] },
						"east": { "texture": "#copper", "uv": [ 0.0, 0.0, 0.5, 4.0 ] },
						"south": { "texture": "#copper", "uv": [ 0.0, 0.0, 4.0, 4.0 ] },
						"west": { "texture": "#copper", "uv": [ 0.0, 0.0, 0.5, 4.0 ] },
						"up": { "texture": "#copper", "uv": [ 0.0, 0.0, 4.0, 0.5 ] },
						"down": { "texture": "#copper", "uv": [ 0.0, 0.0, 4.0, 0.5 ] }
					}
				},
				{
					"name": "Cube41",
					"from": [ -0.2, -0.2, 2.2 ], 
					"to": [ 4.2, 4.2, 2.5 ], 
					"rotationOrigin": [ -0.2, -0.2, 2.2 ],
					"faces": {
						"north": { "texture": "#copper", "uv": [ 0.0, 0.0, 4.0, 4.0 ] },
						"east": { "texture": "#copper", "uv": [ 0.0, 0.0, 0.5, 4.0 ] },
						"south": { "texture": "#copper", "uv": [ 0.0, 0.0, 4.0, 4.0 ] },
						"west": { "texture": "#copper", "uv": [ 0.0, 0.0, 0.5, 4.0 ] },
						"up": { "texture": "#copper", "uv": [ 0.0, 0.0, 4.0, 0.5 ] },
						"down": { "texture": "#copper", "uv": [ 0.0, 0.0, 4.0, 0.5 ] }
					}
				}
			]
		}
	],
	"animations": [
		{
			"name": "Animation 1",
			"code": "animation1",
			"quantityframes": 36,
			"onActivityStopped": "Rewind",
			"onAnimationEnd": "Repeat",
			"keyframes": [

			]
		}
	]
}