{
	"editor": {
		"allAngles": false,
		"entityTextureMode": false
	},
	"textureWidth": 16,
	"textureHeight": 16,
	"textureSizes": {
	},
	"textures": {
		"command01-insidealt": "game:block/command01-insidealt",
		"command01-corner": "game:block/meta/command01-corner"
	},
	"elements": [
		{
			"name": "Cube1",
			"from": [ 5.0, 0.0, 5.0 ], 
			"to": [ 10.0, 1.5, 10.0 ], 
			"rotationOrigin": [ 5.0, 0.0, 5.0 ],
			"faces": {
				"north": { "texture": "#command01-corner", "uv": [ 9.5, 9.0, 14.5, 10.5 ] },
				"east": { "texture": "#command01-corner", "uv": [ 8.5, 5.0, 13.5, 6.5 ] },
				"south": { "texture": "#command01-corner", "uv": [ 5.0, 4.0, 10.0, 5.5 ] },
				"west": { "texture": "#command01-corner", "uv": [ 0.0, 1.0, 5.0, 2.5 ] },
				"up": { "texture": "#command01-corner", "uv": [ 9.0, 8.0, 14.0, 13.0 ] },
				"down": { "texture": "#command01-corner", "uv": [ 3.5, 0.0, 8.5, 5.0 ] }
			},
			"children": [
				{
					"name": "Cube2",
					"from": [ 1.5, 1.5, 1.5 ], 
					"to": [ 3.5, 6.0, 3.5 ], 
					"rotationOrigin": [ 1.5, 1.5, 1.5 ],
					"faces": {
						"north": { "texture": "#command01-corner", "uv": [ 0.0, 0.0, 2.0, 4.5 ] },
						"east": { "texture": "#command01-corner", "uv": [ 0.0, 0.0, 2.0, 4.5 ] },
						"south": { "texture": "#command01-corner", "uv": [ 0.0, 0.0, 2.0, 4.5 ] },
						"west": { "texture": "#command01-corner", "uv": [ 0.0, 0.0, 2.0, 4.5 ] },
						"up": { "texture": "#command01-corner", "uv": [ 0.0, 0.0, 2.0, 2.0 ] },
						"down": { "texture": "#command01-corner", "uv": [ 0.0, 0.0, 2.0, 2.0 ] }
					}
				},
				{
					"name": "Cube3",
					"from": [ 0.0, 6.0, 0.0 ], 
					"to": [ 5.0, 7.5, 5.0 ], 
					"rotationOrigin": [ 0.0, 6.0, 0.0 ],
					"faces": {
						"north": { "texture": "#command01-corner", "uv": [ 3.5, 4.0, 8.5, 5.5 ] },
						"east": { "texture": "#command01-corner", "uv": [ 3.5, 3.5, 8.5, 5.0 ] },
						"south": { "texture": "#command01-corner", "uv": [ 2.5, 5.0, 7.5, 6.5 ] },
						"west": { "texture": "#command01-corner", "uv": [ 5.0, 4.5, 10.0, 6.0 ] },
						"up": { "texture": "#command01-corner", "uv": [ 2.5, 0.5, 7.5, 5.5 ] },
						"down": { "texture": "#command01-corner", "uv": [ 0.0, 6.0, 5.0, 11.0 ] }
					}
				},
				{
					"name": "Cube5",
					"from": [ 1.0, 7.5, 1.0 ], 
					"to": [ 4.0, 8.0, 4.0 ], 
					"rotationOrigin": [ 1.0, 7.5, 1.0 ],
					"faces": {
						"north": { "texture": "#command01-corner", "uv": [ 9.5, 5.0, 12.5, 5.5 ] },
						"east": { "texture": "#command01-corner", "uv": [ 9.0, 4.5, 12.0, 5.0 ] },
						"south": { "texture": "#command01-corner", "uv": [ 2.5, 5.0, 5.5, 5.5 ] },
						"west": { "texture": "#command01-corner", "uv": [ 10.5, 4.5, 13.5, 5.0 ] },
						"up": { "texture": "#command01-corner", "uv": [ 4.5, 0.5, 7.5, 3.5 ] },
						"down": { "texture": "#command01-corner", "uv": [ 0.0, 6.0, 3.0, 9.0 ] }
					}
				},
				{
					"name": "Cube6",
					"from": [ 0.0, 1.5, 0.0 ], 
					"to": [ 0.5, 6.0, 0.5 ], 
					"rotationOrigin": [ 0.0, 1.5, 0.0 ],
					"faces": {
						"north": { "texture": "#command01-corner", "uv": [ 0.0, 0.0, 0.5, 4.5 ] },
						"east": { "texture": "#command01-corner", "uv": [ 0.0, 0.0, 0.5, 4.5 ] },
						"south": { "texture": "#command01-corner", "uv": [ 0.0, 0.0, 0.5, 4.5 ] },
						"west": { "texture": "#command01-corner", "uv": [ 0.0, 0.0, 0.5, 4.5 ] },
						"up": { "texture": "#command01-corner", "uv": [ 0.0, 0.0, 0.5, 0.5 ] },
						"down": { "texture": "#command01-corner", "uv": [ 0.0, 0.0, 0.5, 0.5 ] }
					}
				},
				{
					"name": "Cube7",
					"from": [ 0.0, 1.5, 4.5 ], 
					"to": [ 0.5, 6.0, 5.0 ], 
					"rotationOrigin": [ 0.0, 1.5, 4.5 ],
					"faces": {
						"north": { "texture": "#command01-corner", "uv": [ 0.0, 0.0, 0.5, 4.5 ] },
						"east": { "texture": "#command01-corner", "uv": [ 0.0, 0.0, 0.5, 4.5 ] },
						"south": { "texture": "#command01-corner", "uv": [ 0.0, 0.0, 0.5, 4.5 ] },
						"west": { "texture": "#command01-corner", "uv": [ 0.0, 0.0, 0.5, 4.5 ] },
						"up": { "texture": "#command01-corner", "uv": [ 0.0, 0.0, 0.5, 0.5 ] },
						"down": { "texture": "#command01-corner", "uv": [ 0.0, 0.0, 0.5, 0.5 ] }
					}
				},
				{
					"name": "Cube8",
					"from": [ 4.5, 1.5, 4.5 ], 
					"to": [ 5.0, 6.0, 5.0 ], 
					"rotationOrigin": [ 4.5, 1.5, 4.5 ],
					"faces": {
						"north": { "texture": "#command01-corner", "uv": [ 0.0, 0.0, 0.5, 4.5 ] },
						"east": { "texture": "#command01-corner", "uv": [ 0.0, 0.0, 0.5, 4.5 ] },
						"south": { "texture": "#command01-corner", "uv": [ 0.0, 0.0, 0.5, 4.5 ] },
						"west": { "texture": "#command01-corner", "uv": [ 0.0, 0.0, 0.5, 4.5 ] },
						"up": { "texture": "#command01-corner", "uv": [ 0.0, 0.0, 0.5, 0.5 ] },
						"down": { "texture": "#command01-corner", "uv": [ 0.0, 0.0, 0.5, 0.5 ] }
					}
				},
				{
					"name": "Cube9",
					"from": [ 4.5, 1.5, 0.0 ], 
					"to": [ 5.0, 6.0, 0.5 ], 
					"rotationOrigin": [ 4.5, 1.5, 0.0 ],
					"faces": {
						"north": { "texture": "#command01-corner", "uv": [ 0.0, 0.0, 0.5, 4.5 ] },
						"east": { "texture": "#command01-corner", "uv": [ 0.0, 0.0, 0.5, 4.5 ] },
						"south": { "texture": "#command01-corner", "uv": [ 0.0, 0.0, 0.5, 4.5 ] },
						"west": { "texture": "#command01-corner", "uv": [ 0.0, 0.0, 0.5, 4.5 ] },
						"up": { "texture": "#command01-corner", "uv": [ 0.0, 0.0, 0.5, 0.5 ] },
						"down": { "texture": "#command01-corner", "uv": [ 0.0, 0.0, 0.5, 0.5 ] }
					}
				},
				{
					"name": "Cube10",
					"from": [ 4.7, 3.5, 0.1 ], 
					"to": [ 5.2, 7.9, 0.6 ], 
					"rotationOrigin": [ 4.7, 3.5, 0.1 ],
					"rotationZ": 90.0,
					"faces": {
						"north": { "texture": "#command01-corner", "uv": [ 0.0, 0.0, 0.5, 4.0 ] },
						"east": { "texture": "#command01-corner", "uv": [ 0.0, 0.0, 0.5, 4.0 ] },
						"south": { "texture": "#command01-corner", "uv": [ 0.0, 0.0, 0.5, 4.0 ] },
						"west": { "texture": "#command01-corner", "uv": [ 0.0, 0.0, 0.5, 4.0 ] },
						"up": { "texture": "#command01-corner", "uv": [ 0.0, 0.0, 0.5, 0.5 ] },
						"down": { "texture": "#command01-corner", "uv": [ 0.0, 0.0, 0.5, 0.5 ] }
					}
				},
				{
					"name": "Cube11",
					"from": [ 4.7, 2.2, 0.1 ], 
					"to": [ 5.2, 6.6, 0.6 ], 
					"rotationOrigin": [ 4.7, 2.2, 0.1 ],
					"rotationZ": 90.0,
					"faces": {
						"north": { "texture": "#command01-corner", "uv": [ 0.0, 0.0, 0.5, 4.0 ] },
						"east": { "texture": "#command01-corner", "uv": [ 0.0, 0.0, 0.5, 4.0 ] },
						"south": { "texture": "#command01-corner", "uv": [ 0.0, 0.0, 0.5, 4.0 ] },
						"west": { "texture": "#command01-corner", "uv": [ 0.0, 0.0, 0.5, 4.0 ] },
						"up": { "texture": "#command01-corner", "uv": [ 0.0, 0.0, 0.5, 0.5 ] },
						"down": { "texture": "#command01-corner", "uv": [ 0.0, 0.0, 0.5, 0.5 ] }
					}
				},
				{
					"name": "Cube12",
					"from": [ 4.7, 4.8, 0.1 ], 
					"to": [ 5.2, 9.2, 0.6 ], 
					"rotationOrigin": [ 4.7, 4.8, 0.1 ],
					"rotationZ": 90.0,
					"faces": {
						"north": { "texture": "#command01-corner", "uv": [ 0.0, 0.0, 0.5, 4.0 ] },
						"east": { "texture": "#command01-corner", "uv": [ 0.0, 0.0, 0.5, 4.0 ] },
						"south": { "texture": "#command01-corner", "uv": [ 0.0, 0.0, 0.5, 4.0 ] },
						"west": { "texture": "#command01-corner", "uv": [ 0.0, 0.0, 0.5, 4.0 ] },
						"up": { "texture": "#command01-corner", "uv": [ 0.0, 0.0, 0.5, 0.5 ] },
						"down": { "texture": "#command01-corner", "uv": [ 0.0, 0.0, 0.5, 0.5 ] }
					}
				},
				{
					"name": "Cube13",
					"from": [ 0.1, 3.5, 0.3 ], 
					"to": [ 0.6, 7.9, 0.8 ], 
					"rotationOrigin": [ 0.1, 3.5, 0.3 ],
					"rotationY": 90.0,
					"rotationZ": 90.0,
					"faces": {
						"north": { "texture": "#command01-corner", "uv": [ 0.0, 0.0, 0.5, 4.0 ] },
						"east": { "texture": "#command01-corner", "uv": [ 0.0, 0.0, 0.5, 4.0 ] },
						"south": { "texture": "#command01-corner", "uv": [ 0.0, 0.0, 0.5, 4.0 ] },
						"west": { "texture": "#command01-corner", "uv": [ 0.0, 0.0, 0.5, 4.0 ] },
						"up": { "texture": "#command01-corner", "uv": [ 0.0, 0.0, 0.5, 0.5 ] },
						"down": { "texture": "#command01-corner", "uv": [ 0.0, 0.0, 0.5, 0.5 ] }
					}
				},
				{
					"name": "Cube14",
					"from": [ 0.1, 4.8, 0.3 ], 
					"to": [ 0.6, 9.2, 0.8 ], 
					"rotationOrigin": [ 0.1, 4.8, 0.3 ],
					"rotationY": 90.0,
					"rotationZ": 90.0,
					"faces": {
						"north": { "texture": "#command01-corner", "uv": [ 0.0, 0.0, 0.5, 4.0 ] },
						"east": { "texture": "#command01-corner", "uv": [ 0.0, 0.0, 0.5, 4.0 ] },
						"south": { "texture": "#command01-corner", "uv": [ 0.0, 0.0, 0.5, 4.0 ] },
						"west": { "texture": "#command01-corner", "uv": [ 0.0, 0.0, 0.5, 4.0 ] },
						"up": { "texture": "#command01-corner", "uv": [ 0.0, 0.0, 0.5, 0.5 ] },
						"down": { "texture": "#command01-corner", "uv": [ 0.0, 0.0, 0.5, 0.5 ] }
					}
				},
				{
					"name": "Cube15",
					"from": [ 0.1, 2.2, 0.3 ], 
					"to": [ 0.6, 6.6, 0.8 ], 
					"rotationOrigin": [ 0.1, 2.2, 0.3 ],
					"rotationY": 90.0,
					"rotationZ": 90.0,
					"faces": {
						"north": { "texture": "#command01-corner", "uv": [ 0.0, 0.0, 0.5, 4.0 ] },
						"east": { "texture": "#command01-corner", "uv": [ 0.0, 0.0, 0.5, 4.0 ] },
						"south": { "texture": "#command01-corner", "uv": [ 0.0, 0.0, 0.5, 4.0 ] },
						"west": { "texture": "#command01-corner", "uv": [ 0.0, 0.0, 0.5, 4.0 ] },
						"up": { "texture": "#command01-corner", "uv": [ 0.0, 0.0, 0.5, 0.5 ] },
						"down": { "texture": "#command01-corner", "uv": [ 0.0, 0.0, 0.5, 0.5 ] }
					}
				},
				{
					"name": "Cube16",
					"from": [ 0.3, 3.5, 4.9 ], 
					"to": [ 0.8, 7.9, 5.4 ], 
					"rotationOrigin": [ 0.3, 3.5, 4.9 ],
					"rotationY": 180.0,
					"rotationZ": 90.0,
					"faces": {
						"north": { "texture": "#command01-corner", "uv": [ 0.0, 0.0, 0.5, 4.0 ] },
						"east": { "texture": "#command01-corner", "uv": [ 0.0, 0.0, 0.5, 4.0 ] },
						"south": { "texture": "#command01-corner", "uv": [ 0.0, 0.0, 0.5, 4.0 ] },
						"west": { "texture": "#command01-corner", "uv": [ 0.0, 0.0, 0.5, 4.0 ] },
						"up": { "texture": "#command01-corner", "uv": [ 0.0, 0.0, 0.5, 0.5 ] },
						"down": { "texture": "#command01-corner", "uv": [ 0.0, 0.0, 0.5, 0.5 ] }
					}
				},
				{
					"name": "Cube17",
					"from": [ 0.3, 4.8, 4.9 ], 
					"to": [ 0.8, 9.2, 5.4 ], 
					"rotationOrigin": [ 0.3, 4.8, 4.9 ],
					"rotationY": 180.0,
					"rotationZ": 90.0,
					"faces": {
						"north": { "texture": "#command01-corner", "uv": [ 0.0, 0.0, 0.5, 4.0 ] },
						"east": { "texture": "#command01-corner", "uv": [ 0.0, 0.0, 0.5, 4.0 ] },
						"south": { "texture": "#command01-corner", "uv": [ 0.0, 0.0, 0.5, 4.0 ] },
						"west": { "texture": "#command01-corner", "uv": [ 0.0, 0.0, 0.5, 4.0 ] },
						"up": { "texture": "#command01-corner", "uv": [ 0.0, 0.0, 0.5, 0.5 ] },
						"down": { "texture": "#command01-corner", "uv": [ 0.0, 0.0, 0.5, 0.5 ] }
					}
				},
				{
					"name": "Cube18",
					"from": [ 0.3, 2.2, 4.9 ], 
					"to": [ 0.8, 6.6, 5.4 ], 
					"rotationOrigin": [ 0.3, 2.2, 4.9 ],
					"rotationY": 180.0,
					"rotationZ": 90.0,
					"faces": {
						"north": { "texture": "#command01-corner", "uv": [ 0.0, 0.0, 0.5, 4.0 ] },
						"east": { "texture": "#command01-corner", "uv": [ 0.0, 0.0, 0.5, 4.0 ] },
						"south": { "texture": "#command01-corner", "uv": [ 0.0, 0.0, 0.5, 4.0 ] },
						"west": { "texture": "#command01-corner", "uv": [ 0.0, 0.0, 0.5, 4.0 ] },
						"up": { "texture": "#command01-corner", "uv": [ 0.0, 0.0, 0.5, 0.5 ] },
						"down": { "texture": "#command01-corner", "uv": [ 0.0, 0.0, 0.5, 0.5 ] }
					}
				},
				{
					"name": "Cube19",
					"from": [ 4.9, 3.5, 4.7 ], 
					"to": [ 5.4, 7.9, 5.2 ], 
					"rotationOrigin": [ 4.9, 3.5, 4.7 ],
					"rotationY": -90.0,
					"rotationZ": 90.0,
					"faces": {
						"north": { "texture": "#command01-corner", "uv": [ 0.0, 0.0, 0.5, 4.0 ] },
						"east": { "texture": "#command01-corner", "uv": [ 0.0, 0.0, 0.5, 4.0 ] },
						"south": { "texture": "#command01-corner", "uv": [ 0.0, 0.0, 0.5, 4.0 ] },
						"west": { "texture": "#command01-corner", "uv": [ 0.0, 0.0, 0.5, 4.0 ] },
						"up": { "texture": "#command01-corner", "uv": [ 0.0, 0.0, 0.5, 0.5 ] },
						"down": { "texture": "#command01-corner", "uv": [ 0.0, 0.0, 0.5, 0.5 ] }
					}
				},
				{
					"name": "Cube20",
					"from": [ 4.9, 4.8, 4.7 ], 
					"to": [ 5.4, 9.2, 5.2 ], 
					"rotationOrigin": [ 4.9, 4.8, 4.7 ],
					"rotationY": -90.0,
					"rotationZ": 90.0,
					"faces": {
						"north": { "texture": "#command01-corner", "uv": [ 0.0, 0.0, 0.5, 4.0 ] },
						"east": { "texture": "#command01-corner", "uv": [ 0.0, 0.0, 0.5, 4.0 ] },
						"south": { "texture": "#command01-corner", "uv": [ 0.0, 0.0, 0.5, 4.0 ] },
						"west": { "texture": "#command01-corner", "uv": [ 0.0, 0.0, 0.5, 4.0 ] },
						"up": { "texture": "#command01-corner", "uv": [ 0.0, 0.0, 0.5, 0.5 ] },
						"down": { "texture": "#command01-corner", "uv": [ 0.0, 0.0, 0.5, 0.5 ] }
					}
				},
				{
					"name": "Cube21",
					"from": [ 4.9, 2.1, 4.7 ], 
					"to": [ 5.4, 6.5, 5.2 ], 
					"rotationOrigin": [ 4.9, 2.2, 4.7 ],
					"rotationY": -90.0,
					"rotationZ": 90.0,
					"faces": {
						"north": { "texture": "#command01-corner", "uv": [ 0.0, 0.0, 0.5, 4.0 ] },
						"east": { "texture": "#command01-corner", "uv": [ 0.0, 0.0, 0.5, 4.0 ] },
						"south": { "texture": "#command01-corner", "uv": [ 0.0, 0.0, 0.5, 4.0 ] },
						"west": { "texture": "#command01-corner", "uv": [ 0.0, 0.0, 0.5, 4.0 ] },
						"up": { "texture": "#command01-corner", "uv": [ 0.0, 0.0, 0.5, 0.5 ] },
						"down": { "texture": "#command01-corner", "uv": [ 0.0, 0.0, 0.5, 0.5 ] }
					}
				}
			]
		},
		{
			"name": "Cube4",
			"from": [ 5.4, 1.5, 5.4 ], 
			"to": [ 9.6, 6.0, 9.6 ], 
			"rotationOrigin": [ 5.4, 1.5, 5.4 ],
			"faces": {
				"north": { "texture": "#command01-insidealt", "uv": [ 6.5, 10.0, 10.5, 14.5 ] },
				"east": { "texture": "#command01-insidealt", "uv": [ 6.0, 10.0, 10.0, 14.5 ] },
				"south": { "texture": "#command01-insidealt", "uv": [ 5.0, 9.5, 9.0, 14.0 ] },
				"west": { "texture": "#command01-insidealt", "uv": [ 8.5, 9.5, 12.5, 14.0 ] },
				"up": { "texture": "#command01-insidealt", "uv": [ 5.5, 4.5, 9.5, 8.5 ] },
				"down": { "texture": "#command01-insidealt", "uv": [ 5.0, 4.0, 9.0, 8.0 ] }
			}
		}
	]}