{
	"editor": {
		"allAngles": false,
		"entityTextureMode": false
	},
	"textureWidth": 16,
	"textureHeight": 16,
	"textureSizes": {
	},
	"textures": {
		"command01-insidealt": "game:block/meta/command01-insidealt",
		"bottom": "game:block/cloth/burlap/bottom",
		"command01-corner": "game:block/meta/command01-corner",
		"iron": "game:block/metal/anvil/iron",
		"glass4": "item/glass4"
	},
	"elements": [
		{
			"name": "origin",
			"from": [ 0.0, 0.0, 0.0 ], 
			"to": [ 0.0, 0.0, 0.0 ], 
			"rotationOrigin": [ 8.0, 0.0, 8.0 ],
			"rotationX": 180.0,
			"faces": {
				"north": { "texture": "#glass4", "uv": [ 0.0, 0.0, 0.5, 0.5 ], "enabled": false },
				"east": { "texture": "#glass4", "uv": [ 0.0, 0.0, 0.5, 0.5 ], "enabled": false },
				"south": { "texture": "#glass4", "uv": [ 0.0, 0.0, 0.5, 0.5 ], "enabled": false },
				"west": { "texture": "#glass4", "uv": [ 0.0, 0.0, 0.5, 0.5 ], "enabled": false },
				"up": { "texture": "#glass4", "uv": [ 0.0, 0.0, 0.5, 0.5 ], "enabled": false },
				"down": { "texture": "#glass4", "uv": [ 0.0, 0.0, 0.5, 0.5 ], "enabled": false }
			},
			"children": [
				{
					"name": "handle",
					"from": [ 2.0, -0.3, 7.8 ], 
					"to": [ 8.0, 0.3, 8.4 ], 
					"rotationOrigin": [ 5.0, 0.0, 8.0 ],
					"faces": {
						"north": { "texture": "#iron", "uv": [ 0.0, 0.0, 5.0, 0.5 ] },
						"east": { "texture": "#iron", "uv": [ 0.0, 0.0, 0.5, 0.5 ] },
						"south": { "texture": "#iron", "uv": [ 0.0, 0.0, 5.0, 0.5 ] },
						"west": { "texture": "#iron", "uv": [ 0.0, 0.0, 0.5, 0.5 ] },
						"up": { "texture": "#iron", "uv": [ 0.0, 0.0, 5.0, 0.5 ] },
						"down": { "texture": "#iron", "uv": [ 0.0, 0.0, 5.0, 0.5 ] }
					},
					"children": [
						{
							"name": "Cube37",
							"from": [ -0.1, -0.2, -0.2 ], 
							"to": [ 0.5, 0.8, 0.8 ], 
							"rotationOrigin": [ -0.1, -0.2, -0.2 ],
							"faces": {
								"north": { "texture": "#iron", "uv": [ 4.0, 6.0, 4.5, 7.0 ] },
								"east": { "texture": "#iron", "uv": [ 6.0, 6.5, 7.0, 7.5 ] },
								"south": { "texture": "#iron", "uv": [ 6.0, 9.0, 6.5, 10.0 ] },
								"west": { "texture": "#iron", "uv": [ 9.5, 9.5, 10.5, 10.5 ] },
								"up": { "texture": "#iron", "uv": [ 10.0, 8.5, 10.5, 9.5 ] },
								"down": { "texture": "#iron", "uv": [ 9.5, 10.5, 10.0, 11.5 ] }
							},
							"children": [
								{
									"name": "Cube38",
									"from": [ -0.3, 0.2, 0.2 ], 
									"to": [ 0.1, 0.8, 0.8 ], 
									"rotationOrigin": [ -0.3, 0.2, 0.2 ],
									"faces": {
										"north": { "texture": "#iron", "uv": [ 0.0, 0.0, 0.5, 0.5 ] },
										"east": { "texture": "#iron", "uv": [ 0.0, 0.0, 0.5, 0.5 ] },
										"south": { "texture": "#iron", "uv": [ 0.0, 0.0, 0.5, 0.5 ] },
										"west": { "texture": "#iron", "uv": [ 0.0, 0.0, 0.5, 0.5 ] },
										"up": { "texture": "#iron", "uv": [ 0.0, 0.0, 0.5, 0.5 ] },
										"down": { "texture": "#iron", "uv": [ 0.0, 0.0, 0.5, 0.5 ] }
									}
								}
							]
						}
					]
				},
				{
					"name": "blade",
					"from": [ 8.0, -0.1, 7.6 ], 
					"to": [ 8.3, 0.1, 8.6 ], 
					"rotationOrigin": [ 8.0, 0.0, 8.1 ],
					"faces": {
						"north": { "texture": "#glass4", "uv": [ 2.0, 6.0, 2.5, 6.5 ] },
						"east": { "texture": "#glass4", "uv": [ 0.0, 0.0, 1.0, 0.5 ] },
						"south": { "texture": "#glass4", "uv": [ 1.0, 4.5, 1.5, 5.0 ] },
						"west": { "texture": "#glass4", "uv": [ 1.5, 3.5, 2.5, 4.0 ] },
						"up": { "texture": "#glass4", "uv": [ 1.5, 6.0, 2.0, 7.0 ] },
						"down": { "texture": "#glass4", "uv": [ 1.5, 7.5, 2.0, 8.5 ] }
					},
					"children": [
						{
							"name": "blade28",
							"from": [ 1.5, 0.0, 0.9 ], 
							"to": [ 4.5, 0.2, 1.3 ], 
							"rotationOrigin": [ 1.0, 0.1, 1.4 ],
							"faces": {
								"north": { "texture": "#glass4", "uv": [ 2.0, 6.0, 5.0, 6.5 ], "glow": 150 },
								"east": { "texture": "#glass4", "uv": [ 0.0, 0.0, 0.5, 0.5 ], "glow": 150 },
								"south": { "texture": "#glass4", "uv": [ 1.0, 4.5, 4.0, 5.0 ], "glow": 150 },
								"west": { "texture": "#glass4", "uv": [ 1.5, 3.5, 2.0, 4.0 ], "glow": 150 },
								"up": { "texture": "#glass4", "uv": [ 1.5, 6.0, 4.5, 6.5 ], "glow": 150 },
								"down": { "texture": "#glass4", "uv": [ 1.5, 7.5, 4.5, 8.0 ], "glow": 150 }
							}
						},
						{
							"name": "blade26",
							"from": [ 1.5, 0.0, -0.3 ], 
							"to": [ 4.5, 0.2, 0.1 ], 
							"rotationOrigin": [ 1.5, 0.1, 0.2 ],
							"faces": {
								"north": { "texture": "#glass4", "uv": [ 2.0, 6.0, 5.0, 6.5 ], "glow": 150 },
								"east": { "texture": "#glass4", "uv": [ 0.0, 0.0, 0.5, 0.5 ], "glow": 150 },
								"south": { "texture": "#glass4", "uv": [ 1.0, 4.5, 4.0, 5.0 ], "glow": 150 },
								"west": { "texture": "#glass4", "uv": [ 1.5, 3.5, 2.0, 4.0 ], "glow": 150 },
								"up": { "texture": "#glass4", "uv": [ 1.5, 6.0, 4.5, 6.5 ], "glow": 150 },
								"down": { "texture": "#glass4", "uv": [ 1.5, 7.5, 4.5, 8.0 ], "glow": 150 }
							}
						},
						{
							"name": "blade21",
							"from": [ 1.3, 0.0, 0.2 ], 
							"to": [ 5.3, 0.2, 0.8 ], 
							"rotationOrigin": [ 1.3, 0.1, 0.7 ],
							"rotationX": -6.0,
							"faces": {
								"north": { "texture": "#glass4", "uv": [ 2.0, 6.0, 6.0, 6.5 ], "glow": 150 },
								"east": { "texture": "#glass4", "uv": [ 0.0, 0.0, 0.5, 0.5 ], "glow": 150 },
								"south": { "texture": "#glass4", "uv": [ 1.0, 4.5, 5.0, 5.0 ], "glow": 150 },
								"west": { "texture": "#glass4", "uv": [ 1.5, 3.5, 2.0, 4.0 ], "glow": 150 },
								"up": { "texture": "#glass4", "uv": [ 1.5, 6.0, 5.5, 6.5 ], "glow": 150 },
								"down": { "texture": "#glass4", "uv": [ 1.5, 7.5, 5.5, 8.0 ], "glow": 150 }
							}
						},
						{
							"name": "blade14",
							"from": [ 0.2, -0.2, -0.1 ], 
							"to": [ 1.0, 0.4, 1.1 ], 
							"rotationOrigin": [ 0.2, -0.1, 0.4 ],
							"faces": {
								"north": { "texture": "#command01-corner", "uv": [ 3.0, 5.5, 3.5, 6.0 ] },
								"east": { "texture": "#command01-corner", "uv": [ 3.0, 4.5, 4.0, 5.0 ] },
								"south": { "texture": "#command01-corner", "uv": [ 4.0, 4.5, 4.5, 5.0 ] },
								"west": { "texture": "#command01-corner", "uv": [ 3.0, 5.5, 4.0, 6.0 ] },
								"up": { "texture": "#command01-corner", "uv": [ 3.5, 5.0, 4.5, 5.5 ], "rotation": 90 },
								"down": { "texture": "#command01-corner", "uv": [ 3.5, 4.5, 4.0, 5.5 ] }
							},
							"children": [
								{
									"name": "blade15",
									"from": [ 0.8, 0.1, 0.3 ], 
									"to": [ 0.9, 0.5, 0.9 ], 
									"rotationOrigin": [ 0.8, 0.2, 0.8 ],
									"faces": {
										"north": { "texture": "#command01-corner", "uv": [ 4.0, 6.5, 4.5, 7.0 ] },
										"east": { "texture": "#command01-corner", "uv": [ 6.5, 2.5, 7.0, 3.0 ], "glow": 90 },
										"south": { "texture": "#command01-corner", "uv": [ 2.5, 4.5, 3.0, 5.0 ] },
										"west": { "texture": "#command01-corner", "uv": [ 4.0, 2.0, 4.5, 2.5 ] },
										"up": { "texture": "#command01-corner", "uv": [ 2.5, 5.0, 3.0, 5.5 ] },
										"down": { "texture": "#command01-corner", "uv": [ 3.5, 5.0, 4.0, 5.5 ] }
									}
								},
								{
									"name": "blade44",
									"from": [ -1.0, 0.1, 0.0 ], 
									"to": [ -0.2, 0.5, 1.2 ], 
									"rotationOrigin": [ -1.0, 0.1, 0.5 ],
									"faces": {
										"north": { "texture": "#command01-corner", "uv": [ 3.0, 5.5, 3.5, 6.0 ] },
										"east": { "texture": "#command01-corner", "uv": [ 3.0, 4.5, 4.0, 5.0 ] },
										"south": { "texture": "#command01-corner", "uv": [ 4.0, 4.5, 4.5, 5.0 ] },
										"west": { "texture": "#command01-corner", "uv": [ 3.0, 5.5, 4.0, 6.0 ] },
										"up": { "texture": "#command01-corner", "uv": [ 3.5, 5.0, 4.5, 5.5 ], "rotation": 90 },
										"down": { "texture": "#command01-corner", "uv": [ 3.5, 4.5, 4.0, 5.5 ] }
									}
								}
							]
						},
						{
							"name": "blade43",
							"from": [ 5.5, 0.0, 0.2 ], 
							"to": [ 9.5, 0.2, 0.8 ], 
							"rotationOrigin": [ 5.5, 0.1, 0.7 ],
							"rotationX": -6.0,
							"faces": {
								"north": { "texture": "#glass4", "uv": [ 2.0, 6.0, 6.0, 6.5 ], "glow": 150 },
								"east": { "texture": "#glass4", "uv": [ 0.0, 0.0, 0.5, 0.5 ], "glow": 150 },
								"south": { "texture": "#glass4", "uv": [ 1.0, 4.5, 5.0, 5.0 ], "glow": 150 },
								"west": { "texture": "#glass4", "uv": [ 1.5, 3.5, 2.0, 4.0 ], "glow": 150 },
								"up": { "texture": "#glass4", "uv": [ 1.5, 6.0, 5.5, 6.5 ], "glow": 150 },
								"down": { "texture": "#glass4", "uv": [ 1.5, 7.5, 5.5, 8.0 ], "glow": 150 }
							}
						},
						{
							"name": "blade45",
							"from": [ 9.7, 0.0, 0.2 ], 
							"to": [ 13.7, 0.2, 0.8 ], 
							"rotationOrigin": [ 9.7, 0.1, 0.7 ],
							"rotationX": -6.0,
							"faces": {
								"north": { "texture": "#glass4", "uv": [ 2.0, 6.0, 6.0, 6.5 ], "glow": 150 },
								"east": { "texture": "#glass4", "uv": [ 0.0, 0.0, 0.5, 0.5 ], "glow": 150 },
								"south": { "texture": "#glass4", "uv": [ 1.0, 4.5, 5.0, 5.0 ], "glow": 150 },
								"west": { "texture": "#glass4", "uv": [ 1.5, 3.5, 2.0, 4.0 ], "glow": 150 },
								"up": { "texture": "#glass4", "uv": [ 1.5, 6.0, 5.5, 6.5 ], "glow": 150 },
								"down": { "texture": "#glass4", "uv": [ 1.5, 7.5, 5.5, 8.0 ], "glow": 150 }
							}
						},
						{
							"name": "blade23",
							"from": [ 4.6, 0.0, 0.9 ], 
							"to": [ 7.6, 0.2, 1.3 ], 
							"rotationOrigin": [ 4.1, 0.1, 1.4 ],
							"faces": {
								"north": { "texture": "#glass4", "uv": [ 2.0, 6.0, 5.0, 6.5 ], "glow": 150 },
								"east": { "texture": "#glass4", "uv": [ 0.0, 0.0, 0.5, 0.5 ], "glow": 150 },
								"south": { "texture": "#glass4", "uv": [ 1.0, 4.5, 4.0, 5.0 ], "glow": 150 },
								"west": { "texture": "#glass4", "uv": [ 1.5, 3.5, 2.0, 4.0 ], "glow": 150 },
								"up": { "texture": "#glass4", "uv": [ 1.5, 6.0, 4.5, 6.5 ], "glow": 150 },
								"down": { "texture": "#glass4", "uv": [ 1.5, 7.5, 4.5, 8.0 ], "glow": 150 }
							}
						},
						{
							"name": "blade24",
							"from": [ 4.6, 0.0, -0.3 ], 
							"to": [ 7.6, 0.2, 0.1 ], 
							"rotationOrigin": [ 4.6, 0.1, 0.2 ],
							"faces": {
								"north": { "texture": "#glass4", "uv": [ 2.0, 6.0, 5.0, 6.5 ], "glow": 150 },
								"east": { "texture": "#glass4", "uv": [ 0.0, 0.0, 0.5, 0.5 ], "glow": 150 },
								"south": { "texture": "#glass4", "uv": [ 1.0, 4.5, 4.0, 5.0 ], "glow": 150 },
								"west": { "texture": "#glass4", "uv": [ 1.5, 3.5, 2.0, 4.0 ], "glow": 150 },
								"up": { "texture": "#glass4", "uv": [ 1.5, 6.0, 4.5, 6.5 ], "glow": 150 },
								"down": { "texture": "#glass4", "uv": [ 1.5, 7.5, 4.5, 8.0 ], "glow": 150 }
							}
						},
						{
							"name": "blade25",
							"from": [ 7.7, 0.0, -0.3 ], 
							"to": [ 10.7, 0.2, 0.1 ], 
							"rotationOrigin": [ 7.7, 0.1, 0.2 ],
							"faces": {
								"north": { "texture": "#glass4", "uv": [ 2.0, 6.0, 5.0, 6.5 ], "glow": 150 },
								"east": { "texture": "#glass4", "uv": [ 0.0, 0.0, 0.5, 0.5 ], "glow": 150 },
								"south": { "texture": "#glass4", "uv": [ 1.0, 4.5, 4.0, 5.0 ], "glow": 150 },
								"west": { "texture": "#glass4", "uv": [ 1.5, 3.5, 2.0, 4.0 ], "glow": 150 },
								"up": { "texture": "#glass4", "uv": [ 1.5, 6.0, 4.5, 6.5 ], "glow": 150 },
								"down": { "texture": "#glass4", "uv": [ 1.5, 7.5, 4.5, 8.0 ], "glow": 150 }
							}
						},
						{
							"name": "blade27",
							"from": [ 10.8, 0.0, -0.3 ], 
							"to": [ 13.3, 0.2, 0.1 ], 
							"rotationOrigin": [ 10.8, 0.1, 0.2 ],
							"faces": {
								"north": { "texture": "#glass4", "uv": [ 2.0, 6.0, 4.5, 6.5 ], "glow": 150 },
								"east": { "texture": "#glass4", "uv": [ 0.0, 0.0, 0.5, 0.5 ], "glow": 150 },
								"south": { "texture": "#glass4", "uv": [ 1.0, 4.5, 3.5, 5.0 ], "glow": 150 },
								"west": { "texture": "#glass4", "uv": [ 1.5, 3.5, 2.0, 4.0 ], "glow": 150 },
								"up": { "texture": "#glass4", "uv": [ 1.5, 6.0, 4.0, 6.5 ], "glow": 150 },
								"down": { "texture": "#glass4", "uv": [ 1.5, 7.5, 4.0, 8.0 ], "glow": 150 }
							}
						},
						{
							"name": "blade29",
							"from": [ 7.7, 0.0, 0.9 ], 
							"to": [ 10.7, 0.2, 1.3 ], 
							"rotationOrigin": [ 7.2, 0.1, 1.4 ],
							"faces": {
								"north": { "texture": "#glass4", "uv": [ 2.0, 6.0, 5.0, 6.5 ], "glow": 150 },
								"east": { "texture": "#glass4", "uv": [ 0.0, 0.0, 0.5, 0.5 ], "glow": 150 },
								"south": { "texture": "#glass4", "uv": [ 1.0, 4.5, 4.0, 5.0 ], "glow": 150 },
								"west": { "texture": "#glass4", "uv": [ 1.5, 3.5, 2.0, 4.0 ], "glow": 150 },
								"up": { "texture": "#glass4", "uv": [ 1.5, 6.0, 4.5, 6.5 ], "glow": 150 },
								"down": { "texture": "#glass4", "uv": [ 1.5, 7.5, 4.5, 8.0 ], "glow": 150 }
							}
						},
						{
							"name": "blade30",
							"from": [ 10.8, 0.0, 0.9 ], 
							"to": [ 13.3, 0.2, 1.3 ], 
							"rotationOrigin": [ 10.3, 0.1, 1.4 ],
							"faces": {
								"north": { "texture": "#glass4", "uv": [ 2.0, 6.0, 4.5, 6.5 ], "glow": 150 },
								"east": { "texture": "#glass4", "uv": [ 0.0, 0.0, 0.5, 0.5 ], "glow": 150 },
								"south": { "texture": "#glass4", "uv": [ 1.0, 4.5, 3.5, 5.0 ], "glow": 150 },
								"west": { "texture": "#glass4", "uv": [ 1.5, 3.5, 2.0, 4.0 ], "glow": 150 },
								"up": { "texture": "#glass4", "uv": [ 1.5, 6.0, 4.0, 6.5 ], "glow": 150 },
								"down": { "texture": "#glass4", "uv": [ 1.5, 7.5, 4.0, 8.0 ], "glow": 150 }
							}
						},
						{
							"name": "blade31",
							"from": [ 13.9, 0.0, 0.2 ], 
							"to": [ 15.9, 0.2, 0.8 ], 
							"rotationOrigin": [ 13.9, 0.1, 0.7 ],
							"rotationX": -6.0,
							"faces": {
								"north": { "texture": "#glass4", "uv": [ 2.0, 6.0, 4.0, 6.5 ], "glow": 150 },
								"east": { "texture": "#glass4", "uv": [ 0.0, 0.0, 0.5, 0.5 ], "glow": 150 },
								"south": { "texture": "#glass4", "uv": [ 1.0, 4.5, 3.0, 5.0 ], "glow": 150 },
								"west": { "texture": "#glass4", "uv": [ 1.5, 3.5, 2.0, 4.0 ], "glow": 150 },
								"up": { "texture": "#glass4", "uv": [ 1.5, 6.0, 3.5, 6.5 ], "glow": 150 },
								"down": { "texture": "#glass4", "uv": [ 1.5, 7.5, 3.5, 8.0 ], "glow": 150 }
							}
						},
						{
							"name": "blade32",
							"from": [ 13.4, 0.0, 0.9 ], 
							"to": [ 15.4, 0.2, 1.3 ], 
							"rotationOrigin": [ 12.9, 0.1, 1.4 ],
							"faces": {
								"north": { "texture": "#glass4", "uv": [ 2.0, 6.0, 4.0, 6.5 ], "glow": 150 },
								"east": { "texture": "#glass4", "uv": [ 0.0, 0.0, 0.5, 0.5 ], "glow": 150 },
								"south": { "texture": "#glass4", "uv": [ 1.0, 4.5, 3.0, 5.0 ], "glow": 150 },
								"west": { "texture": "#glass4", "uv": [ 1.5, 3.5, 2.0, 4.0 ], "glow": 150 },
								"up": { "texture": "#glass4", "uv": [ 1.5, 6.0, 3.5, 6.5 ], "glow": 150 },
								"down": { "texture": "#glass4", "uv": [ 1.5, 7.5, 3.5, 8.0 ], "glow": 150 }
							}
						},
						{
							"name": "blade33",
							"from": [ 13.4, 0.0, -0.3 ], 
							"to": [ 15.4, 0.2, 0.1 ], 
							"rotationOrigin": [ 13.4, 0.1, 0.2 ],
							"faces": {
								"north": { "texture": "#glass4", "uv": [ 2.0, 6.0, 4.0, 6.5 ], "glow": 150 },
								"east": { "texture": "#glass4", "uv": [ 0.0, 0.0, 0.5, 0.5 ], "glow": 150 },
								"south": { "texture": "#glass4", "uv": [ 1.0, 4.5, 3.0, 5.0 ], "glow": 150 },
								"west": { "texture": "#glass4", "uv": [ 1.5, 3.5, 2.0, 4.0 ], "glow": 150 },
								"up": { "texture": "#glass4", "uv": [ 1.5, 6.0, 3.5, 6.5 ], "glow": 150 },
								"down": { "texture": "#glass4", "uv": [ 1.5, 7.5, 3.5, 8.0 ], "glow": 150 }
							}
						}
					]
				},
				{
					"name": "hilt",
					"from": [ 7.5, -0.25, 6.6 ], 
					"to": [ 8.3, 0.25, 9.6 ], 
					"rotationOrigin": [ 7.7, 0.0, 6.6 ],
					"faces": {
						"north": { "texture": "#iron", "uv": [ 3.0, 3.5, 3.5, 4.0 ] },
						"east": { "texture": "#iron", "uv": [ 5.0, 9.0, 8.0, 9.5 ] },
						"south": { "texture": "#iron", "uv": [ 3.5, 2.5, 4.0, 3.0 ] },
						"west": { "texture": "#iron", "uv": [ 3.0, 5.0, 6.0, 5.5 ] },
						"up": { "texture": "#iron", "uv": [ 3.5, 3.0, 4.0, 6.0 ] },
						"down": { "texture": "#iron", "uv": [ 3.5, 5.5, 4.0, 8.5 ] }
					},
					"children": [
						{
							"name": "hilt14",
							"from": [ 0.2, 0.03, 2.8 ], 
							"to": [ 0.7, 0.48, 4.6 ], 
							"rotationOrigin": [ 0.4, 0.25, 2.8 ],
							"rotationY": 67.5,
							"faces": {
								"north": { "texture": "#iron", "uv": [ 1.0, 1.0, 1.5, 1.5 ] },
								"east": { "texture": "#iron", "uv": [ 3.0, 0.0, 4.5, 0.5 ] },
								"south": { "texture": "#iron", "uv": [ 3.0, 0.5, 3.5, 1.0 ] },
								"west": { "texture": "#iron", "uv": [ 3.0, 0.5, 4.5, 1.0 ] },
								"up": { "texture": "#iron", "uv": [ 3.0, 2.0, 3.5, 3.5 ] },
								"down": { "texture": "#iron", "uv": [ 4.0, 1.0, 4.5, 2.5 ] }
							},
							"children": [
								{
									"name": "Cube1",
									"from": [ -0.1, -0.1, 1.3 ], 
									"to": [ 0.6, 0.6, 1.6 ], 
									"rotationOrigin": [ -0.1, -0.1, 1.3 ],
									"faces": {
										"north": { "texture": "#command01-corner", "uv": [ 6.5, 2.5, 7.0, 3.0 ], "glow": 90 },
										"east": { "texture": "#command01-corner", "uv": [ 6.5, 2.0, 7.0, 2.5 ], "glow": 90 },
										"south": { "texture": "#command01-corner", "uv": [ 5.0, 2.5, 5.5, 3.0 ], "glow": 90 },
										"west": { "texture": "#command01-corner", "uv": [ 6.0, 1.0, 6.5, 1.5 ], "glow": 90 },
										"up": { "texture": "#command01-corner", "uv": [ 6.5, 2.5, 7.0, 3.0 ], "glow": 90 },
										"down": { "texture": "#command01-corner", "uv": [ 6.0, 2.5, 6.5, 3.0 ], "glow": 90 }
									}
								},
								{
									"name": "Cube16",
									"from": [ -0.1, -0.1, 0.8 ], 
									"to": [ 0.6, 0.6, 1.1 ], 
									"rotationOrigin": [ -0.1, -0.1, 0.8 ],
									"faces": {
										"north": { "texture": "#command01-corner", "uv": [ 6.5, 2.0, 7.0, 2.5 ], "glow": 90 },
										"east": { "texture": "#command01-corner", "uv": [ 5.0, 2.5, 5.5, 3.0 ], "glow": 90 },
										"south": { "texture": "#command01-corner", "uv": [ 5.5, 1.0, 6.0, 1.5 ], "glow": 90 },
										"west": { "texture": "#command01-corner", "uv": [ 6.0, 1.0, 6.5, 1.5 ], "glow": 90 },
										"up": { "texture": "#command01-corner", "uv": [ 6.5, 1.0, 7.0, 1.5 ], "glow": 90 },
										"down": { "texture": "#command01-corner", "uv": [ 5.5, 1.0, 6.0, 1.5 ], "glow": 90 }
									}
								}
							]
						},
						{
							"name": "hilt15",
							"from": [ 0.2, 0.03, 0.2 ], 
							"to": [ 0.7, 0.48, 2.0 ], 
							"rotationOrigin": [ 0.4, 0.25, 0.2 ],
							"rotationY": 112.5,
							"rotationZ": -180.0,
							"faces": {
								"north": { "texture": "#iron", "uv": [ 3.5, 4.5, 4.0, 5.0 ] },
								"east": { "texture": "#iron", "uv": [ 3.0, 4.5, 4.5, 5.0 ] },
								"south": { "texture": "#iron", "uv": [ 4.0, 4.5, 4.5, 5.0 ] },
								"west": { "texture": "#iron", "uv": [ 3.5, 6.0, 5.0, 6.5 ] },
								"up": { "texture": "#iron", "uv": [ 4.0, 4.0, 4.5, 5.5 ] },
								"down": { "texture": "#iron", "uv": [ 4.0, 6.5, 4.5, 8.0 ] }
							},
							"children": [
								{
									"name": "Cube17",
									"from": [ -0.1, -0.1, 0.8 ], 
									"to": [ 0.6, 0.6, 1.1 ], 
									"rotationOrigin": [ -0.1, -0.1, 0.8 ],
									"faces": {
										"north": { "texture": "#command01-corner", "uv": [ 5.0, 1.0, 5.5, 1.5 ], "glow": 90 },
										"east": { "texture": "#command01-corner", "uv": [ 5.0, 1.0, 5.5, 1.5 ], "glow": 90 },
										"south": { "texture": "#command01-corner", "uv": [ 5.0, 1.0, 5.5, 1.5 ], "glow": 90 },
										"west": { "texture": "#command01-corner", "uv": [ 5.0, 1.5, 5.5, 2.0 ], "glow": 90 },
										"up": { "texture": "#command01-corner", "uv": [ 6.5, 2.5, 7.0, 3.0 ], "glow": 90 },
										"down": { "texture": "#command01-corner", "uv": [ 5.5, 1.0, 6.0, 1.5 ], "glow": 90 }
									}
								},
								{
									"name": "Cube18",
									"from": [ -0.1, -0.1, 1.3 ], 
									"to": [ 0.6, 0.6, 1.6 ], 
									"rotationOrigin": [ -0.1, -0.1, 1.3 ],
									"faces": {
										"north": { "texture": "#command01-corner", "uv": [ 5.0, 1.5, 5.5, 2.0 ], "glow": 90 },
										"east": { "texture": "#command01-corner", "uv": [ 5.0, 1.5, 5.5, 2.0 ], "glow": 90 },
										"south": { "texture": "#command01-corner", "uv": [ 5.0, 2.0, 5.5, 2.5 ], "glow": 90 },
										"west": { "texture": "#command01-corner", "uv": [ 6.5, 1.5, 7.0, 2.0 ], "glow": 90 },
										"up": { "texture": "#command01-corner", "uv": [ 6.5, 1.5, 7.0, 2.0 ], "glow": 90 },
										"down": { "texture": "#command01-corner", "uv": [ 6.0, 1.0, 6.5, 1.5 ], "glow": 90 }
									}
								}
							]
						},
						{
							"name": "Cube39",
							"from": [ 0.1, -0.1, 1.0 ], 
							"to": [ 1.1, 0.6, 2.0 ], 
							"rotationOrigin": [ 0.1, -0.1, 1.0 ],
							"faces": {
								"north": { "texture": "#command01-insidealt", "uv": [ 2.0, 2.5, 3.0, 3.0 ], "glow": 60 },
								"east": { "texture": "#command01-insidealt", "uv": [ 2.0, 2.5, 3.0, 3.0 ], "glow": 60 },
								"south": { "texture": "#command01-insidealt", "uv": [ 2.0, 1.5, 3.0, 2.0 ], "glow": 60 },
								"west": { "texture": "#command01-insidealt", "uv": [ 2.0, 2.0, 3.0, 2.5 ], "glow": 60 },
								"up": { "texture": "#command01-insidealt", "uv": [ 4.0, 3.0, 5.0, 4.0 ], "glow": 60 },
								"down": { "texture": "#command01-insidealt", "uv": [ 4.0, 3.0, 5.0, 4.0 ], "glow": 60 }
							}
						}
					]
				},
				{
					"name": "wrap10",
					"from": [ 3.0, -0.4, 7.7 ], 
					"to": [ 6.5, 0.4, 8.5 ], 
					"rotationOrigin": [ 3.3, -0.4, 7.7 ],
					"faces": {
						"north": { "texture": "#bottom", "uv": [ 3.5, 14.5, 7.0, 15.0 ] },
						"east": { "texture": "#bottom", "uv": [ 4.0, 10.0, 4.5, 10.5 ] },
						"south": { "texture": "#bottom", "uv": [ 5.5, 10.5, 9.0, 11.0 ] },
						"west": { "texture": "#bottom", "uv": [ 4.5, 9.5, 5.0, 10.0 ] },
						"up": { "texture": "#bottom", "uv": [ 6.5, 14.5, 10.0, 15.0 ] },
						"down": { "texture": "#bottom", "uv": [ 4.5, 9.5, 8.0, 10.0 ] }
					}
				}
			]
		}
	]}