{
	"editor": {
		"allAngles": false,
		"entityTextureMode": false
	},
	"textureWidth": 16,
	"textureHeight": 16,
	"textureSizes": {
	},
	"textures": {
		"command01-corner": "game:block/meta/command01-corner"
	},
	"elements": [
		{
			"name": "Cube1",
			"from": [ 6.0, 0.0, 6.0 ], 
			"to": [ 10.0, 6.0, 10.0 ], 
			"rotationOrigin": [ 6.0, 0.0, 6.0 ],
			"faces": {
				"north": { "texture": "#command01-corner", "uv": [ 0.0, 0.0, 4.0, 6.0 ] },
				"east": { "texture": "#command01-corner", "uv": [ 12.0, 0.0, 16.0, 6.0 ] },
				"south": { "texture": "#command01-corner", "uv": [ 0.0, 0.0, 4.0, 6.0 ] },
				"west": { "texture": "#command01-corner", "uv": [ 4.0, 0.0, 8.0, 6.0 ] },
				"up": { "texture": "#command01-corner", "uv": [ 4.0, 0.0, 8.0, 4.0 ] },
				"down": { "texture": "#command01-corner", "uv": [ 8.0, 0.0, 12.0, 4.0 ] }
			}
		},
		{
			"name": "Cube2",
			"from": [ 7.5, 6.0, 7.5 ], 
			"to": [ 8.5, 8.0, 8.5 ], 
			"rotationOrigin": [ 7.5, 6.0, 7.5 ],
			"faces": {
				"north": { "texture": "#command01-corner", "uv": [ 0.0, 0.0, 1.0, 2.0 ] },
				"east": { "texture": "#command01-corner", "uv": [ 0.0, 0.0, 1.0, 2.0 ] },
				"south": { "texture": "#command01-corner", "uv": [ 0.0, 0.0, 1.0, 2.0 ] },
				"west": { "texture": "#command01-corner", "uv": [ 0.0, 0.0, 1.0, 2.0 ] },
				"up": { "texture": "#command01-corner", "uv": [ 4.0, 0.0, 5.0, 1.0 ] },
				"down": { "texture": "#command01-corner", "uv": [ 0.0, 0.0, 1.0, 1.0 ] }
			}
		},
		{
			"name": "Cube3",
			"from": [ 7.5, 8.0, 7.5 ], 
			"to": [ 8.5, 9.0, 8.5 ], 
			"rotationOrigin": [ 7.5, 8.0, 7.5 ],
			"faces": {
				"north": { "texture": "#command01-corner", "uv": [ 6.0, 2.0, 7.0, 3.0 ] },
				"east": { "texture": "#command01-corner", "uv": [ 6.0, 2.0, 7.0, 3.0 ] },
				"south": { "texture": "#command01-corner", "uv": [ 5.0, 1.0, 6.0, 2.0 ] },
				"west": { "texture": "#command01-corner", "uv": [ 5.0, 2.0, 6.0, 3.0 ] },
				"up": { "texture": "#command01-corner", "uv": [ 5.0, 1.0, 6.0, 2.0 ] },
				"down": { "texture": "#command01-corner", "uv": [ 6.0, 2.0, 7.0, 3.0 ] }
			}
		}
	]}