{
	"editor": {
		"allAngles": false,
		"entityTextureMode": false
	},
	"textureWidth": 16,
	"textureHeight": 16,
	"textureSizes": {
	},
	"textures": {
		"iron": "game:item/resource/plate/iron",
		"copper": "game:item/resource/plate/copper",
		"zinc": "game:item/resource/plate/zinc"
	},
	"elements": [
		{
			"name": "Cube1",
			"from": [ 6.5, 0.0, 6.5 ], 
			"to": [ 9.5, 4.0, 9.5 ], 
			"rotationOrigin": [ 6.5, 0.0, 6.5 ],
			"faces": {
				"north": { "texture": "#iron", "uv": [ 0.0, 0.0, 3.0, 4.0 ] },
				"east": { "texture": "#iron", "uv": [ 0.0, 0.0, 3.0, 4.0 ] },
				"south": { "texture": "#iron", "uv": [ 0.0, 0.0, 3.0, 4.0 ] },
				"west": { "texture": "#iron", "uv": [ 0.0, 0.0, 3.0, 4.0 ] },
				"up": { "texture": "#iron", "uv": [ 0.0, 0.0, 3.0, 3.0 ] },
				"down": { "texture": "#iron", "uv": [ 0.0, 0.0, 3.0, 3.0 ] }
			},
			"children": [
				{
					"name": "Cube2",
					"from": [ 0.5, 4.0, 1.0 ], 
					"to": [ 1.0, 4.8, 2.0 ], 
					"rotationOrigin": [ 0.5, 4.0, 1.0 ],
					"faces": {
						"north": { "texture": "#copper", "uv": [ 0.0, 0.0, 0.5, 0.5 ] },
						"east": { "texture": "#copper", "uv": [ 0.0, 0.0, 1.0, 0.5 ] },
						"south": { "texture": "#copper", "uv": [ 0.0, 0.0, 0.5, 0.5 ] },
						"west": { "texture": "#copper", "uv": [ 0.0, 0.0, 1.0, 0.5 ] },
						"up": { "texture": "#copper", "uv": [ 0.0, 0.0, 0.5, 1.0 ] },
						"down": { "texture": "#copper", "uv": [ 0.0, 0.0, 0.5, 1.0 ] }
					}
				},
				{
					"name": "Cube3",
					"from": [ 2.0, 4.0, 1.0 ], 
					"to": [ 2.5, 4.8, 2.0 ], 
					"rotationOrigin": [ 2.0, 4.0, 1.0 ],
					"faces": {
						"north": { "texture": "#copper", "uv": [ 0.0, 0.0, 0.5, 0.5 ] },
						"east": { "texture": "#copper", "uv": [ 0.0, 0.0, 1.0, 0.5 ] },
						"south": { "texture": "#copper", "uv": [ 0.0, 0.0, 0.5, 0.5 ] },
						"west": { "texture": "#copper", "uv": [ 0.0, 0.0, 1.0, 0.5 ] },
						"up": { "texture": "#copper", "uv": [ 0.0, 0.0, 0.5, 1.0 ] },
						"down": { "texture": "#copper", "uv": [ 0.0, 0.0, 0.5, 1.0 ] }
					}
				},
				{
					"name": "Cube4",
					"from": [ -0.1, 0.5, -0.1 ], 
					"to": [ 3.1, 3.5, 3.1 ], 
					"rotationOrigin": [ -0.1, 0.5, -0.1 ],
					"faces": {
						"north": { "texture": "#zinc", "uv": [ 0.0, 0.0, 3.0, 3.0 ] },
						"east": { "texture": "#zinc", "uv": [ 0.0, 0.0, 3.0, 3.0 ] },
						"south": { "texture": "#zinc", "uv": [ 0.0, 0.0, 3.0, 3.0 ] },
						"west": { "texture": "#zinc", "uv": [ 0.0, 0.0, 3.0, 3.0 ] },
						"up": { "texture": "#zinc", "uv": [ 0.0, 0.0, 3.0, 3.0 ] },
						"down": { "texture": "#zinc", "uv": [ 0.0, 0.0, 3.0, 3.0 ] }
					}
				}
			]
		}
	]}