{
	"editor": {
		"allAngles": true,
		"entityTextureMode": false
	},
	"textureWidth": 16,
	"textureHeight": 16,
	"textureSizes": {
	},
	"textures": {
	},
	"elements": [
		{
			"name": "_origin",
			"from": [ 6.55, -0.5, 6.65 ], 
			"to": [ 6.55, -0.5, 6.65 ], 
			"rotationOrigin": [ 8.0, 0.0, 8.0 ],
			"faces": {
				"north": { "texture": "#default", "uv": [ 6.0, 6.0, 6.0, 6.0 ], "enabled": false },
				"east": { "texture": "#default", "uv": [ 8.0, 8.0, 8.0, 8.0 ], "enabled": false },
				"south": { "texture": "#default", "uv": [ 5.0, 8.0, 5.0, 8.0 ], "enabled": false },
				"west": { "texture": "#default", "uv": [ 7.0, 7.0, 7.0, 7.0 ], "enabled": false },
				"up": { "texture": "#default", "uv": [ 0.0, 12.0, 0.0, 12.0 ], "enabled": false },
				"down": { "texture": "#default", "uv": [ 5.0, 6.0, 5.0, 6.0 ], "enabled": false }
			},
			"children": [
				{
					"name": "Cube1",
					"from": [ 0.7, 0.5, 0.6 ], 
					"to": [ 2.1, 1.3, 2.1 ], 
					"faces": {
						"north": { "texture": "#rustyglow-solid", "uv": [ 4.0, 2.5, 5.0, 3.0 ] },
						"east": { "texture": "#rustyglow-solid", "uv": [ 6.5, 6.5, 8.0, 7.0 ] },
						"south": { "texture": "#rustyglow-solid", "uv": [ 3.5, 5.5, 4.5, 6.0 ] },
						"west": { "texture": "#rustyglow-solid", "uv": [ 3.5, 6.0, 5.0, 6.5 ] },
						"up": { "texture": "#rustyglow-solid", "uv": [ 4.0, 5.5, 5.0, 7.0 ] },
						"down": { "texture": "#rustyglow-solid", "uv": [ 5.0, 5.0, 6.0, 6.5 ] }
					}
				},
				{
					"name": "Cube5",
					"from": [ 1.2, 0.4, 1.2 ], 
					"to": [ 2.1, 1.1, 2.1 ], 
					"rotationOrigin": [ 0.0, 0.0, 0.0 ],
					"rotationY": 22.5,
					"rotationZ": 22.5,
					"faces": {
						"north": { "texture": "#rustyglow-faded", "uv": [ 11.0, 5.5, 11.5, 6.0 ] },
						"east": { "texture": "#rustyglow-faded", "uv": [ 10.0, 5.0, 10.5, 5.5 ] },
						"south": { "texture": "#rustyglow-faded", "uv": [ 6.5, 7.0, 7.0, 7.5 ] },
						"west": { "texture": "#rustyglow-faded", "uv": [ 10.5, 3.0, 11.0, 3.5 ] },
						"up": { "texture": "#rustyglow-faded", "uv": [ 2.0, 3.5, 2.5, 4.0 ] },
						"down": { "texture": "#rustyglow-faded", "uv": [ 1.5, 4.5, 2.0, 5.0 ] }
					}
				},
				{
					"name": "Cube6",
					"from": [ 1.3, 0.7, 0.8 ], 
					"to": [ 2.2, 1.4, 1.7 ], 
					"rotationOrigin": [ 0.0, 0.0, 0.0 ],
					"rotationY": -19.0,
					"rotationZ": 8.0,
					"faces": {
						"north": { "texture": "#rust-solid", "uv": [ 7.0, 8.5, 7.5, 9.0 ] },
						"east": { "texture": "#rust-solid", "uv": [ 5.0, 7.0, 5.5, 7.5 ] },
						"south": { "texture": "#rust-solid", "uv": [ 5.0, 8.5, 5.5, 9.0 ] },
						"west": { "texture": "#rust-solid", "uv": [ 6.5, 8.5, 7.0, 9.0 ] },
						"up": { "texture": "#rust-solid", "uv": [ 8.0, 13.0, 8.5, 13.5 ] },
						"down": { "texture": "#rust-solid", "uv": [ 5.0, 7.5, 5.5, 8.0 ] }
					}
				},
				{
					"name": "Cube7",
					"from": [ 0.6, 0.8, 0.1 ], 
					"to": [ 1.7, 1.3, 1.0 ], 
					"rotationOrigin": [ 0.0, 0.0, -0.1 ],
					"rotationY": -22.0,
					"rotationZ": -8.0,
					"faces": {
						"north": { "texture": "#rust-faded", "uv": [ 0.0, 0.0, 1.0, 0.5 ] },
						"east": { "texture": "#rust-faded", "uv": [ 7.0, 4.5, 7.5, 5.0 ] },
						"south": { "texture": "#rust-faded", "uv": [ 6.0, 6.0, 7.0, 6.5 ] },
						"west": { "texture": "#rust-faded", "uv": [ 6.0, 7.0, 6.5, 7.5 ] },
						"up": { "texture": "#rust-faded", "uv": [ 6.5, 7.5, 7.5, 8.0 ] },
						"down": { "texture": "#rust-faded", "uv": [ 5.0, 4.5, 6.0, 5.0 ] }
					}
				},
				{
					"name": "Cube8",
					"from": [ 1.1004, 0.8, 2.4481 ], 
					"to": [ 2.3004, 1.3, 3.3481 ], 
					"rotationOrigin": [ 0.5004, 0.0, 2.2481 ],
					"rotationY": 55.999994318267845,
					"rotationZ": -7.999999746010895,
					"faces": {
						"north": { "texture": "#rust-faded", "uv": [ 0.0, 0.0, 1.0, 0.5 ] },
						"east": { "texture": "#rust-faded", "uv": [ 7.0, 4.5, 7.5, 5.0 ] },
						"south": { "texture": "#rust-faded", "uv": [ 6.0, 6.0, 7.0, 6.5 ] },
						"west": { "texture": "#rust-faded", "uv": [ 6.0, 7.0, 6.5, 7.5 ] },
						"up": { "texture": "#rust-faded", "uv": [ 6.5, 7.5, 7.5, 8.0 ] },
						"down": { "texture": "#rust-faded", "uv": [ 5.0, 4.5, 6.0, 5.0 ] }
					}
				}
			]
		}
	]}