{
    "code": "oneroof",
    "class": "oneroof",
    "entityclass": "oneroof",

    "attributes": {
        "slopesByType": {
            "*clay-*": [ 1, 2, 3, 4, 5 ],
            "*-thatch-*":  [ 1 , 2 , 3 ]
        }
    },

    "variantgroups": [
        {
            "code": "material",
            "states": [ "fireclay", "blueclay", "redclay", "brownclay" ]
        },
        {
            "code": "cover",
            "states": [ "free", "snow" ]
        }
    ],
    "shapeByType": {
        "*clay-*": {
            "base": "block/roofing/main/shingles-clay-{cover}"
        },
        "*-thatch-*": {
            "base": "block/roofing/main/thatch-{cover}"
        }
    },
    "shapeInventory": {
        "base": "block/roofing/main/shingles-clay-demo"
    },
    "texturesByType": {
        "*-fireclay-*": {
            "material": { "base": "game:block/clay/shingles/fire" },
            "fill": { "base": "game:block/clay/shingles/fire" }
        },
        "*-blueclay-*": {
            "material": { "base": "game:block/clay/shingles/blue" },
            "fill": { "base": "game:block/clay/shingles/blue" }
        },
        "*-redclay-*": {
            "material": { "base": "game:block/clay/shingles/red" },
            "fill": { "base": "game:block/clay/shingles/blue" }
        },
        "*-brownclay-*": {
            "material": { "base": "game:block/clay/shingles/brown" },
            "fill": { "base": "game:block/clay/shingles/blue" }
        },
        "*-thatch-*": {
            "side": { "base": "block/plant/grassroofing/normal-side" },
            "top": { "base": "block/plant/grassroofing/normal-top" },
            "straw": { "base": "block/plant/grassroofing/straw1" }
        }
    },
    "textures": {
        "snowcover": { "base": "game:block/liquid/snow/normal1" }
    },
    "drawtype": "json",
    "faceCullMode": "NeverCull",
    "renderpass": "OpaqueNoCull",
    "sidesolid": {
        "all": false,
        "down": true
    },
    "sideopaque": { "all": false },
    "blockmaterialByType": {
        "*-fireclay-*": "Ceramic",
        "*-blueclay-*": "Ceramic",
        "*-redclay-*": "Ceramic",
        "*-brownclay-*": "Ceramic"
    },
    "creativeinventory": {
        "general": [ "oneroof-*-free" ],
        "decorative": [ "oneroof-*-free" ]
    },
    "replaceable": 300,
    "resistance": 2,
    "lightAbsorption": 99,
    "emitSideAo": {
        "all": true
    },
    "soundsByType": {
        "*-fireclay-*": {
            "walk": "game:walk/stone",
            "place": "game:block/ceramicplace"
        },
        "*-blueclay-*": {
            "walk": "game:walk/stone",
            "place": "game:block/ceramicplace"
        },
        "*-redclay-*": {
            "walk": "game:walk/stone",
            "place": "game:block/ceramicplace"
        },
        "*-brownclay-*": {
            "walk": "game:walk/stone",
            "place": "game:block/ceramicplace"
        }
    },
    "guiTransformByType": {
        "*": {
            "rotation": {
                "x": -22.6,
                "y": -40,
                "z": 0
            },
            "origin": {
                "x": 0.53,
                "y": 0.55,
                "z": 0.46
            },
            "scale": 0.85
        }
    }
}