{
	"editor": {
		"allAngles": false,
		"singleTexture": false
	},
	"textureWidth": 16,
	"textureHeight": 16,
	"textures": {
		"oak-dark": "block/wood/oak-dark",
		"flammable": "block/wood/torch/flammable"
	},
	"elements": [
		{
			"name": "Origin",
			"from": [ 8.0, 1.0, 16.0 ], 
			"to": [ 8.0, 1.0, 16.0 ], 
			"rotationOrigin": [ 8.0, 1.0, 16.0 ],
			"rotationX": -22.5,
			"faces": {
				"north": { "texture": "#flammable", "uv": [ 0.0, 0.0, 0.5, 0.5 ], "enabled": false },
				"east": { "texture": "#flammable", "uv": [ 0.0, 0.0, 0.5, 0.5 ], "enabled": false },
				"south": { "texture": "#flammable", "uv": [ 0.0, 0.0, 0.5, 0.5 ], "enabled": false },
				"west": { "texture": "#flammable", "uv": [ 0.0, 0.0, 0.5, 0.5 ], "enabled": false },
				"up": { "texture": "#flammable", "uv": [ 0.0, 0.0, 0.5, 0.5 ], "enabled": false },
				"down": { "texture": "#flammable", "uv": [ 0.0, 0.0, 0.5, 0.5 ], "enabled": false }
			},
			"children": [
				{
					"name": "handle 1",
					"from": [ -1.3, 7.0, -1.3 ], 
					"to": [ 1.2, 8.0, 1.2 ], 
					"rotationOrigin": [ -0.3, 7.0, -0.3 ],
					"faces": {
						"north": { "texture": "#oak-dark", "uv": [ 11.0, 1.5, 13.5, 2.5 ] },
						"east": { "texture": "#oak-dark", "uv": [ 11.5, 0.5, 14.0, 1.5 ] },
						"south": { "texture": "#oak-dark", "uv": [ 2.5, 9.0, 5.0, 10.0 ] },
						"west": { "texture": "#oak-dark", "uv": [ 4.5, 3.0, 7.0, 4.0 ] },
						"up": { "texture": "#oak-dark", "uv": [ 0.0, 0.0, 2.5, 2.5 ] },
						"down": { "texture": "#oak-dark", "uv": [ 0.0, 13.5, 2.5, 16.0 ] }
					},
					"children": [
						{
							"name": "Cube9",
							"from": [ 0.0, -4.0, 0.0 ], 
							"to": [ 1.0, 0.0, 1.0 ], 
							"rotationOrigin": [ 0.0, -4.0, 0.0 ],
							"faces": {
								"north": { "texture": "#oak-dark", "uv": [ 10.0, 10.0, 11.0, 14.0 ] },
								"east": { "texture": "#oak-dark", "uv": [ 11.0, 10.5, 12.0, 14.5 ] },
								"south": { "texture": "#oak-dark", "uv": [ 2.5, 0.0, 3.5, 4.0 ] },
								"west": { "texture": "#oak-dark", "uv": [ 2.5, 0.5, 3.5, 4.5 ] },
								"up": { "texture": "#oak-dark", "uv": [ 0.0, 0.0, 1.0, 1.0 ], "enabled": false },
								"down": { "texture": "#oak-dark", "uv": [ 0.0, 0.0, 1.0, 1.0 ] }
							}
						},
						{
							"name": "Cube11",
							"from": [ 0.0, -3.0, 1.5 ], 
							"to": [ 0.5, 0.0, 2.5 ], 
							"rotationOrigin": [ 0.0, -3.0, 1.5 ],
							"faces": {
								"north": { "texture": "#oak-dark", "uv": [ 12.0, 11.5, 12.5, 14.5 ] },
								"east": { "texture": "#oak-dark", "uv": [ 4.5, 0.5, 5.5, 3.5 ] },
								"south": { "texture": "#oak-dark", "uv": [ 7.5, 4.0, 8.0, 7.0 ] },
								"west": { "texture": "#oak-dark", "uv": [ 4.5, 5.0, 5.5, 8.0 ] },
								"up": { "texture": "#oak-dark", "uv": [ 0.0, 0.0, 0.5, 1.0 ], "enabled": false },
								"down": { "texture": "#oak-dark", "uv": [ 0.0, 0.0, 0.5, 1.0 ] }
							}
						},
						{
							"name": "Cube12",
							"from": [ 1.0, -2.0, 1.5 ], 
							"to": [ 2.5, 0.0, 2.5 ], 
							"rotationOrigin": [ 1.0, -2.0, 1.5 ],
							"faces": {
								"north": { "texture": "#oak-dark", "uv": [ 9.0, 10.0, 10.5, 12.0 ] },
								"east": { "texture": "#oak-dark", "uv": [ 11.0, 1.5, 12.0, 3.5 ] },
								"south": { "texture": "#oak-dark", "uv": [ 9.5, 3.0, 11.0, 5.0 ] },
								"west": { "texture": "#oak-dark", "uv": [ 6.5, 0.5, 7.5, 2.5 ] },
								"up": { "texture": "#oak-dark", "uv": [ 0.0, 0.0, 1.5, 1.0 ], "enabled": false },
								"down": { "texture": "#oak-dark", "uv": [ 0.0, 0.0, 1.5, 1.0 ] }
							}
						},
						{
							"name": "Cube13",
							"from": [ 1.0, -3.0, 0.0 ], 
							"to": [ 2.5, 0.0, 0.5 ], 
							"rotationOrigin": [ 1.0, -3.0, 0.0 ],
							"faces": {
								"north": { "texture": "#oak-dark", "uv": [ 11.5, 8.5, 13.0, 11.5 ] },
								"east": { "texture": "#oak-dark", "uv": [ 10.5, 9.5, 11.0, 12.5 ] },
								"south": { "texture": "#oak-dark", "uv": [ 3.5, 5.5, 5.0, 8.5 ] },
								"west": { "texture": "#oak-dark", "uv": [ 2.5, 0.5, 3.0, 3.5 ], "enabled": false },
								"up": { "texture": "#oak-dark", "uv": [ 0.0, 0.0, 1.5, 0.5 ], "enabled": false },
								"down": { "texture": "#oak-dark", "uv": [ 0.0, 0.0, 1.5, 0.5 ] }
							}
						},
						{
							"name": "Cube14",
							"from": [ 0.0, -5.0, 0.0 ], 
							"to": [ 0.5, -4.0, 0.5 ], 
							"rotationOrigin": [ 0.0, -5.0, 0.0 ],
							"faces": {
								"north": { "texture": "#oak-dark", "uv": [ 7.0, 5.0, 7.5, 6.0 ] },
								"east": { "texture": "#oak-dark", "uv": [ 11.5, 14.5, 12.0, 15.5 ] },
								"south": { "texture": "#oak-dark", "uv": [ 13.5, 11.5, 14.0, 12.5 ] },
								"west": { "texture": "#oak-dark", "uv": [ 2.5, 2.0, 3.0, 3.0 ] },
								"up": { "texture": "#oak-dark", "uv": [ 0.0, 0.0, 0.5, 0.5 ], "enabled": false },
								"down": { "texture": "#oak-dark", "uv": [ 0.0, 0.0, 0.5, 0.5 ] }
							}
						}
					]
				},
				{
					"name": "flammable",
					"from": [ -1.4, 5.6, -1.4 ], 
					"to": [ 1.3, 8.1, 1.3 ], 
					"rotationOrigin": [ -1.4, 5.6, -1.4 ],
					"faces": {
						"north": { "texture": "#oak-dark", "uv": [ 1.5, 8.0, 4.0, 10.5 ] },
						"east": { "texture": "#oak-dark", "uv": [ 7.5, 5.5, 10.0, 8.0 ] },
						"south": { "texture": "#oak-dark", "uv": [ 5.5, 12.5, 8.0, 15.0 ] },
						"west": { "texture": "#oak-dark", "uv": [ 6.0, 11.5, 8.5, 14.0 ] },
						"up": { "texture": "#oak-dark", "uv": [ 5.0, 11.5, 7.5, 14.0 ] },
						"down": { "texture": "#oak-dark", "uv": [ 7.0, 4.0, 9.5, 6.5 ] }
					},
					"children": [
						{
							"name": "Cube1",
							"from": [ 0.3, 2.5, 0.2 ], 
							"to": [ 2.3, 3.0, 1.7 ], 
							"rotationOrigin": [ 0.3, 2.5, 0.2 ],
							"faces": {
								"north": { "texture": "#oak-dark", "uv": [ 8.5, 6.0, 9.0, 8.0 ], "rotation": 90 },
								"east": { "texture": "#oak-dark", "uv": [ 5.5, 3.0, 6.0, 4.5 ], "rotation": 90 },
								"south": { "texture": "#oak-dark", "uv": [ 4.5, 13.0, 5.0, 15.0 ], "rotation": 90 },
								"west": { "texture": "#oak-dark", "uv": [ 4.5, 14.0, 5.0, 15.5 ], "rotation": 90 },
								"up": { "texture": "#oak-dark", "uv": [ 7.0, 11.0, 9.0, 12.5 ] },
								"down": { "texture": "#oak-dark", "uv": [ 7.0, 11.0, 9.0, 12.5 ], "enabled": false }
							}
						},
						{
							"name": "Cube15",
							"from": [ 0.5, 2.5, 1.5 ], 
							"to": [ 2.5, 3.5, 2.5 ], 
							"rotationOrigin": [ 0.5, 2.5, 1.5 ],
							"faces": {
								"north": { "texture": "#oak-dark", "uv": [ 8.0, 7.0, 9.0, 9.0 ], "rotation": 90 },
								"east": { "texture": "#oak-dark", "uv": [ 8.0, 6.0, 9.0, 7.0 ] },
								"south": { "texture": "#oak-dark", "uv": [ 4.5, 12.5, 6.5, 13.5 ] },
								"west": { "texture": "#oak-dark", "uv": [ 5.5, 13.0, 6.5, 14.0 ] },
								"up": { "texture": "#oak-dark", "uv": [ 6.0, 11.5, 8.0, 12.5 ] },
								"down": { "texture": "#oak-dark", "uv": [ 0.0, 0.0, 2.0, 1.0 ], "enabled": false }
							}
						}
					]
				},
				{
					"name": "handle 2",
					"from": [ -1.0, 0.0, -1.0 ], 
					"to": [ 1.0, 7.0, 1.0 ], 
					"rotationOrigin": [ -1.0, 0.0, -1.0 ],
					"faces": {
						"north": { "texture": "#oak-dark", "uv": [ 12.0, 3.5, 14.0, 10.5 ] },
						"east": { "texture": "#oak-dark", "uv": [ 11.0, 8.5, 13.0, 15.5 ] },
						"south": { "texture": "#oak-dark", "uv": [ 13.5, 0.5, 15.5, 7.5 ] },
						"west": { "texture": "#oak-dark", "uv": [ 10.5, 8.5, 12.5, 15.5 ] },
						"up": { "texture": "#oak-dark", "uv": [ 0.0, 0.0, 2.0, 2.0 ], "enabled": false },
						"down": { "texture": "#oak-dark", "uv": [ 12.0, 3.5, 14.0, 5.5 ] }
					}
				}
			]
		}
	]}